disturbance_type,event_id,disturbance_year,observation_year,years_since_disturbance,supported_site_reference_pairs,blue_gap_median,blue_gap_mean,blue_gap_sd,dist_blue_median,ref_blue_median,green_gap_median,green_gap_mean,green_gap_sd,dist_green_median,ref_green_median,red_gap_median,red_gap_mean,red_gap_sd,dist_red_median,ref_red_median,nir_gap_median,nir_gap_mean,nir_gap_sd,dist_nir_median,ref_nir_median,swir1_gap_median,swir1_gap_mean,swir1_gap_sd,dist_swir1_median,ref_swir1_median,swir2_gap_median,swir2_gap_mean,swir2_gap_sd,dist_swir2_median,ref_swir2_median,nbr_gap_median,nbr_gap_mean,nbr_gap_sd,dist_nbr_median,ref_nbr_median,ndvi_gap_median,ndvi_gap_mean,ndvi_gap_sd,dist_ndvi_median,ref_ndvi_median
fire_total,fire_20021080304_2002,2002,1999,-3,7,0.000687,0.000081,0.003037,0.020962,0.020413,-0.002035,0.000593,0.007106,0.033695,0.030450,-0.000083,-0.000167,0.007070,0.022145,0.019037,0.031460,0.038361,0.036775,0.174550,0.202105,0.016143,0.019409,0.027329,0.076595,0.100809,0.000000,0.005628,0.014741,0.032018,0.036610,0.017871,0.007853,0.064715,0.714946,0.712479,0.042378,0.041295,0.024017,0.790252,0.828802
fire_total,fire_20021080304_2002,2002,2000,-2,5,-0.001829,-0.001876,0.002403,0.017635,0.015765,-0.005280,-0.002085,0.006547,0.037201,0.032512,-0.001952,-0.000781,0.003924,0.021141,0.019588,0.032574,0.038000,0.035312,0.181906,0.206203,0.007741,0.014569,0.028032,0.077626,0.089506,0.001210,0.005445,0.014182,0.035950,0.038123,0.041675,0.018207,0.058837,0.687004,0.707387,0.029699,0.039305,0.021450,0.785647,0.837796
fire_total,fire_20021080304_2002,2002,2001,-1,7,0.000894,0.002693,0.006365,0.018625,0.019753,-0.000165,0.001715,0.007054,0.032512,0.032691,-0.001279,0.000293,0.004421,0.022447,0.020632,0.060761,0.051199,0.031120,0.168074,0.222579,0.032876,0.029044,0.027398,0.074450,0.106996,0.008195,0.010696,0.010083,0.032306,0.042110,0.006804,-0.007381,0.052371,0.682360,0.679467,0.047659,0.038894,0.033039,0.770271,0.818743
fire_total,fire_20021080304_2002,2002,2002,0,7,0.002103,0.002842,0.004023,0.018831,0.021622,0.006724,0.006759,0.004919,0.029694,0.033750,-0.010835,-0.012100,0.007521,0.033722,0.020413,0.117535,0.126755,0.026410,0.108811,0.211510,0.004730,-0.005317,0.023998,0.104054,0.105388,-0.027844,-0.035328,0.020143,0.073171,0.045314,0.561455,0.565890,0.154667,0.125068,0.682845,0.335827,0.327381,0.092449,0.504346,0.834580
fire_total,fire_20021080304_2002,2002,2003,1,6,-0.001519,-0.001813,0.001898,0.029955,0.029282,0.001712,0.001661,0.006077,0.039428,0.040652,-0.013509,-0.013418,0.002832,0.040082,0.024248,0.092572,0.108013,0.032087,0.108055,0.219244,-0.049541,-0.048980,0.023332,0.147036,0.096361,-0.068159,-0.066892,0.014976,0.106213,0.037600,0.643669,0.668547,0.139318,0.026990,0.710936,0.329668,0.342609,0.095937,0.438980,0.778702
fire_total,fire_20021080304_2002,2002,2004,2,7,-0.011275,-0.007223,0.008762,0.032760,0.023877,-0.004648,-0.001261,0.010360,0.042302,0.039882,-0.014547,-0.014783,0.007368,0.042742,0.026243,0.074718,0.085824,0.061602,0.121997,0.207797,-0.069246,-0.060850,0.020870,0.153018,0.088200,-0.062370,-0.065874,0.019161,0.104810,0.038975,0.582613,0.624920,0.190597,0.145850,0.698077,0.203278,0.272479,0.135493,0.581540,0.797629
fire_total,fire_20021080304_2002,2002,2005,3,4,-0.003651,-0.003228,0.002882,0.028539,0.026125,-0.000364,0.000038,0.009163,0.044434,0.044159,-0.011261,-0.010618,0.005773,0.043086,0.031068,0.100135,0.100021,0.080634,0.137473,0.237608,-0.048393,-0.052133,0.022151,0.167139,0.106384,-0.065202,-0.059802,0.020148,0.112097,0.048600,0.533735,0.521329,0.225732,0.166999,0.678395,0.223937,0.231399,0.145406,0.546419,0.768415
fire_total,fire_20021080304_2002,2002,2006,4,6,-0.008216,-0.007581,0.004508,0.026772,0.018673,-0.005589,-0.002722,0.011140,0.039277,0.035255,-0.011750,-0.011158,0.006729,0.035180,0.023369,0.044441,0.060674,0.083556,0.155465,0.228753,-0.059943,-0.060516,0.045171,0.170687,0.104432,-0.056561,-0.057823,0.022618,0.102280,0.042371,0.470266,0.453614,0.159834,0.251197,0.721463,0.128360,0.159353,0.096704,0.648516,0.805451
fire_total,fire_20021080304_2002,2002,2007,5,7,-0.007081,-0.005117,0.004883,0.030752,0.025638,-0.010739,-0.005879,0.009153,0.049590,0.042082,-0.011880,-0.011175,0.005956,0.039910,0.028002,0.027143,0.033996,0.057726,0.196082,0.215855,-0.082417,-0.072301,0.028681,0.183350,0.106405,-0.063044,-0.062008,0.016435,0.101840,0.045080,0.319017,0.369651,0.123725,0.359406,0.671110,0.103921,0.121417,0.077711,0.657918,0.759431
fire_total,fire_20021080304_2002,2002,2008,6,6,-0.009378,-0.009696,0.002742,0.026731,0.016830,-0.012664,-0.009824,0.006390,0.044413,0.032767,-0.015475,-0.016236,0.004980,0.036651,0.018577,0.007507,0.023684,0.055320,0.203556,0.234308,-0.071837,-0.077135,0.028082,0.183591,0.101098,-0.059813,-0.061657,0.016472,0.105098,0.040962,0.356470,0.362438,0.120058,0.349322,0.697222,0.132661,0.155911,0.061383,0.678187,0.838237
fire_total,fire_20021080304_2002,2002,2010,8,1,-0.005088,-0.005088,,0.024400,0.019312,-0.007879,-0.007879,,0.040983,0.033104,-0.009762,-0.009762,,0.033007,0.023245,-0.009914,-0.009914,,0.225755,0.215841,-0.082830,-0.082830,,0.183185,0.100355,-0.056719,-0.056719,,0.097743,0.041024,0.284478,0.284478,,0.395739,0.680217,0.063912,0.063912,,0.744393,0.808305
fire_total,fire_20021080304_2002,2002,2011,9,6,-0.007920,-0.009043,0.007999,0.031406,0.023121,-0.010966,-0.010338,0.008754,0.052237,0.038583,-0.019731,-0.019103,0.008967,0.044110,0.024379,-0.016047,-0.001536,0.056689,0.230368,0.216900,-0.085546,-0.088211,0.033373,0.205605,0.111513,-0.064089,-0.064529,0.025406,0.115376,0.046537,0.296202,0.297790,0.140153,0.360271,0.655886,0.083856,0.119226,0.086842,0.681844,0.793216
fire_total,fire_20021080304_2002,2002,2012,10,1,-0.023513,-0.023513,,0.047500,0.023987,-0.034512,-0.034512,,0.066805,0.032293,-0.038995,-0.038995,,0.061635,0.022640,-0.083958,-0.083958,,0.292580,0.208622,-0.157025,-0.157025,,0.245720,0.088695,-0.109230,-0.109230,,0.142485,0.033255,0.380032,0.380032,,0.344994,0.725026,0.152214,0.152214,,0.651991,0.804205
fire_total,fire_20021080304_2002,2002,2013,11,7,-0.015400,-0.016637,0.005443,0.035043,0.018707,-0.020996,-0.020149,0.010977,0.057249,0.037944,-0.024022,-0.021990,0.008168,0.041959,0.020289,-0.007329,0.000904,0.056561,0.238900,0.223115,-0.074635,-0.072751,0.032827,0.191902,0.108055,-0.056196,-0.051739,0.022552,0.100355,0.048614,0.195210,0.234270,0.099920,0.469038,0.670614,0.128246,0.132133,0.064787,0.724527,0.845907
fire_total,fire_20021080304_2002,2002,2014,12,7,-0.015125,-0.015013,0.007510,0.041175,0.025376,-0.017917,-0.016520,0.011052,0.058294,0.042701,-0.019181,-0.020130,0.010592,0.044585,0.025404,-0.033468,-0.029838,0.050702,0.272147,0.229632,-0.078127,-0.083042,0.028355,0.195835,0.113624,-0.053583,-0.050926,0.016900,0.092297,0.048889,0.194683,0.196345,0.072876,0.501431,0.682466,0.064433,0.083745,0.075019,0.728547,0.802261
fire_total,fire_20021080304_2002,2002,2015,13,7,-0.014232,-0.014100,0.004477,0.035785,0.022448,-0.014177,-0.016265,0.005562,0.051364,0.036830,-0.014630,-0.014304,0.004502,0.042261,0.026902,-0.054106,-0.034923,0.044000,0.259498,0.212418,-0.058808,-0.064729,0.019807,0.173464,0.095625,-0.042736,-0.041619,0.010077,0.087512,0.041574,0.168757,0.167873,0.048867,0.502408,0.677888,0.056890,0.059708,0.051177,0.731519,0.792875
fire_total,fire_20021080304_2002,2002,2016,14,7,-0.015565,-0.015781,0.005808,0.037215,0.021403,-0.027060,-0.025023,0.008257,0.064055,0.037407,-0.019139,-0.019874,0.006633,0.042247,0.023025,-0.093720,-0.072233,0.048057,0.289747,0.222043,-0.078705,-0.071349,0.019411,0.180284,0.107134,-0.041910,-0.042197,0.011873,0.090400,0.048490,0.102562,0.117127,0.045206,0.553968,0.666105,0.051406,0.063382,0.044776,0.761148,0.813253
fire_total,fire_20021080304_2002,2002,2017,15,6,-0.012835,-0.012029,0.004647,0.033461,0.020358,-0.020467,-0.019834,0.007251,0.062048,0.040364,-0.019677,-0.018100,0.005171,0.045396,0.025871,-0.060823,-0.065847,0.062480,0.274857,0.216192,-0.076574,-0.074701,0.026732,0.168692,0.097673,-0.044996,-0.043326,0.013135,0.084212,0.040701,0.137017,0.119230,0.032921,0.540042,0.675948,0.048099,0.042648,0.069112,0.728946,0.784390
fire_total,fire_20021080304_2002,2002,2018,16,6,-0.008670,-0.007925,0.005702,0.032595,0.024867,-0.018322,-0.019149,0.006894,0.056781,0.038459,-0.012582,-0.012286,0.002595,0.036294,0.025947,-0.077881,-0.084187,0.057446,0.292346,0.225191,-0.065546,-0.066538,0.030797,0.171937,0.108317,-0.030497,-0.034430,0.013019,0.079579,0.047747,0.051028,0.050581,0.045155,0.570869,0.642363,0.009657,-0.012984,0.085615,0.785601,0.794957
fire_total,fire_20021080304_2002,2002,2019,17,7,-0.014176,-0.014296,0.004386,0.034905,0.020921,-0.023843,-0.023385,0.007891,0.058473,0.036197,-0.019607,-0.017952,0.005768,0.039800,0.023218,-0.074992,-0.100638,0.064587,0.300335,0.225343,-0.072601,-0.062460,0.026766,0.160140,0.109403,-0.034443,-0.030757,0.011303,0.073694,0.047349,0.028933,0.026583,0.073503,0.595873,0.639247,0.032997,0.013631,0.084238,0.771123,0.805958
fire_total,fire_20021080304_2002,2002,2020,18,7,-0.008828,-0.010016,0.004304,0.034259,0.026957,-0.020171,-0.021251,0.008915,0.056657,0.038040,-0.014726,-0.014802,0.005364,0.038892,0.023300,-0.107854,-0.113101,0.069947,0.310276,0.210657,-0.059400,-0.061144,0.032437,0.170604,0.109155,-0.026001,-0.026691,0.014194,0.074024,0.051735,-0.006814,-0.023004,0.078078,0.608012,0.615583,0.008326,-0.021428,0.090420,0.789206,0.792874
fire_total,fire_20021080304_2002,2002,2021,19,7,-0.009749,-0.011228,0.003405,0.033942,0.022021,-0.023224,-0.021566,0.007208,0.058830,0.035524,-0.016198,-0.015153,0.003887,0.040240,0.024042,-0.104445,-0.091683,0.067053,0.283670,0.206340,-0.054024,-0.056825,0.027253,0.147077,0.100836,-0.025107,-0.027449,0.009976,0.069995,0.044832,0.045254,0.027757,0.054684,0.607649,0.638663,0.021983,0.001840,0.090714,0.764483,0.794280
fire_total,fire_20021080304_2002,2002,2022,20,7,-0.006984,-0.008260,0.005570,0.029350,0.022172,-0.024997,-0.020354,0.010120,0.057208,0.036225,-0.011371,-0.011736,0.005999,0.035180,0.023932,-0.128865,-0.108124,0.069868,0.307953,0.208375,-0.055935,-0.047471,0.027414,0.157115,0.102555,-0.022853,-0.019708,0.009412,0.066063,0.045630,-0.008324,-0.031335,0.092543,0.657105,0.641742,0.007736,-0.018297,0.102031,0.799401,0.807137
fire_total,fire_20021080304_2002,2002,2023,21,7,-0.006448,-0.006020,0.003125,0.030381,0.024840,-0.017985,-0.015058,0.006964,0.052010,0.037160,-0.010147,-0.007344,0.005531,0.032691,0.025390,-0.112324,-0.089519,0.043759,0.272863,0.197581,-0.032326,-0.030659,0.026051,0.131623,0.109127,-0.013407,-0.012540,0.012155,0.061608,0.048270,-0.030213,-0.049142,0.089002,0.630563,0.628819,-0.006501,-0.020369,0.060367,0.789231,0.786192
fire_total,fire_20021080304_2002,2002,2024,22,7,-0.004249,-0.004308,0.004062,0.032183,0.027315,-0.015125,-0.012493,0.007230,0.055585,0.043018,-0.008717,-0.007166,0.004686,0.038535,0.029721,-0.068241,-0.092710,0.041826,0.280975,0.196192,-0.032711,-0.022521,0.030188,0.149773,0.124596,-0.015235,-0.008395,0.014536,0.069032,0.056836,-0.116425,-0.094098,0.041141,0.630096,0.534758,-0.041829,-0.039138,0.032314,0.757259,0.714291
fire_total,fire_20021080304_2002,2002,2025,23,7,-0.006215,-0.005567,0.006727,0.031688,0.027851,-0.014602,-0.015738,0.010651,0.062982,0.046648,-0.007452,-0.011607,0.008983,0.042935,0.029020,-0.084618,-0.062486,0.047083,0.275448,0.226085,-0.029562,-0.021279,0.021836,0.136435,0.112125,-0.013544,-0.006631,0.013316,0.064715,0.053605,-0.045085,-0.038020,0.041508,0.659914,0.622638,0.022051,0.016869,0.066384,0.722926,0.760639
fire_total,fire_20031080204_2003,2003,2000,-3,2,-0.010457,-0.010457,0.006310,0.041140,0.030683,-0.014348,-0.014348,0.008663,0.064014,0.049666,-0.012761,-0.012761,0.012348,0.051096,0.038335,-0.083875,-0.083875,0.044802,0.290786,0.206910,-0.051040,-0.051040,0.001109,0.156043,0.105002,-0.022907,-0.022907,0.004803,0.072903,0.049996,0.015875,0.015875,0.036313,0.597398,0.613274,-0.012869,-0.012869,0.031393,0.703426,0.690558
fire_total,fire_20031080204_2003,2003,2001,-2,4,-0.014245,-0.011973,0.007304,0.033550,0.019305,-0.016637,-0.011801,0.015573,0.051948,0.035352,-0.021560,-0.018593,0.017739,0.045005,0.022825,-0.022062,-0.011770,0.104011,0.210665,0.196007,-0.071012,-0.044337,0.064925,0.172426,0.110970,-0.044619,-0.036115,0.031986,0.090524,0.048985,0.181478,0.219352,0.131391,0.431352,0.605526,0.125128,0.139066,0.105662,0.638666,0.768620
fire_total,fire_20031080204_2003,2003,2002,-1,4,0.001031,-0.001709,0.007877,0.020303,0.021340,0.007680,0.003025,0.017911,0.032079,0.039690,0.001443,-0.003046,0.013537,0.025149,0.026627,0.055674,0.031515,0.124395,0.141151,0.200578,0.016878,0.006717,0.062567,0.083340,0.104328,0.003087,-0.004314,0.035396,0.041566,0.048359,0.123620,0.117885,0.062863,0.511597,0.618216,0.075143,0.113191,0.129801,0.698409,0.770898
fire_total,fire_20031080204_2003,2003,2003,0,1,-0.011330,-0.011330,,0.033585,0.022255,-0.015551,-0.015551,,0.053660,0.038109,-0.024089,-0.024089,,0.048847,0.024758,0.032450,0.032450,,0.172625,0.205075,-0.145736,-0.145736,,0.236727,0.090991,-0.098615,-0.098615,,0.141468,0.042853,0.558129,0.558129,,0.090883,0.649012,0.303562,0.303562,,0.470858,0.774420
fire_total,fire_20031080204_2003,2003,2004,1,2,-0.018968,-0.018968,0.010899,0.044461,0.025493,-0.028854,-0.028854,0.017024,0.073034,0.044179,-0.037702,-0.037702,0.016840,0.065375,0.027673,-0.079392,-0.079392,0.061720,0.308798,0.229406,-0.130804,-0.130804,0.024540,0.242737,0.111933,-0.082700,-0.082700,0.011852,0.134565,0.051866,0.224541,0.224541,0.115078,0.405890,0.630432,0.125348,0.125348,0.028700,0.652616,0.777964
fire_total,fire_20031080204_2003,2003,2005,2,2,-0.026105,-0.026105,0.015430,0.052732,0.026627,-0.031949,-0.031949,0.017005,0.076905,0.044956,-0.037771,-0.037771,0.018260,0.073886,0.036115,-0.096333,-0.096333,0.068019,0.286021,0.189688,-0.120635,-0.120635,0.009480,0.229832,0.109197,-0.077214,-0.077214,0.007925,0.130502,0.053289,0.221224,0.221224,0.141973,0.360069,0.581293,0.120764,0.120764,0.015318,0.600583,0.721348
fire_total,fire_20031080204_2003,2003,2006,3,4,-0.011220,-0.012506,0.014355,0.033344,0.024022,-0.015180,-0.016111,0.017298,0.057029,0.047198,-0.022564,-0.020044,0.011489,0.052251,0.034307,-0.059991,-0.051287,0.075811,0.273268,0.218991,-0.080396,-0.072713,0.044105,0.217155,0.121998,-0.043258,-0.045331,0.025018,0.110400,0.058122,0.149044,0.148493,0.116410,0.418917,0.567249,0.078993,0.082397,0.061629,0.644184,0.728019
fire_total,fire_20031080204_2003,2003,2007,4,2,-0.008222,-0.008222,0.004278,0.031274,0.023053,-0.009165,-0.009165,0.003121,0.053715,0.044550,-0.019436,-0.019436,0.001041,0.050883,0.031447,-0.016926,-0.016926,0.032397,0.215305,0.198379,-0.062755,-0.062755,0.069537,0.166162,0.103407,-0.057634,-0.057634,0.033708,0.103339,0.045706,0.239772,0.239772,0.029537,0.387993,0.627765,0.118078,0.118078,0.051130,0.616528,0.734605
fire_total,fire_20031080204_2003,2003,2008,5,3,-0.001141,-0.002301,0.005854,0.028305,0.027164,0.000220,-0.001976,0.006968,0.043540,0.043760,-0.015469,-0.013237,0.011541,0.041340,0.025871,-0.045045,-0.034746,0.040062,0.220970,0.209695,-0.037744,-0.049097,0.034611,0.166328,0.096450,-0.016047,-0.025694,0.021016,0.075165,0.041533,0.118102,0.084057,0.103693,0.569317,0.624193,0.118167,0.063328,0.101828,0.662491,0.780658
fire_total,fire_20031080204_2003,2003,2009,6,1,-0.023650,-0.023650,,0.067891,0.044241,-0.026867,-0.026867,,0.100932,0.074065,-0.040741,-0.040741,,0.090606,0.049865,-0.186161,-0.186161,,0.420716,0.234555,-0.089746,-0.089746,,0.214315,0.124569,-0.054326,-0.054326,,0.112359,0.058033,0.024097,0.024097,,0.577308,0.601405,-0.005151,-0.005151,,0.652867,0.647716
fire_total,fire_20031080204_2003,2003,2010,7,2,-0.014273,-0.014273,0.004006,0.035015,0.020742,-0.020845,-0.020845,0.002140,0.061208,0.040363,-0.026263,-0.026263,0.005794,0.057222,0.030958,-0.107244,-0.107244,0.005474,0.301772,0.194528,-0.077233,-0.077233,0.009509,0.190032,0.112799,-0.053392,-0.053392,0.019854,0.100561,0.047170,0.102864,0.102864,0.066565,0.506852,0.609716,0.033534,0.033534,0.017968,0.689832,0.723366
fire_total,fire_20031080204_2003,2003,2011,8,2,-0.009900,-0.009900,0.009548,0.039229,0.029330,-0.011406,-0.011406,0.014225,0.058445,0.047039,-0.014657,-0.014657,0.013592,0.048139,0.033482,-0.072064,-0.072064,0.012075,0.279758,0.207695,-0.043354,-0.043354,0.022634,0.156490,0.113135,-0.024427,-0.024427,0.018638,0.077509,0.053083,0.046872,0.046872,0.103822,0.554142,0.601013,0.024469,0.024469,0.058495,0.703121,0.727590
fire_total,fire_20031080204_2003,2003,2013,10,3,-0.009116,-0.007989,0.004722,0.032650,0.020605,-0.011798,-0.012297,0.004647,0.058198,0.042509,-0.019635,-0.021853,0.011234,0.047610,0.027879,-0.119061,-0.090938,0.070879,0.324232,0.205171,-0.048840,-0.043042,0.011761,0.171800,0.122960,-0.030030,-0.029173,0.004930,0.090180,0.056561,0.023143,0.017899,0.099752,0.552191,0.581204,0.061187,0.032266,0.096511,0.682678,0.743865
fire_total,fire_20031080204_2003,2003,2014,11,4,-0.010553,-0.013299,0.011499,0.033001,0.020736,-0.018632,-0.022684,0.010150,0.061126,0.038941,-0.024702,-0.030288,0.016749,0.052842,0.026229,-0.139033,-0.140948,0.023138,0.342960,0.197767,-0.075350,-0.083483,0.037756,0.186554,0.111204,-0.044234,-0.051068,0.024830,0.095357,0.050346,-0.000331,0.051403,0.124467,0.579168,0.587395,0.026020,0.064313,0.095020,0.733482,0.769967
fire_total,fire_20031080204_2003,2003,2015,12,4,-0.016191,-0.013314,0.029619,0.036418,0.024469,-0.017319,-0.017225,0.022806,0.061017,0.044186,-0.027596,-0.029872,0.024866,0.058376,0.028016,-0.125112,-0.120749,0.027935,0.330475,0.198152,-0.075274,-0.083507,0.031613,0.179995,0.103916,-0.040645,-0.047599,0.023191,0.084570,0.043925,0.028934,0.081792,0.150326,0.596357,0.625291,0.036355,0.061361,0.139425,0.704659,0.765390
fire_total,fire_20031080204_2003,2003,2016,13,4,-0.013366,-0.011378,0.007466,0.029529,0.018873,-0.016528,-0.017448,0.003884,0.055668,0.039374,-0.029687,-0.027775,0.004484,0.051886,0.024413,-0.118753,-0.097409,0.053838,0.328035,0.207935,-0.063415,-0.061548,0.014591,0.165193,0.113143,-0.037166,-0.036448,0.007810,0.084055,0.053852,0.016375,0.049281,0.088244,0.566134,0.595621,0.066562,0.085815,0.071247,0.721220,0.788740
fire_total,fire_20031080204_2003,2003,2017,14,2,-0.014148,-0.014148,0.009335,0.036321,0.022173,-0.019765,-0.019765,0.000009,0.065685,0.045919,-0.022942,-0.022942,0.005066,0.055372,0.032429,-0.149731,-0.149731,0.013875,0.365249,0.215518,-0.049892,-0.049892,0.006213,0.182498,0.132605,-0.029060,-0.029060,0.011211,0.093521,0.064461,-0.057088,-0.057088,0.051829,0.601008,0.543920,0.000247,0.000247,0.011804,0.731894,0.732141
fire_total,fire_20031080204_2003,2003,2018,15,4,-0.011289,-0.011828,0.001373,0.035145,0.022943,-0.010787,-0.011275,0.005471,0.056829,0.045926,-0.017462,-0.017370,0.005753,0.048146,0.030642,-0.081848,-0.078950,0.063101,0.298231,0.215332,-0.061855,-0.062625,0.014094,0.182030,0.123324,-0.037084,-0.035568,0.008692,0.093831,0.057180,0.049593,0.077308,0.117860,0.526572,0.587041,0.035783,0.045033,0.093833,0.723749,0.752688
fire_total,fire_20031080204_2003,2003,2019,16,3,0.002558,-0.002965,0.011250,0.023795,0.026353,-0.000551,-0.003360,0.017093,0.046703,0.047885,-0.001553,-0.003941,0.013286,0.032622,0.031069,-0.018384,-0.046878,0.072016,0.253475,0.227900,0.020639,0.000958,0.048367,0.099956,0.134537,0.016294,-0.000119,0.029868,0.048297,0.064591,-0.040196,-0.053240,0.041343,0.619439,0.579243,-0.009598,-0.008531,0.029249,0.748714,0.754720
fire_total,fire_20031080204_2003,2003,2020,17,4,-0.016707,-0.020103,0.011672,0.035167,0.018460,-0.020384,-0.026523,0.015368,0.059015,0.036782,-0.021780,-0.034636,0.027698,0.047156,0.025377,-0.139480,-0.134905,0.030812,0.344878,0.198819,-0.083806,-0.103372,0.059444,0.201493,0.108832,-0.041546,-0.056564,0.043164,0.097282,0.050621,-0.004595,0.050720,0.157348,0.577642,0.577856,0.021981,0.070673,0.119868,0.759381,0.775181
fire_total,fire_20031080204_2003,2003,2021,18,4,-0.013990,-0.013829,0.004792,0.033035,0.020667,-0.017489,-0.016823,0.003102,0.057805,0.040399,-0.022523,-0.023684,0.005357,0.048703,0.025864,-0.117968,-0.113070,0.019494,0.313219,0.195250,-0.064178,-0.073239,0.034575,0.176228,0.112049,-0.039690,-0.043650,0.020689,0.092064,0.050270,0.019872,0.051091,0.107607,0.555865,0.587913,0.035743,0.043700,0.036023,0.736389,0.766756
fire_total,fire_20031080204_2003,2003,2022,19,4,-0.005981,-0.007198,0.007050,0.024661,0.018680,-0.011042,-0.009983,0.011043,0.052463,0.041422,-0.018790,-0.018140,0.010174,0.043368,0.024578,-0.122182,-0.099914,0.058951,0.335590,0.213407,-0.040350,-0.036345,0.042987,0.158827,0.114710,-0.018735,-0.019000,0.022628,0.072257,0.053020,-0.043742,-0.026866,0.052274,0.637675,0.600625,0.040425,0.038847,0.015539,0.754077,0.794503
fire_total,fire_20031080204_2003,2003,2023,20,4,-0.005157,-0.003617,0.004642,0.023960,0.018955,-0.010409,-0.008718,0.006842,0.047596,0.037187,-0.012237,-0.012760,0.003727,0.036445,0.023692,-0.123255,-0.104964,0.042645,0.312573,0.186753,-0.040322,-0.033856,0.029108,0.144232,0.103634,-0.017765,-0.015964,0.012413,0.065485,0.047720,-0.027094,-0.036768,0.030916,0.633507,0.591467,0.006647,0.006747,0.022884,0.761197,0.767845
fire_total,fire_20031080204_2003,2003,2024,21,4,-0.011832,-0.010904,0.002446,0.031137,0.019890,-0.013063,-0.013128,0.003192,0.056479,0.043512,-0.018700,-0.018016,0.006701,0.047774,0.028855,-0.121199,-0.125255,0.016632,0.314140,0.189572,-0.058376,-0.058891,0.011790,0.176406,0.116168,-0.029191,-0.032013,0.008162,0.088206,0.053096,-0.034500,-0.030754,0.032437,0.566064,0.537554,0.002776,0.001272,0.037350,0.742733,0.736113
fire_total,fire_20031080204_2003,2003,2025,22,4,-0.001897,-0.001633,0.003283,0.022255,0.020887,-0.006971,-0.004740,0.007785,0.058816,0.049982,-0.008814,-0.010234,0.003554,0.039140,0.029398,-0.112874,-0.102097,0.034823,0.306206,0.193257,-0.039353,-0.034086,0.027357,0.152468,0.103751,-0.020928,-0.019381,0.010678,0.070229,0.049301,-0.050555,-0.045239,0.019684,0.626449,0.576520,-0.033156,-0.028510,0.025214,0.769217,0.741059
fire_total,fire_20031080377_2003,2003,2001,-2,1,0.006064,0.006064,,0.016741,0.022805,0.015428,0.015428,,0.027232,0.042660,0.009446,0.009446,,0.016164,0.025610,0.103937,0.103937,,0.176351,0.280288,0.039875,0.039875,,0.078217,0.118092,0.007632,0.007632,,0.038961,0.046593,0.089598,0.089598,,0.638842,0.728440,0.003111,0.003111,,0.829447,0.832558
fire_total,fire_20031080377_2003,2003,2002,-1,10,0.001588,0.000184,0.008669,0.022269,0.023761,0.000660,0.002767,0.014560,0.036348,0.044159,0.002695,0.002116,0.006302,0.026641,0.028285,0.096360,0.103504,0.061699,0.183700,0.284591,0.032422,0.040766,0.038203,0.086330,0.125614,0.012650,0.013410,0.017672,0.039546,0.048730,0.020193,0.027478,0.054283,0.676140,0.701719,0.065787,0.064980,0.048870,0.738445,0.824295
fire_total,fire_20031080377_2003,2003,2004,1,8,-0.009178,-0.008267,0.003638,0.034354,0.026545,-0.003156,-0.004759,0.009268,0.051907,0.049493,-0.021161,-0.021894,0.003614,0.052711,0.030333,0.083497,0.094464,0.082682,0.185447,0.271556,-0.090014,-0.088581,0.039943,0.211235,0.116910,-0.105147,-0.098127,0.026185,0.150295,0.047280,0.573435,0.579979,0.167167,0.134835,0.720993,0.257939,0.254740,0.090685,0.558948,0.804893
fire_total,fire_20031080377_2003,2003,2005,2,10,-0.010925,-0.011094,0.003581,0.030973,0.021141,-0.020075,-0.020075,0.009474,0.059112,0.040584,-0.028938,-0.029618,0.005202,0.053495,0.026503,0.015813,0.017809,0.076717,0.261230,0.262757,-0.126899,-0.123582,0.037857,0.235284,0.107010,-0.103359,-0.105090,0.024500,0.146693,0.042378,0.406793,0.464655,0.154713,0.283512,0.703280,0.190729,0.194581,0.078786,0.649312,0.824219
fire_total,fire_20031080377_2003,2003,2006,3,6,-0.013165,-0.013365,0.002806,0.036417,0.023974,-0.019215,-0.019066,0.008907,0.060493,0.040770,-0.028730,-0.028659,0.004456,0.056877,0.026847,-0.004365,0.006944,0.074181,0.256912,0.234239,-0.139116,-0.122034,0.047110,0.240343,0.099537,-0.101990,-0.096578,0.022693,0.144767,0.039992,0.455685,0.423983,0.084034,0.241512,0.699578,0.191113,0.188688,0.042233,0.610032,0.803997
fire_total,fire_20031080377_2003,2003,2007,4,5,-0.005981,-0.007216,0.002819,0.029309,0.023328,-0.012073,-0.015084,0.007764,0.061113,0.045217,-0.018439,-0.020859,0.005553,0.048036,0.029075,0.018136,0.014709,0.056639,0.281828,0.282900,-0.100046,-0.102107,0.034337,0.223321,0.123950,-0.082638,-0.079651,0.019348,0.127388,0.044750,0.351347,0.346736,0.095934,0.363406,0.714753,0.111896,0.127025,0.048294,0.686753,0.794546
fire_total,fire_20031080377_2003,2003,2008,5,10,-0.010505,-0.010162,0.005904,0.028092,0.016672,-0.014966,-0.016706,0.008826,0.051921,0.034961,-0.020598,-0.022744,0.008338,0.042591,0.021100,-0.028710,-0.022502,0.059837,0.258467,0.226140,-0.124740,-0.112000,0.042793,0.210589,0.085010,-0.073673,-0.073414,0.019742,0.111135,0.034410,0.291921,0.300855,0.105447,0.445516,0.737480,0.115874,0.105045,0.043501,0.728758,0.836461
fire_total,fire_20031080377_2003,2003,2009,6,1,-0.006971,-0.006971,,0.029735,0.022764,-0.003684,-0.003684,,0.047802,0.044118,-0.015675,-0.015675,,0.044832,0.029157,-0.007274,-0.007274,,0.233648,0.226374,-0.119199,-0.119199,,0.206010,0.086811,-0.089540,-0.089540,,0.122217,0.032677,0.443825,0.443825,,0.304210,0.748035,0.093933,0.093933,,0.678020,0.771953
fire_total,fire_20031080377_2003,2003,2010,7,10,-0.009096,-0.009830,0.006703,0.032512,0.021836,-0.012553,-0.015059,0.009335,0.055914,0.040157,-0.020213,-0.021330,0.010560,0.052395,0.027742,-0.034485,-0.025513,0.053640,0.257147,0.216461,-0.107889,-0.105431,0.044473,0.221891,0.095935,-0.067513,-0.065757,0.021378,0.110036,0.037950,0.285973,0.272698,0.083670,0.422893,0.710740,0.118238,0.103437,0.050574,0.666912,0.781426
fire_total,fire_20031080377_2003,2003,2012,9,8,-0.006560,-0.007152,0.005152,0.020056,0.014864,-0.011399,-0.015508,0.009315,0.044193,0.029371,-0.015125,-0.015658,0.006801,0.034272,0.019326,-0.050903,-0.055772,0.095910,0.306096,0.234363,-0.096958,-0.089162,0.052210,0.194474,0.091589,-0.057523,-0.055490,0.028123,0.089506,0.035785,0.222308,0.217055,0.122514,0.535907,0.736650,0.075902,0.067366,0.056472,0.786920,0.859765
fire_total,fire_20031080377_2003,2003,2013,10,10,-0.005466,-0.005276,0.003130,0.020062,0.015408,-0.011447,-0.012284,0.005056,0.042873,0.030539,-0.016830,-0.016197,0.004317,0.033929,0.017690,-0.062205,-0.059998,0.069658,0.295076,0.212473,-0.081021,-0.082770,0.038936,0.177513,0.085347,-0.044839,-0.047071,0.019732,0.084144,0.033275,0.159496,0.189468,0.099040,0.548736,0.737836,0.061215,0.063914,0.045570,0.792588,0.849459
fire_total,fire_20031080377_2003,2003,2014,11,10,-0.013867,-0.012447,0.005551,0.028291,0.016342,-0.011364,-0.012745,0.006665,0.050587,0.038693,-0.015647,-0.015277,0.005236,0.037215,0.020757,-0.096794,-0.076119,0.072287,0.331245,0.227192,-0.073006,-0.070604,0.040335,0.166390,0.087072,-0.036706,-0.036754,0.018880,0.077303,0.037366,0.096484,0.116672,0.076590,0.600805,0.728268,0.051196,0.054143,0.044727,0.784501,0.834110
fire_total,fire_20031080377_2003,2003,2015,12,7,-0.012691,-0.009766,0.006072,0.026737,0.014624,-0.009638,-0.010198,0.006177,0.045382,0.035524,-0.009845,-0.009839,0.005922,0.030560,0.018735,-0.070565,-0.065682,0.059811,0.313095,0.228505,-0.066536,-0.055707,0.037529,0.155355,0.088475,-0.030168,-0.027510,0.018192,0.068730,0.037270,0.051567,0.082483,0.072886,0.655997,0.712550,0.016904,0.025670,0.032984,0.830889,0.834476
fire_total,fire_20031080377_2003,2003,2016,13,5,-0.007562,-0.005662,0.004579,0.021815,0.013318,-0.011536,-0.015103,0.013029,0.045987,0.031550,-0.012760,-0.012884,0.007556,0.029625,0.016865,-0.036218,-0.042993,0.105602,0.342492,0.220888,-0.050063,-0.038068,0.063284,0.160580,0.076870,-0.029232,-0.022646,0.027011,0.071452,0.030450,0.096811,0.075460,0.079078,0.642561,0.747620,0.046336,0.054584,0.032490,0.826035,0.867758
fire_total,fire_20031080377_2003,2003,2017,14,10,-0.008278,-0.008436,0.004283,0.024654,0.015483,-0.016162,-0.015695,0.008681,0.050497,0.035236,-0.019498,-0.018259,0.009312,0.037847,0.019395,-0.078183,-0.065791,0.070009,0.304405,0.225776,-0.069761,-0.066108,0.045479,0.160312,0.086316,-0.038054,-0.036904,0.022676,0.075474,0.035558,0.140439,0.117553,0.105321,0.567724,0.720444,0.082002,0.065883,0.063715,0.752814,0.848679
fire_total,fire_20031080377_2003,2003,2018,15,10,-0.007644,-0.008302,0.004069,0.027741,0.019636,-0.010312,-0.009123,0.005802,0.049714,0.041711,-0.013083,-0.012013,0.004938,0.037923,0.022984,-0.036252,-0.034620,0.061286,0.281498,0.235146,-0.050442,-0.045783,0.042725,0.147979,0.087444,-0.025691,-0.025066,0.020787,0.066434,0.036995,0.091352,0.084809,0.071415,0.600552,0.724131,0.067074,0.050869,0.042390,0.757691,0.823543
fire_total,fire_20031080377_2003,2003,2019,16,10,-0.004771,-0.003472,0.004928,0.020563,0.015043,-0.010284,-0.008885,0.008122,0.044227,0.034087,-0.010415,-0.007795,0.006797,0.030127,0.019657,-0.065196,-0.044424,0.075292,0.280988,0.220475,-0.038796,-0.036098,0.043287,0.130544,0.083945,-0.018047,-0.018851,0.019578,0.060274,0.035235,0.054420,0.048559,0.073072,0.640300,0.716939,0.026506,0.018051,0.045765,0.802839,0.829346
fire_total,fire_20031080377_2003,2003,2020,17,2,-0.029687,-0.029687,0.045599,0.025439,-0.004248,-0.003122,-0.003122,0.005211,0.048401,0.045279,-0.009769,-0.009769,0.005397,0.032781,0.023012,0.092909,0.092909,0.013943,0.312738,0.405647,0.030518,0.030518,0.043042,0.140993,0.171511,0.011846,0.011846,0.022391,0.058603,0.070449,0.018321,0.018321,0.092387,0.685002,0.703324,0.082717,0.082717,0.034389,0.809083,0.891800
fire_total,fire_20031080377_2003,2003,2022,19,10,-0.003156,-0.003412,0.003728,0.017586,0.012767,-0.007542,-0.006901,0.007686,0.038398,0.029666,-0.004593,-0.005271,0.004228,0.022592,0.017016,-0.060149,-0.035948,0.083636,0.262894,0.198269,-0.021154,-0.014729,0.042132,0.105078,0.073116,-0.008505,-0.006673,0.017235,0.042516,0.032546,0.017923,0.000802,0.064976,0.712431,0.720271,0.016894,0.010579,0.038319,0.829436,0.851530
fire_total,fire_20031080377_2003,2003,2023,20,10,-0.001664,-0.002360,0.004775,0.017834,0.015325,-0.006744,-0.006999,0.007298,0.038933,0.031406,-0.002056,-0.005257,0.006078,0.024104,0.020316,-0.035674,-0.031554,0.072513,0.248016,0.197038,-0.022240,-0.016436,0.037396,0.109671,0.080198,-0.008883,-0.007080,0.016933,0.047301,0.037187,0.000447,-0.006305,0.065560,0.672136,0.677507,0.013630,0.007354,0.044895,0.814720,0.824186
fire_total,fire_20031080377_2003,2003,2024,21,10,-0.001980,-0.001693,0.004787,0.019051,0.016363,-0.002262,-0.002939,0.006433,0.039649,0.035853,-0.002008,-0.003320,0.005780,0.024633,0.020990,-0.036733,-0.027653,0.075447,0.253991,0.189358,-0.019079,-0.010247,0.037282,0.112435,0.086729,-0.005088,-0.003590,0.016442,0.046648,0.040632,-0.010844,-0.017797,0.069094,0.664899,0.657163,-0.002639,-0.001629,0.046859,0.808069,0.816021
fire_total,fire_20031080377_2003,2003,2025,22,10,-0.002372,-0.002185,0.005110,0.018412,0.014156,-0.003396,-0.004258,0.008205,0.039043,0.032581,-0.004214,-0.003655,0.005682,0.023169,0.019979,-0.053048,-0.024394,0.077804,0.251715,0.189228,-0.012168,-0.006320,0.038456,0.104184,0.088241,-0.006593,-0.003515,0.018451,0.045218,0.039958,0.000247,-0.007141,0.063275,0.676538,0.673896,0.007990,0.003750,0.042732,0.821231,0.829578
fire_total,fire_20051080583_2005,2005,2002,-3,10,-0.001623,0.000172,0.003382,0.019643,0.020440,0.000585,-0.000565,0.007327,0.036417,0.039580,0.000302,0.000129,0.005880,0.023836,0.024799,-0.000172,0.012475,0.056131,0.240825,0.246621,0.010498,0.011777,0.023690,0.111313,0.117887,0.005266,0.008282,0.010371,0.042124,0.050394,-0.014204,-0.031379,0.055963,0.712108,0.671320,0.001172,0.005002,0.047179,0.820034,0.808845
fire_total,fire_20051080583_2005,2005,2004,-1,8,0.005542,0.007116,0.015133,0.013359,0.018838,0.009267,0.012712,0.015026,0.030430,0.042385,0.004518,0.007975,0.016224,0.019195,0.023073,0.065086,0.050810,0.070166,0.212315,0.260178,0.022158,0.035331,0.031366,0.081785,0.108357,0.010635,0.017746,0.019458,0.033385,0.045348,-0.046589,-0.038738,0.107352,0.744843,0.722152,0.005790,-0.008241,0.103914,0.834480,0.859071
fire_total,fire_20051080583_2005,2005,2005,0,10,0.000296,0.000026,0.003740,0.021581,0.021691,0.008339,0.008424,0.010967,0.029976,0.039862,-0.002241,-0.005456,0.012121,0.029817,0.027728,0.159521,0.178566,0.061510,0.068483,0.255772,0.007267,0.007283,0.026137,0.111650,0.123262,-0.038301,-0.040662,0.037062,0.089864,0.050064,0.905926,0.817224,0.294486,-0.219013,0.695258,0.391536,0.374631,0.123496,0.403409,0.804766
fire_total,fire_20051080583_2005,2005,2006,1,7,-0.011811,-0.013206,0.008291,0.035730,0.018707,-0.006559,-0.009099,0.007275,0.050057,0.035977,-0.031529,-0.032415,0.010832,0.061539,0.023176,0.111636,0.125178,0.033341,0.124981,0.232107,-0.088495,-0.082775,0.019374,0.201528,0.111809,-0.110907,-0.112108,0.018105,0.159961,0.046427,0.849169,0.782144,0.106645,-0.158346,0.669897,0.466317,0.450591,0.092915,0.342187,0.817823
fire_total,fire_20051080583_2005,2005,2007,2,10,-0.017710,-0.020274,0.007023,0.043471,0.024345,-0.020906,-0.020648,0.008196,0.065334,0.046634,-0.033592,-0.035677,0.011152,0.065953,0.030822,0.047912,0.052819,0.040552,0.202132,0.248306,-0.098422,-0.099751,0.024590,0.218427,0.121998,-0.109636,-0.102263,0.027358,0.158621,0.054031,0.530366,0.534523,0.167904,0.131579,0.658398,0.282051,0.290218,0.104806,0.476853,0.774490
fire_total,fire_20051080583_2005,2005,2008,3,7,-0.011302,-0.012664,0.003710,0.034465,0.021952,-0.018205,-0.019032,0.004537,0.058445,0.036472,-0.028009,-0.028541,0.002769,0.056740,0.024262,-0.007040,-0.002628,0.040866,0.234885,0.218935,-0.097405,-0.095233,0.021693,0.208279,0.109980,-0.076780,-0.077542,0.016056,0.127209,0.047734,0.374439,0.366583,0.112343,0.331802,0.652009,0.154221,0.165596,0.058830,0.621546,0.769215
fire_total,fire_20051080583_2005,2005,2010,5,7,-0.020254,-0.018101,0.004197,0.036266,0.019147,-0.023719,-0.024968,0.005578,0.061772,0.037077,-0.027142,-0.028290,0.006069,0.055819,0.024950,-0.010519,-0.025475,0.041133,0.267968,0.239698,-0.094380,-0.098949,0.019289,0.212253,0.109375,-0.060019,-0.062449,0.013681,0.116745,0.050497,0.286811,0.258473,0.089049,0.391931,0.666005,0.152024,0.152662,0.045190,0.664804,0.801663
fire_total,fire_20051080583_2005,2005,2011,6,5,-0.002131,-0.006179,0.020153,0.026462,0.028690,-0.006572,-0.012773,0.025455,0.054815,0.051158,-0.002805,-0.013596,0.026309,0.038026,0.033227,-0.048867,-0.043912,0.066978,0.344170,0.268201,-0.097983,-0.091020,0.024445,0.216323,0.118340,-0.048373,-0.053996,0.020773,0.099255,0.050882,0.160123,0.179714,0.093577,0.545013,0.714035,-0.004298,0.047583,0.126560,0.799782,0.799267
fire_total,fire_20051080583_2005,2005,2012,7,2,-0.016733,-0.016733,0.001576,0.035743,0.019010,-0.027019,-0.027019,0.006048,0.059449,0.032430,-0.028091,-0.028091,0.002820,0.047623,0.019533,-0.070359,-0.070359,0.066601,0.356119,0.285760,-0.123929,-0.123929,0.027048,0.237704,0.113775,-0.064791,-0.064791,0.005172,0.110984,0.046193,0.192510,0.192510,0.028568,0.524725,0.717234,0.102082,0.102082,0.045269,0.764039,0.866121
fire_total,fire_20051080583_2005,2005,2013,8,8,-0.011550,-0.016156,0.011487,0.031907,0.018708,-0.010697,-0.015216,0.014350,0.052725,0.041292,-0.017909,-0.022127,0.017568,0.038755,0.020598,-0.069712,-0.060596,0.058802,0.337116,0.274485,-0.087450,-0.083949,0.015750,0.201218,0.117542,-0.044757,-0.049913,0.019696,0.093838,0.047665,0.135343,0.170090,0.115209,0.539427,0.688059,0.057330,0.089662,0.111886,0.782238,0.838807
fire_total,fire_20051080583_2005,2005,2014,9,10,-0.011247,-0.011583,0.003802,0.029591,0.018110,-0.015607,-0.016167,0.002027,0.057441,0.040075,-0.011612,-0.014428,0.008981,0.033282,0.021726,-0.095501,-0.086006,0.052139,0.358160,0.252568,-0.075570,-0.075358,0.020013,0.186113,0.110248,-0.041546,-0.041235,0.012971,0.084316,0.045527,0.102447,0.108615,0.089027,0.609762,0.692599,0.022660,0.034561,0.070666,0.828684,0.834912
fire_total,fire_20051080583_2005,2005,2015,10,7,-0.010546,-0.010817,0.003743,0.029597,0.018900,-0.014987,-0.014381,0.004562,0.053399,0.037792,-0.014630,-0.016638,0.009836,0.034740,0.021196,-0.048840,-0.063370,0.050321,0.334270,0.244207,-0.079007,-0.081400,0.016059,0.190569,0.108234,-0.041470,-0.043366,0.011496,0.085257,0.043787,0.097575,0.131696,0.084664,0.609923,0.722177,0.024107,0.057410,0.076548,0.822101,0.830946
fire_total,fire_20051080583_2005,2005,2016,11,8,-0.008690,-0.008998,0.005107,0.024950,0.016639,-0.015875,-0.016969,0.007846,0.051859,0.034864,-0.010106,-0.016354,0.011600,0.031591,0.017738,-0.087519,-0.090480,0.058743,0.375520,0.268724,-0.083076,-0.078732,0.019790,0.187667,0.111767,-0.038671,-0.039877,0.011715,0.081098,0.046545,0.084401,0.095718,0.067299,0.662380,0.738804,0.021647,0.047405,0.065040,0.851446,0.879630
fire_total,fire_20051080583_2005,2005,2017,12,5,-0.004290,-0.006432,0.005722,0.023025,0.017305,-0.010504,-0.009037,0.006290,0.051020,0.040350,-0.004730,-0.007153,0.009458,0.029432,0.026022,-0.086927,-0.091363,0.035140,0.369195,0.258783,-0.065134,-0.057819,0.020087,0.174193,0.119124,-0.026014,-0.024673,0.015113,0.074601,0.051721,0.002680,0.022958,0.081249,0.679370,0.651804,-0.010622,-0.009444,0.055519,0.856049,0.811705
fire_total,fire_20051080583_2005,2005,2018,13,5,-0.009845,-0.010048,0.002083,0.028470,0.016590,-0.013503,-0.015884,0.005652,0.052725,0.039112,-0.011550,-0.015367,0.009192,0.036115,0.020522,-0.108350,-0.091196,0.090602,0.352942,0.244592,-0.070840,-0.071275,0.016738,0.180683,0.109843,-0.032834,-0.033765,0.003129,0.079043,0.044228,0.055285,0.076428,0.059096,0.617484,0.741342,0.020808,0.041199,0.061535,0.801912,0.871577
fire_total,fire_20051080583_2005,2005,2019,14,10,-0.004847,-0.005915,0.003558,0.024675,0.018845,-0.013193,-0.013540,0.007619,0.054568,0.039979,-0.005349,-0.009255,0.011933,0.029398,0.023540,-0.116030,-0.118464,0.044533,0.379054,0.256149,-0.070262,-0.068498,0.023349,0.180635,0.110462,-0.029508,-0.029994,0.015302,0.076416,0.046675,0.028274,0.028005,0.080489,0.689626,0.697936,-0.028411,-0.006438,0.063415,0.859411,0.820753
fire_total,fire_20051080583_2005,2005,2020,15,3,-0.008676,-0.008374,0.002092,0.021567,0.012891,-0.008607,-0.011165,0.006237,0.038617,0.029969,-0.003465,-0.005972,0.004790,0.023781,0.020316,-0.135424,-0.121225,0.066231,0.385791,0.259154,-0.064749,-0.064479,0.009813,0.162271,0.100066,-0.026812,-0.027472,0.003119,0.067575,0.038714,0.013436,0.034627,0.067213,0.717371,0.730807,-0.028198,-0.017206,0.052400,0.890554,0.845502
fire_total,fire_20051080616_2005,2005,2002,-3,10,-0.006173,-0.006339,0.002716,0.024345,0.018776,-0.008141,-0.008232,0.005097,0.044605,0.037532,-0.008869,-0.011396,0.008999,0.030918,0.022131,-0.042426,-0.045631,0.024690,0.228828,0.183968,-0.046421,-0.049609,0.014560,0.129010,0.082535,-0.024921,-0.027357,0.008109,0.060844,0.034203,0.076870,0.086626,0.042859,0.609097,0.692321,0.025341,0.025243,0.024268,0.756305,0.779482
fire_total,fire_20051080616_2005,2005,2003,-2,3,-0.000385,-0.000747,0.004431,0.026710,0.026325,-0.011743,-0.012907,0.002064,0.051570,0.039855,-0.010808,-0.012916,0.009931,0.037903,0.030780,-0.054450,-0.062136,0.016632,0.216707,0.165942,-0.042997,-0.047424,0.010055,0.123868,0.064935,-0.025135,-0.025061,0.009158,0.062597,0.028800,0.052806,0.083750,0.058464,0.637174,0.695588,0.013380,0.009977,0.034361,0.700434,0.708125
fire_total,fire_20051080616_2005,2005,2004,-1,9,-0.005513,-0.006404,0.003743,0.028415,0.023025,-0.010629,-0.012403,0.006293,0.051460,0.039649,-0.008016,-0.010754,0.009516,0.036046,0.028209,-0.033426,-0.044637,0.027579,0.235270,0.195203,-0.037895,-0.036716,0.011732,0.117529,0.077021,-0.019690,-0.020168,0.007118,0.054306,0.033365,0.053737,0.066376,0.043107,0.639216,0.708188,0.019632,0.013457,0.033603,0.753667,0.751617
fire_total,fire_20051080616_2005,2005,2005,0,10,-0.009901,-0.010044,0.003139,0.030045,0.019697,-0.007219,-0.009776,0.007601,0.042839,0.034644,-0.027556,-0.029861,0.008392,0.051418,0.024056,0.082308,0.061071,0.060850,0.099784,0.176406,-0.085057,-0.087759,0.013714,0.165241,0.075908,-0.115535,-0.110815,0.026430,0.146184,0.031337,0.912251,0.824297,0.257882,-0.190682,0.708727,0.431057,0.408778,0.100216,0.335562,0.763529
fire_total,fire_20051080616_2005,2005,2007,2,10,-0.005617,-0.006728,0.004246,0.030148,0.024565,-0.004551,-0.006339,0.007593,0.048937,0.044970,-0.021416,-0.021989,0.005983,0.052078,0.030313,0.046000,0.031452,0.054050,0.164052,0.199369,-0.110028,-0.103572,0.015353,0.193332,0.084556,-0.102637,-0.097189,0.022267,0.138552,0.035757,0.593982,0.572763,0.207706,0.100470,0.698137,0.224707,0.224337,0.081451,0.509586,0.726866
fire_total,fire_20051080616_2005,2005,2008,3,9,-0.007892,-0.008657,0.003555,0.031137,0.023795,-0.006738,-0.009700,0.007948,0.049728,0.043059,-0.018398,-0.020002,0.004820,0.048435,0.030037,-0.008126,-0.013438,0.042846,0.183735,0.175471,-0.099220,-0.096172,0.021293,0.178180,0.078176,-0.078279,-0.074276,0.020968,0.111988,0.033709,0.449436,0.406560,0.174079,0.278257,0.691365,0.125031,0.133164,0.045901,0.587187,0.707610
fire_total,fire_20051080616_2005,2005,2010,5,1,0.015289,0.015289,,0.032348,0.047637,0.003933,0.003933,,0.062707,0.066640,-0.003163,-0.003163,,0.063010,0.059847,-0.085223,-0.085223,,0.298768,0.213545,-0.027775,-0.027775,,0.154310,0.126535,-0.014355,-0.014355,,0.076980,0.062625,-0.043782,-0.043782,,0.590257,0.546475,-0.089391,-0.089391,,0.651929,0.562538
fire_total,fire_20051080616_2005,2005,2011,6,10,-0.016844,-0.024402,0.027322,0.033997,0.018350,-0.016432,-0.028187,0.031620,0.051466,0.036403,-0.023897,-0.035137,0.030926,0.046276,0.024758,-0.059778,-0.070841,0.035977,0.252052,0.184374,-0.109753,-0.112399,0.035022,0.191593,0.079895,-0.065635,-0.070463,0.029795,0.100328,0.032251,0.252931,0.266166,0.133510,0.459627,0.707186,0.085759,0.129566,0.121156,0.690220,0.769459
fire_total,fire_20051080616_2005,2005,2012,7,9,-0.017531,-0.016081,0.016040,0.044008,0.026779,-0.023802,-0.024674,0.015533,0.059944,0.037628,-0.026304,-0.029636,0.019368,0.053839,0.026380,-0.085347,-0.085614,0.023127,0.265657,0.180449,-0.111348,-0.120076,0.019290,0.210726,0.088970,-0.069533,-0.073420,0.019118,0.106859,0.036032,0.210165,0.242220,0.098761,0.423790,0.665599,0.063591,0.081254,0.097270,0.659529,0.741645
fire_total,fire_20051080616_2005,2005,2013,8,10,-0.016713,-0.018634,0.014640,0.036459,0.022173,-0.031343,-0.032411,0.016145,0.074670,0.039697,-0.032251,-0.035379,0.014593,0.059133,0.025891,-0.090750,-0.094852,0.024716,0.267975,0.178874,-0.112097,-0.107331,0.041492,0.190136,0.077826,-0.059511,-0.062736,0.027714,0.094965,0.033888,0.210696,0.204619,0.106716,0.472235,0.666320,0.124004,0.114705,0.076806,0.632975,0.746842
fire_total,fire_20051080616_2005,2005,2014,9,10,-0.011859,-0.011477,0.003010,0.032086,0.021086,-0.017208,-0.017157,0.003214,0.055296,0.037930,-0.020996,-0.021521,0.004418,0.045478,0.024634,-0.090977,-0.099569,0.016102,0.270030,0.167702,-0.104665,-0.100774,0.023396,0.183095,0.076746,-0.057640,-0.055923,0.015448,0.091713,0.034809,0.198500,0.187143,0.091273,0.486965,0.671105,0.045963,0.052231,0.035584,0.714165,0.760710
fire_total,fire_20051080616_2005,2005,2015,10,10,-0.010477,-0.011516,0.003401,0.028559,0.017511,-0.017037,-0.018231,0.003917,0.049962,0.033550,-0.027610,-0.027005,0.004445,0.046950,0.020763,-0.090303,-0.094148,0.022216,0.265898,0.172371,-0.110303,-0.110663,0.019378,0.188912,0.076169,-0.060479,-0.061589,0.011883,0.094326,0.033372,0.216067,0.197074,0.077868,0.473332,0.680588,0.085293,0.083998,0.021742,0.701620,0.781702
fire_total,fire_20051080616_2005,2005,2016,11,10,-0.011853,-0.013197,0.007536,0.033860,0.022090,-0.015854,-0.017718,0.007022,0.058872,0.042302,-0.022069,-0.024142,0.004849,0.052051,0.027383,-0.109959,-0.109340,0.019390,0.305780,0.197169,-0.096635,-0.095708,0.018975,0.186622,0.088392,-0.052622,-0.053430,0.015810,0.096229,0.042329,0.120807,0.111618,0.064807,0.547579,0.647404,0.049845,0.053270,0.032471,0.709356,0.752169
fire_total,fire_20051080616_2005,2005,2017,12,6,-0.018563,-0.018744,0.001721,0.033626,0.014747,-0.021243,-0.020781,0.002043,0.056795,0.035716,-0.028297,-0.027614,0.003174,0.047390,0.019367,-0.121867,-0.119222,0.027648,0.282598,0.160731,-0.121082,-0.113889,0.017369,0.188349,0.067122,-0.059799,-0.057848,0.011236,0.089589,0.029584,0.176748,0.179731,0.051809,0.527026,0.703774,0.086862,0.087709,0.024196,0.706124,0.794963
fire_total,fire_20051080616_2005,2005,2018,13,9,-0.017462,-0.017327,0.004583,0.031825,0.015160,-0.021973,-0.021766,0.002644,0.054815,0.033062,-0.024586,-0.025091,0.003530,0.043568,0.018982,-0.132632,-0.131731,0.018808,0.298988,0.166108,-0.092922,-0.097841,0.025117,0.166135,0.070242,-0.045128,-0.048978,0.015266,0.074037,0.030120,0.101722,0.118415,0.081834,0.594082,0.695398,0.045061,0.053693,0.029131,0.738705,0.790761
fire_total,fire_20051080616_2005,2005,2019,14,10,-0.016926,-0.016435,0.003557,0.036438,0.019203,-0.022894,-0.023598,0.005419,0.060907,0.038562,-0.025569,-0.027610,0.007525,0.050443,0.024365,-0.115768,-0.118433,0.021848,0.300232,0.182285,-0.098133,-0.098043,0.021495,0.189414,0.090544,-0.052601,-0.053565,0.013283,0.090207,0.039140,0.121133,0.111785,0.068335,0.543952,0.645982,0.062557,0.048839,0.034948,0.717551,0.757198
fire_total,fire_20051080616_2005,2005,2020,15,1,-0.009198,-0.009198,,0.029817,0.020619,-0.018714,-0.018714,,0.055613,0.036899,-0.025259,-0.025259,,0.047404,0.022145,-0.157039,-0.157039,,0.317688,0.160649,-0.083847,-0.083847,,0.159782,0.075935,-0.039476,-0.039476,,0.072016,0.032540,0.015231,0.015231,,0.619560,0.634791,-0.019746,-0.019746,,0.752656,0.732910
fire_total,fire_20051080641_2005,2005,2002,-3,1,0.002310,0.002310,,0.024895,0.027205,0.004867,0.004867,,0.031908,0.036775,-0.004015,-0.004015,,0.024235,0.020220,0.110111,0.110111,,0.176667,0.286778,0.048400,0.048400,,0.081132,0.129532,0.024723,0.024723,,0.033007,0.057730,-0.025643,-0.025643,,0.681885,0.656242,0.122084,0.122084,,0.746512,0.868596
fire_total,fire_20051080641_2005,2005,2004,-1,1,-0.013379,-0.013379,,0.031000,0.017621,-0.009818,-0.009818,,0.047033,0.037215,-0.011673,-0.011673,,0.034052,0.022379,0.074579,0.074579,,0.208238,0.282817,0.028517,0.028517,,0.099558,0.128075,0.000179,0.000179,,0.053440,0.053619,0.083639,0.083639,,0.595596,0.679235,0.145807,0.145807,,0.704019,0.849826
fire_total,fire_20051080641_2005,2005,2006,1,1,0.011935,0.011935,,0.019175,0.031110,0.015386,0.015386,,0.029295,0.044681,-0.000825,-0.000825,,0.037105,0.036280,0.178090,0.178090,,0.101098,0.279188,0.015359,0.015359,,0.114627,0.129986,-0.013172,-0.013172,,0.075605,0.062433,0.457445,0.457445,,0.171544,0.628989,0.288301,0.288301,,0.475318,0.763619
fire_total,fire_20051080641_2005,2005,2007,2,1,-0.006270,-0.006270,,0.026050,0.019780,-0.000687,-0.000687,,0.036252,0.035565,-0.015757,-0.015757,,0.039085,0.023328,0.169304,0.169304,,0.115370,0.284674,-0.010959,-0.010959,,0.144933,0.133974,-0.036809,-0.036809,,0.091693,0.054884,0.560098,0.560098,,0.124606,0.684704,0.357987,0.357987,,0.496296,0.854283
fire_total,fire_20051080641_2005,2005,2011,6,1,-0.013475,-0.013475,,0.032348,0.018873,-0.009212,-0.009212,,0.042192,0.032980,-0.020363,-0.020363,,0.036472,0.016109,0.094985,0.094985,,0.201830,0.296815,-0.043134,-0.043134,,0.171113,0.127979,-0.042543,-0.042543,,0.092958,0.050415,0.415451,0.415451,,0.290500,0.705951,0.202766,0.202766,,0.693897,0.896663
fire_total,fire_20051080641_2005,2005,2013,8,1,-0.010463,-0.010463,,0.031247,0.020784,-0.007768,-0.007768,,0.047967,0.040199,-0.014616,-0.014616,,0.035922,0.021306,0.115624,0.115624,,0.207165,0.322789,-0.030690,-0.030690,,0.162395,0.131705,-0.031831,-0.031831,,0.087622,0.055791,0.300346,0.300346,,0.404914,0.705260,0.178649,0.178649,,0.704281,0.882930
fire_total,fire_20051080641_2005,2005,2014,9,1,-0.012031,-0.012031,,0.029446,0.017415,-0.010876,-0.010876,,0.047349,0.036473,-0.016582,-0.016582,,0.034795,0.018213,0.075199,0.075199,,0.212954,0.288153,-0.024283,-0.024283,,0.153004,0.128721,-0.029040,-0.029040,,0.081655,0.052615,0.253028,0.253028,,0.462926,0.715954,0.170942,0.170942,,0.715747,0.886689
fire_total,fire_20051080641_2005,2005,2015,10,1,-0.010286,-0.010286,,0.028828,0.018542,-0.010354,-0.010354,,0.046730,0.036376,-0.013764,-0.013764,,0.033585,0.019821,0.058258,0.058258,,0.209998,0.268256,-0.030223,-0.030223,,0.145373,0.115150,-0.028118,-0.028118,,0.075632,0.047514,0.194592,0.194592,,0.504408,0.699000,0.127197,0.127197,,0.737066,0.864263
fire_total,fire_20051080641_2005,2005,2016,11,1,-0.013997,-0.013997,,0.029927,0.015930,-0.018012,-0.018012,,0.056547,0.038535,-0.023980,-0.023980,,0.040047,0.016067,0.046668,0.046668,,0.253860,0.300528,-0.042956,-0.042956,,0.163083,0.120127,-0.039297,-0.039297,,0.086247,0.046950,0.177134,0.177134,,0.520633,0.697767,0.154931,0.154931,,0.739155,0.894086
fire_total,fire_20051080641_2005,2005,2017,12,1,-0.008635,-0.008635,,0.023492,0.014857,-0.012292,-0.012292,,0.053522,0.041230,-0.013310,-0.013310,,0.033613,0.020303,0.038046,0.038046,,0.240811,0.278857,-0.028917,-0.028917,,0.148219,0.119302,-0.025259,-0.025259,,0.071494,0.046235,0.136132,0.136132,,0.562704,0.698836,0.103506,0.103506,,0.767177,0.870683
fire_total,fire_20051080641_2005,2005,2018,13,1,-0.000963,-0.000963,,0.023163,0.022200,-0.007521,-0.007521,,0.045410,0.037889,-0.004964,-0.004964,,0.028580,0.023616,0.036066,0.036066,,0.248333,0.284399,-0.004084,-0.004084,,0.128034,0.123950,-0.007727,-0.007727,,0.059737,0.052010,0.084636,0.084636,,0.615628,0.700264,0.047163,0.047163,,0.799420,0.846583
fire_total,fire_20051080641_2005,2005,2019,14,1,-0.006133,-0.006133,,0.023685,0.017552,-0.010807,-0.010807,,0.042687,0.031880,-0.008992,-0.008992,,0.027397,0.018405,0.006353,0.006353,,0.248140,0.254493,-0.013723,-0.013723,,0.127113,0.113390,-0.009350,-0.009350,,0.057372,0.048022,0.071226,0.071226,,0.618207,0.689433,0.064844,0.064844,,0.801134,0.865978
fire_total,fire_20051080641_2005,2005,2020,15,1,-0.007811,-0.007811,,0.025638,0.017827,-0.009405,-0.009405,,0.043375,0.033970,-0.008332,-0.008332,,0.027342,0.019010,-0.015152,-0.015152,,0.288125,0.272973,-0.021339,-0.021339,,0.143722,0.122383,-0.010450,-0.010450,,0.060535,0.050085,0.048211,0.048211,,0.648316,0.696527,0.045582,0.045582,,0.819988,0.865570
fire_total,fire_20051080641_2005,2005,2021,16,1,-0.000137,-0.000137,,0.021787,0.021650,-0.006930,-0.006930,,0.041615,0.034685,-0.004922,-0.004922,,0.024950,0.020028,-0.009404,-0.009404,,0.243602,0.234198,-0.012622,-0.012622,,0.122135,0.109513,-0.005472,-0.005472,,0.052972,0.047500,0.037808,0.037808,,0.647820,0.685628,0.043874,0.043874,,0.811822,0.855696
fire_total,fire_20051080641_2005,2005,2022,17,1,-0.001072,-0.001072,,0.021402,0.020330,-0.012086,-0.012086,,0.043801,0.031715,-0.004291,-0.004291,,0.023108,0.018817,-0.026414,-0.026414,,0.267129,0.240715,-0.007383,-0.007383,,0.121846,0.114463,-0.003341,-0.003341,,0.050814,0.047473,-0.007492,-0.007492,,0.681855,0.674363,0.019515,0.019515,,0.842742,0.862257
fire_total,fire_20051080641_2005,2005,2024,19,1,-0.008058,-0.008058,,0.031715,0.023657,-0.004717,-0.004717,,0.048009,0.043292,-0.010313,-0.010313,,0.038425,0.028112,0.063690,0.063690,,0.178620,0.242310,-0.012609,-0.012609,,0.144424,0.131815,-0.029879,-0.029879,,0.090826,0.060947,0.298934,0.298934,,0.301901,0.600835,0.150663,0.150663,,0.655463,0.806126
fire_total,fire_20051080641_2005,2005,2025,20,1,-0.012100,-0.012100,,0.032622,0.020522,-0.009570,-0.009570,,0.052092,0.042522,-0.014520,-0.014520,,0.040460,0.025940,0.037126,0.037126,,0.224187,0.261313,-0.022275,-0.022275,,0.155850,0.133575,-0.030003,-0.030003,,0.088035,0.058032,0.179574,0.179574,,0.439931,0.619505,0.120364,0.120364,,0.700452,0.820816
fire_total,fire_20051080691_2005,2005,2002,-3,10,-0.003067,-0.002361,0.002314,0.029845,0.028174,-0.006125,-0.005390,0.003099,0.047837,0.041429,-0.005032,-0.005683,0.003274,0.033626,0.027514,-0.018954,-0.006364,0.040854,0.279408,0.266970,-0.054003,-0.042344,0.030850,0.163715,0.105986,-0.022625,-0.019966,0.011835,0.070483,0.044413,0.103177,0.104295,0.045138,0.611751,0.714041,0.025552,0.030935,0.032362,0.795699,0.815969
fire_total,fire_20051080691_2005,2005,2004,-1,6,-0.002118,-0.003089,0.002762,0.020702,0.018804,-0.001677,-0.004551,0.008131,0.038782,0.038082,-0.007453,-0.007494,0.004601,0.030313,0.022860,0.047108,0.061128,0.030961,0.216075,0.271680,-0.006710,-0.011284,0.021791,0.112771,0.100177,-0.008882,-0.014671,0.013781,0.051928,0.039346,0.172632,0.162594,0.074458,0.582388,0.744587,0.117420,0.112577,0.033231,0.718797,0.833676
fire_total,fire_20051080691_2005,2005,2005,0,9,-0.006545,-0.007040,0.003582,0.031399,0.025885,-0.004469,-0.004174,0.003472,0.044173,0.042344,-0.013062,-0.013605,0.005262,0.041917,0.028745,0.078540,0.081056,0.040892,0.196660,0.287809,-0.059442,-0.058224,0.038331,0.185701,0.112043,-0.035227,-0.043693,0.027483,0.101208,0.045933,0.235119,0.348572,0.284797,0.516843,0.727821,0.121373,0.169403,0.114132,0.690932,0.812305
fire_total,fire_20051080691_2005,2005,2009,4,2,-0.013599,-0.013599,0.012348,0.043719,0.030120,-0.010416,-0.010416,0.002791,0.061683,0.051268,-0.016349,-0.016349,0.000428,0.046812,0.030464,-0.005335,-0.005335,0.069206,0.271832,0.266497,-0.069561,-0.069561,0.049120,0.166286,0.096725,-0.041263,-0.041263,0.020767,0.080706,0.039443,0.190616,0.190616,0.010716,0.544668,0.735283,0.103948,0.103948,0.082759,0.706432,0.810380
fire_total,fire_20051080691_2005,2005,2010,5,7,-0.007178,-0.007360,0.004225,0.025005,0.020247,-0.015564,-0.013335,0.006764,0.047582,0.035043,-0.022001,-0.017339,0.010840,0.041258,0.022791,-0.033798,-0.024249,0.034135,0.282323,0.267225,-0.108130,-0.104064,0.036401,0.203645,0.095900,-0.056375,-0.054158,0.017015,0.096175,0.037916,0.211623,0.232840,0.051293,0.521938,0.748933,0.085292,0.088305,0.045157,0.754288,0.842371
fire_total,fire_20051080691_2005,2005,2011,6,10,-0.006297,-0.004334,0.005318,0.027762,0.021292,-0.010120,-0.009565,0.008038,0.046029,0.037580,-0.011474,-0.012231,0.006724,0.033682,0.022097,-0.011447,-0.020717,0.039765,0.301387,0.283821,-0.071123,-0.068365,0.036185,0.182828,0.102080,-0.037943,-0.035536,0.017495,0.082026,0.039696,0.162631,0.147334,0.049316,0.591390,0.757208,0.058403,0.056988,0.033297,0.802586,0.858519
fire_total,fire_20051080691_2005,2005,2013,8,9,-0.009762,-0.011504,0.005008,0.025816,0.014857,-0.014148,-0.015527,0.005068,0.045726,0.032732,-0.015730,-0.015092,0.004283,0.031522,0.016810,-0.041442,-0.046617,0.041122,0.334504,0.274375,-0.091575,-0.086844,0.024768,0.182993,0.096313,-0.043849,-0.045925,0.011091,0.083181,0.038865,0.178597,0.168748,0.030911,0.571373,0.749954,0.066228,0.061492,0.027020,0.812635,0.877788
fire_total,fire_20051080691_2005,2005,2014,9,10,-0.002722,-0.003125,0.005707,0.020165,0.017402,-0.005864,-0.004252,0.006327,0.042350,0.039051,-0.009782,-0.007692,0.006330,0.028154,0.020845,-0.010127,-0.016013,0.046071,0.310964,0.294608,-0.062301,-0.059250,0.031286,0.175581,0.101098,-0.029968,-0.028692,0.014609,0.075172,0.040605,0.115808,0.108588,0.036314,0.624106,0.745540,0.031806,0.040182,0.023166,0.844434,0.882357
fire_total,fire_20051080691_2005,2005,2015,10,10,-0.015606,-0.015874,0.004983,0.030924,0.015050,-0.017916,-0.018333,0.005222,0.050078,0.031688,-0.015193,-0.015470,0.003822,0.033737,0.016701,-0.038060,-0.037496,0.036027,0.310310,0.262192,-0.066014,-0.064696,0.035452,0.164395,0.091720,-0.034973,-0.035352,0.014553,0.073261,0.032698,0.135937,0.135591,0.037922,0.624599,0.767948,0.066046,0.069511,0.020878,0.806831,0.872561
fire_total,fire_20051080691_2005,2005,2016,11,10,-0.011075,-0.009650,0.004395,0.024132,0.014782,-0.010093,-0.010385,0.004531,0.042797,0.033282,-0.010814,-0.011501,0.002948,0.027232,0.015345,-0.025720,-0.018275,0.041553,0.308248,0.284886,-0.074161,-0.067166,0.032428,0.165063,0.087856,-0.037469,-0.033598,0.013817,0.073261,0.034080,0.128602,0.129701,0.051655,0.629088,0.780333,0.060282,0.062488,0.017884,0.834918,0.898327
fire_total,fire_20051080691_2005,2005,2018,13,10,-0.010602,-0.010541,0.002934,0.027191,0.016542,-0.013558,-0.013706,0.003585,0.049439,0.035476,-0.012498,-0.013310,0.003641,0.033371,0.019141,-0.055653,-0.051070,0.041009,0.327024,0.266813,-0.072421,-0.061654,0.031634,0.163846,0.088702,-0.029927,-0.028333,0.011606,0.066297,0.033035,0.107465,0.097486,0.036590,0.662955,0.771550,0.061189,0.057761,0.014285,0.804518,0.865038
fire_total,fire_20051080691_2005,2005,2019,14,2,-0.011784,-0.011784,0.009528,0.032382,0.020598,-0.014356,-0.014356,0.004764,0.050972,0.036616,-0.012072,-0.012072,0.001517,0.032320,0.020248,-0.038184,-0.038184,0.084860,0.313748,0.275564,-0.058018,-0.058018,0.043606,0.178448,0.120430,-0.032979,-0.032979,0.013680,0.083738,0.050759,0.118653,0.118653,0.029625,0.592974,0.711628,0.051691,0.051691,0.032893,0.816875,0.868567
fire_total,fire_20051080691_2005,2005,2020,15,10,-0.008937,-0.011876,0.017937,0.025170,0.015119,-0.014555,-0.018924,0.027968,0.047163,0.030608,-0.008608,-0.014810,0.029383,0.026737,0.017697,-0.082225,-0.073052,0.074639,0.360546,0.263038,-0.067334,-0.062100,0.052248,0.181851,0.099942,-0.029040,-0.030667,0.035690,0.072766,0.040281,0.050142,0.073173,0.102823,0.656295,0.713155,0.018975,0.036794,0.113798,0.841909,0.865810
fire_total,fire_20051080691_2005,2005,2021,16,10,-0.012884,-0.013150,0.004346,0.028793,0.016040,-0.015455,-0.015273,0.005160,0.049418,0.033358,-0.011275,-0.011565,0.003383,0.032293,0.020014,-0.081958,-0.068660,0.048520,0.305217,0.222661,-0.069506,-0.059995,0.032864,0.168260,0.089644,-0.030814,-0.027090,0.013707,0.070215,0.037242,0.067059,0.070164,0.030763,0.637587,0.705809,0.019509,0.027274,0.018350,0.810180,0.836228
fire_total,fire_20051080691_2005,2005,2022,17,10,-0.009157,-0.007862,0.003497,0.024758,0.015572,-0.013352,-0.012036,0.003451,0.040322,0.028869,-0.007515,-0.007070,0.003184,0.024820,0.017828,-0.079365,-0.077902,0.034430,0.291975,0.203198,-0.050497,-0.045086,0.028105,0.158091,0.097138,-0.020020,-0.018822,0.012238,0.065540,0.041230,0.021943,0.013374,0.035066,0.649671,0.666756,-0.001219,-0.001193,0.020069,0.846249,0.840850
fire_total,fire_20051080691_2005,2005,2023,18,1,-0.005514,-0.005514,,0.030395,0.024881,-0.014259,-0.014259,,0.054375,0.040116,-0.008635,-0.008635,,0.036637,0.028002,-0.088838,-0.088838,,0.336057,0.247219,-0.041690,-0.041690,,0.187530,0.145840,-0.015015,-0.015015,,0.084625,0.069610,-0.001890,-0.001890,,0.597599,0.595709,-0.000211,-0.000211,,0.808596,0.808385
fire_total,fire_20051080691_2005,2005,2024,19,10,-0.005012,-0.005719,0.003351,0.028807,0.023004,-0.009206,-0.008918,0.005570,0.046764,0.038012,-0.006992,-0.007606,0.004359,0.031701,0.025562,-0.073026,-0.068175,0.053065,0.270188,0.189228,-0.028002,-0.029670,0.028464,0.155355,0.117309,-0.012072,-0.011161,0.010988,0.066441,0.053825,-0.029260,-0.036853,0.043350,0.623023,0.566702,-0.008183,-0.010907,0.063450,0.795864,0.768270
fire_total,fire_20051080691_2005,2005,2025,20,10,-0.006937,-0.007556,0.003810,0.028422,0.020935,-0.011165,-0.011554,0.004585,0.047390,0.036225,-0.005156,-0.006398,0.003828,0.030540,0.025142,-0.095054,-0.084922,0.057745,0.323009,0.217594,-0.040020,-0.040444,0.030581,0.164045,0.112324,-0.017291,-0.016111,0.012484,0.068537,0.050188,-0.034819,-0.029029,0.035213,0.651274,0.614694,-0.024909,-0.020536,0.033665,0.831692,0.802604
fire_total,fire_20051080714_2005,2005,2002,-3,7,-0.007632,-0.008472,0.010446,0.030257,0.022626,-0.012155,-0.014640,0.015742,0.058115,0.043430,-0.014300,-0.016866,0.014605,0.043733,0.029405,-0.037180,-0.011813,0.095856,0.291796,0.254616,-0.072958,-0.046349,0.067752,0.185138,0.132227,-0.036190,-0.031613,0.033027,0.089740,0.059985,0.130255,0.128002,0.095653,0.527313,0.634652,0.111241,0.093534,0.058457,0.729282,0.778153
fire_total,fire_20051080714_2005,2005,2004,-1,4,-0.006833,-0.010642,0.018199,0.029844,0.024730,-0.009803,-0.013846,0.027722,0.056286,0.050126,-0.005150,-0.012977,0.026104,0.035909,0.031599,-0.067278,-0.041518,0.093795,0.331520,0.241733,-0.023086,-0.022990,0.057992,0.152124,0.118230,-0.010903,-0.011949,0.030214,0.064955,0.053000,0.028121,0.032592,0.075227,0.646797,0.645285,0.026190,0.037628,0.081541,0.761799,0.761559
fire_total,fire_20051080714_2005,2005,2005,0,7,-0.002873,-0.004317,0.008100,0.034850,0.028979,0.002572,-0.003109,0.014695,0.052340,0.048614,-0.003520,-0.008898,0.012566,0.048339,0.035304,0.078622,0.064138,0.093487,0.215910,0.275736,-0.003973,-0.007028,0.053411,0.158284,0.152619,-0.042790,-0.034854,0.032444,0.107216,0.066227,0.314266,0.268306,0.185923,0.301086,0.637074,0.158742,0.146330,0.079088,0.612139,0.747466
fire_total,fire_20051080714_2005,2005,2006,1,7,-0.007714,-0.010847,0.006690,0.035537,0.024180,0.001444,-0.002086,0.010706,0.051226,0.043540,-0.013984,-0.020260,0.011402,0.056080,0.031756,0.126197,0.138079,0.049181,0.135404,0.271927,-0.056801,-0.053977,0.040502,0.209681,0.150900,-0.101681,-0.096476,0.033521,0.166396,0.068991,0.681652,0.684700,0.100213,-0.102903,0.614455,0.373393,0.345972,0.074127,0.435045,0.740822
fire_total,fire_20051080714_2005,2005,2008,3,4,-0.016494,-0.016741,0.005480,0.035277,0.017793,-0.014245,-0.012516,0.012091,0.053928,0.036286,-0.018974,-0.019655,0.012150,0.044942,0.023038,-0.002599,0.032103,0.112283,0.262275,0.261347,-0.096786,-0.077736,0.056954,0.215532,0.122809,-0.064700,-0.064614,0.021199,0.120505,0.055805,0.365094,0.387354,0.158458,0.312607,0.635266,0.233980,0.210365,0.140293,0.619772,0.847209
fire_total,fire_20051080714_2005,2005,2009,4,1,0.004551,0.004551,,0.046029,0.050580,-0.002956,-0.002956,,0.065265,0.062309,-0.005212,-0.005212,,0.053784,0.048572,-0.036754,-0.036754,,0.272959,0.236205,-0.056526,-0.056526,,0.177355,0.120829,-0.034842,-0.034842,,0.095831,0.060989,0.092550,0.092550,,0.494900,0.587450,-0.035999,-0.035999,,0.688030,0.652031
fire_total,fire_20051080714_2005,2005,2010,5,5,-0.009666,-0.011357,0.007756,0.035180,0.021705,-0.005665,-0.008537,0.014062,0.049906,0.042591,-0.008511,-0.015689,0.015380,0.045300,0.030395,-0.013901,0.025204,0.081052,0.211647,0.232713,-0.060693,-0.076202,0.050801,0.201748,0.134936,-0.053019,-0.062609,0.025634,0.112895,0.057744,0.357721,0.335529,0.124850,0.270374,0.619174,0.140965,0.149058,0.087736,0.598346,0.770399
fire_total,fire_20051080714_2005,2005,2011,6,7,-0.010368,-0.008024,0.010313,0.029542,0.021210,-0.009418,-0.004070,0.010198,0.050621,0.045025,-0.013089,-0.011165,0.012532,0.042660,0.029570,0.022274,0.027453,0.066017,0.249405,0.274155,-0.069657,-0.060266,0.024325,0.190211,0.127168,-0.050352,-0.045546,0.016195,0.098045,0.061814,0.281278,0.252880,0.128260,0.412342,0.629985,0.109724,0.102665,0.107669,0.703284,0.758299
fire_total,fire_20051080714_2005,2005,2013,8,5,-0.006421,-0.006616,0.005498,0.032210,0.023465,-0.004208,-0.001122,0.009821,0.049054,0.044420,-0.008938,-0.006113,0.012553,0.043691,0.032141,-0.023362,0.019522,0.089937,0.250574,0.248181,-0.051494,-0.059320,0.030480,0.186320,0.134785,-0.042103,-0.044127,0.019271,0.101208,0.068771,0.164799,0.219197,0.142639,0.433697,0.619307,0.015837,0.062236,0.094293,0.702872,0.716415
fire_total,fire_20051080714_2005,2005,2014,9,7,-0.001513,-0.004815,0.005645,0.025390,0.022145,-0.004373,-0.006204,0.011833,0.048655,0.041051,-0.007314,-0.006700,0.013014,0.033970,0.022915,-0.039381,-0.016673,0.096640,0.292140,0.257352,-0.032862,-0.042984,0.025080,0.174193,0.125325,-0.017902,-0.024190,0.017388,0.083168,0.065897,0.048561,0.101414,0.147328,0.576622,0.662592,0.016307,0.035212,0.100579,0.794559,0.789207
fire_total,fire_20051080714_2005,2005,2015,10,7,-0.013695,-0.012124,0.011450,0.034465,0.023190,-0.016885,-0.016219,0.008229,0.064825,0.044406,-0.012457,-0.013454,0.007395,0.049013,0.030312,-0.027115,-0.018987,0.066325,0.287245,0.261010,-0.033192,-0.039671,0.026813,0.167991,0.123592,-0.014355,-0.024080,0.018642,0.075082,0.056135,0.028757,0.090375,0.120781,0.584320,0.646213,0.027783,0.048289,0.079734,0.716600,0.774530
fire_total,fire_20051080714_2005,2005,2016,11,7,-0.006655,-0.003341,0.012440,0.028167,0.022379,-0.009722,-0.005107,0.015765,0.046813,0.038947,-0.014011,-0.005282,0.018953,0.035675,0.021664,-0.033248,-0.011972,0.069553,0.301875,0.270030,-0.027968,-0.025090,0.022350,0.153018,0.131251,-0.011963,-0.013633,0.016641,0.070765,0.058912,0.013077,0.047287,0.133169,0.632713,0.625236,0.046659,0.034446,0.107876,0.808877,0.794237
fire_total,fire_20051080714_2005,2005,2017,12,6,0.002591,-0.000379,0.006213,0.021333,0.022694,0.002517,0.001309,0.009724,0.044275,0.047012,0.003348,0.003573,0.013872,0.026751,0.031068,-0.041937,-0.021209,0.073060,0.309582,0.272519,0.000406,-0.007001,0.025202,0.137514,0.142726,0.002606,-0.002986,0.019108,0.058741,0.067843,-0.036711,0.006315,0.123734,0.685596,0.639742,-0.042875,-0.015605,0.087500,0.832129,0.796631
fire_total,fire_20051080714_2005,2005,2018,13,5,0.001733,0.001331,0.006010,0.022200,0.024620,0.002571,0.002148,0.010175,0.045437,0.050277,0.002502,0.003176,0.011237,0.028250,0.034658,-0.015675,-0.016330,0.024750,0.286434,0.274210,0.000633,-0.005082,0.020675,0.132640,0.133273,0.003479,-0.000838,0.012128,0.056410,0.061883,-0.041774,-0.029848,0.042882,0.665736,0.607263,-0.045946,-0.024930,0.049469,0.818488,0.771280
fire_total,fire_20051080714_2005,2005,2019,14,7,-0.005266,-0.004166,0.006443,0.027714,0.023218,0.003933,0.010360,0.019367,0.045850,0.054980,0.003424,0.001228,0.013296,0.028882,0.031536,0.000000,0.006896,0.051264,0.254850,0.268105,0.001182,-0.002616,0.031441,0.138250,0.144547,0.005018,0.001841,0.022246,0.055997,0.066915,-0.029473,-0.020095,0.106783,0.679391,0.607651,-0.031437,-0.009029,0.070575,0.823190,0.787803
fire_total,fire_20051080714_2005,2005,2020,15,7,-0.002502,-0.001112,0.004071,0.020000,0.020990,-0.006738,-0.003897,0.007609,0.040927,0.038590,0.000234,-0.003231,0.008793,0.025417,0.025005,-0.032161,-0.026211,0.059136,0.278981,0.258480,-0.011399,-0.012216,0.023507,0.129216,0.117817,-0.008855,-0.006502,0.011791,0.053811,0.055915,-0.011179,0.010810,0.061971,0.664126,0.636354,-0.014115,0.002983,0.061150,0.832234,0.799544
fire_total,fire_20051080714_2005,2005,2021,16,7,0.001994,0.001201,0.004124,0.017223,0.019698,0.005390,0.003485,0.010364,0.035318,0.040487,0.003520,0.003608,0.012502,0.020619,0.024716,-0.002723,-0.007378,0.053580,0.254713,0.251990,0.013475,0.003891,0.024308,0.119962,0.125352,0.006669,0.003657,0.014116,0.045960,0.059105,-0.038868,-0.021156,0.072289,0.700429,0.625762,-0.047753,-0.019592,0.060977,0.842263,0.784019
fire_total,fire_20051080714_2005,2005,2022,17,7,0.001485,0.000299,0.005906,0.019120,0.021017,0.005197,0.001025,0.013481,0.036692,0.043182,0.003355,0.000623,0.012849,0.019835,0.024565,-0.017078,-0.015296,0.051116,0.250422,0.243850,0.002035,-0.000257,0.034469,0.123482,0.122561,-0.000715,0.000010,0.018778,0.047692,0.047789,-0.053469,-0.024976,0.068342,0.705389,0.648666,-0.037135,-0.014057,0.054410,0.843548,0.806356
fire_total,fire_20051080714_2005,2005,2023,18,7,0.006077,0.002176,0.005532,0.018240,0.022379,0.007865,0.004386,0.010026,0.035400,0.039388,0.004097,0.001956,0.010912,0.021843,0.023685,0.024489,0.020831,0.056329,0.217931,0.243671,0.019690,0.014151,0.031958,0.109760,0.129450,0.011193,0.007455,0.016252,0.047225,0.058418,-0.023547,-0.016191,0.060926,0.668925,0.644111,-0.042151,-0.001520,0.075941,0.826677,0.788594
fire_total,fire_20051080714_2005,2005,2024,19,7,0.004428,0.002762,0.004476,0.017992,0.021897,0.004537,0.005254,0.009008,0.039552,0.048160,0.005225,0.004353,0.009968,0.023919,0.028511,0.004208,0.009285,0.042069,0.244042,0.238928,0.025520,0.015368,0.024018,0.114655,0.125380,0.018205,0.009104,0.013427,0.047418,0.058555,-0.078908,-0.055818,0.061277,0.685796,0.602103,-0.056537,-0.022049,0.055148,0.831910,0.776775
fire_total,fire_20051080714_2005,2005,2025,20,7,0.006669,0.006771,0.003923,0.015105,0.021774,0.004331,0.002497,0.006847,0.046207,0.053000,0.006229,0.006722,0.006156,0.023135,0.031358,0.027445,0.025738,0.048438,0.210905,0.245129,0.026538,0.021989,0.023528,0.097027,0.114930,0.013489,0.009729,0.011848,0.043017,0.054540,-0.051705,-0.041431,0.032441,0.681862,0.630774,-0.018571,-0.020669,0.031427,0.812289,0.767464
fire_total,fire_20051080731_2005,2005,2002,-3,5,-0.002695,-0.003800,0.003131,0.019422,0.015462,-0.008828,-0.007991,0.003888,0.038686,0.029103,-0.008401,-0.006966,0.004424,0.026985,0.018680,-0.010024,0.008082,0.045980,0.159837,0.154915,-0.015441,-0.013863,0.025781,0.088709,0.073130,-0.013544,-0.009268,0.012192,0.041684,0.029790,0.099451,0.092712,0.044752,0.580573,0.682443,0.065220,0.066813,0.025232,0.720711,0.804887
fire_total,fire_20051080731_2005,2005,2003,-2,6,-0.002372,-0.002033,0.005246,0.023369,0.023060,-0.006689,-0.007262,0.004332,0.041250,0.033001,-0.007610,-0.007111,0.004115,0.029653,0.023492,0.004249,0.013693,0.037094,0.167331,0.179411,-0.008834,-0.004973,0.019341,0.088564,0.080425,-0.006738,-0.005087,0.007371,0.041450,0.035537,0.077455,0.078183,0.028451,0.623335,0.690243,0.076773,0.075475,0.062496,0.702911,0.759775
fire_total,fire_20051080731_2005,2005,2004,-1,1,0.007604,0.007604,,0.023671,0.031275,0.006284,0.006284,,0.037256,0.043540,0.007466,0.007466,,0.025981,0.033447,0.098890,0.098890,,0.158105,0.256995,0.031076,0.031076,,0.078987,0.110063,0.015757,0.015757,,0.034603,0.050360,0.028669,0.028669,,0.643632,0.672301,0.089013,0.089013,,0.723096,0.812109
fire_total,fire_20051080731_2005,2005,2005,0,6,-0.004284,-0.005294,0.006996,0.030229,0.023141,-0.004647,-0.005122,0.004688,0.044523,0.038535,-0.010911,-0.010516,0.004674,0.038961,0.027645,0.085636,0.084130,0.029648,0.102982,0.182683,-0.043862,-0.037109,0.021188,0.125153,0.081290,-0.051212,-0.050013,0.006288,0.089438,0.038315,0.600090,0.589709,0.100056,0.085118,0.648039,0.280488,0.262726,0.070254,0.493749,0.738184
fire_total,fire_20051080731_2005,2005,2008,3,6,-0.010670,-0.010549,0.002139,0.027026,0.017477,-0.006806,-0.008094,0.003821,0.039277,0.031949,-0.019326,-0.018723,0.003503,0.037875,0.020591,0.012251,0.028070,0.038872,0.157046,0.178654,-0.080011,-0.077431,0.014253,0.163921,0.076478,-0.071424,-0.069004,0.011478,0.107133,0.033750,0.523605,0.513460,0.083786,0.149786,0.683574,0.241040,0.213189,0.057944,0.598008,0.800541
fire_total,fire_20051080731_2005,2005,2010,5,5,-0.007782,-0.005725,0.007850,0.029790,0.024428,-0.001925,-0.004136,0.006602,0.042797,0.041230,-0.018536,-0.015882,0.009378,0.043650,0.028167,0.009213,0.011795,0.014412,0.159535,0.171250,-0.102369,-0.108278,0.011867,0.189180,0.078300,-0.078705,-0.080361,0.012942,0.117322,0.037930,0.512097,0.501113,0.073608,0.167715,0.679812,0.195402,0.155244,0.086619,0.564078,0.719465
fire_total,fire_20051080731_2005,2005,2012,7,6,-0.007824,-0.007521,0.007968,0.027425,0.019560,-0.015599,-0.017180,0.008698,0.047129,0.031000,-0.026710,-0.024402,0.007344,0.042928,0.019958,-0.022612,-0.038379,0.056580,0.203013,0.176048,-0.142010,-0.144201,0.027661,0.220145,0.081607,-0.097130,-0.097570,0.020654,0.129807,0.035016,0.447020,0.438880,0.118456,0.221021,0.650382,0.136973,0.143396,0.061574,0.655196,0.794491
fire_total,fire_20051080731_2005,2005,2013,8,5,-0.021271,-0.021758,0.007772,0.038645,0.017374,-0.019525,-0.019033,0.010445,0.054237,0.035909,-0.030635,-0.032538,0.011013,0.052835,0.021100,-0.009364,-0.009205,0.014671,0.188685,0.179321,-0.135396,-0.128373,0.029897,0.204690,0.073130,-0.099027,-0.098048,0.024143,0.129972,0.030945,0.504312,0.503142,0.098375,0.182021,0.676953,0.211983,0.220334,0.061915,0.552440,0.800962
fire_total,fire_20051080731_2005,2005,2014,9,6,-0.018226,-0.018538,0.005999,0.037751,0.019478,-0.021223,-0.020192,0.005575,0.057318,0.037187,-0.029473,-0.029065,0.007062,0.049466,0.023135,-0.012285,-0.014000,0.021188,0.219176,0.204525,-0.135025,-0.140033,0.022576,0.231509,0.090812,-0.095439,-0.100419,0.019813,0.138140,0.041608,0.399815,0.422288,0.088791,0.250018,0.652500,0.201678,0.184770,0.054607,0.629467,0.793809
fire_total,fire_20051080731_2005,2005,2015,10,1,-0.017641,-0.017641,,0.038590,0.020949,-0.019649,-0.019649,,0.054155,0.034506,-0.023746,-0.023746,,0.046414,0.022668,-0.014080,-0.014080,,0.210671,0.196591,-0.121206,-0.121206,,0.211331,0.090125,-0.082788,-0.082788,,0.120911,0.038123,0.404906,0.404906,,0.270351,0.675257,0.156083,0.156083,,0.638666,0.794749
fire_total,fire_20051080731_2005,2005,2016,11,6,-0.016377,-0.017277,0.008754,0.033564,0.016700,-0.027885,-0.029586,0.009190,0.057868,0.028622,-0.036100,-0.035095,0.009092,0.051900,0.016645,-0.051797,-0.050944,0.013116,0.221658,0.168617,-0.134537,-0.140823,0.026054,0.229475,0.088159,-0.090874,-0.097616,0.021423,0.135445,0.039828,0.375704,0.405459,0.099190,0.250316,0.671833,0.184316,0.178414,0.064540,0.629543,0.808324
fire_total,fire_20051080731_2005,2005,2017,12,3,-0.022316,-0.024159,0.004500,0.040996,0.018680,-0.025011,-0.025580,0.002780,0.059435,0.034231,-0.036300,-0.036460,0.005398,0.057895,0.021595,-0.043780,-0.027605,0.037929,0.218110,0.172900,-0.159280,-0.153908,0.020152,0.243520,0.084240,-0.096635,-0.104134,0.015555,0.143805,0.042193,0.408384,0.417674,0.063242,0.232237,0.656170,0.238323,0.206498,0.060452,0.591503,0.787296
fire_total,fire_20051080731_2005,2005,2018,13,2,-0.027088,-0.027088,0.010618,0.045603,0.018514,-0.023616,-0.023616,0.010880,0.062474,0.038858,-0.033219,-0.033219,0.013144,0.057441,0.024221,-0.051020,-0.051020,0.002012,0.224359,0.173340,-0.147751,-0.147751,0.044949,0.224738,0.076987,-0.097604,-0.097604,0.037500,0.132345,0.034740,0.410159,0.410159,0.170360,0.268767,0.678926,0.156085,0.156085,0.078454,0.596721,0.752806
fire_total,fire_20051080731_2005,2005,2019,14,6,-0.020281,-0.021604,0.005724,0.042935,0.023060,-0.028119,-0.027887,0.004550,0.066392,0.038480,-0.035509,-0.035069,0.007222,0.060493,0.025486,-0.051418,-0.048776,0.016020,0.238109,0.185777,-0.144210,-0.138020,0.023832,0.242613,0.095515,-0.090640,-0.092698,0.016491,0.133314,0.042660,0.364298,0.356869,0.073897,0.281505,0.650664,0.192428,0.157153,0.061297,0.611065,0.760936
fire_total,fire_20051080731_2005,2005,2020,15,5,-0.023842,-0.022297,0.007001,0.040267,0.016315,-0.031446,-0.032934,0.007109,0.060164,0.026215,-0.032546,-0.034576,0.009025,0.051556,0.018377,-0.101393,-0.088498,0.029393,0.260144,0.140120,-0.124809,-0.142236,0.029680,0.218591,0.066681,-0.076656,-0.086721,0.021498,0.115054,0.029542,0.279871,0.303770,0.084098,0.388730,0.668601,0.160326,0.149636,0.053350,0.671059,0.807645
fire_total,fire_20051080731_2005,2005,2021,16,6,-0.029013,-0.029084,0.007265,0.051364,0.021388,-0.031274,-0.029695,0.007699,0.066427,0.035792,-0.039649,-0.037379,0.009149,0.061147,0.022310,-0.064412,-0.053229,0.023144,0.228423,0.160222,-0.138607,-0.145271,0.025150,0.236535,0.085876,-0.086818,-0.091557,0.021059,0.132372,0.040570,0.364203,0.351955,0.101817,0.263753,0.637105,0.222734,0.189402,0.068473,0.576569,0.767099
fire_total,fire_20051080731_2005,2005,2022,17,6,-0.022680,-0.020449,0.004225,0.041416,0.020708,-0.026613,-0.025294,0.005178,0.060322,0.035029,-0.031171,-0.029251,0.005972,0.052691,0.022887,-0.079296,-0.073271,0.023124,0.248195,0.160394,-0.125916,-0.121461,0.024564,0.211834,0.080747,-0.074291,-0.070849,0.015956,0.113555,0.038329,0.256302,0.237385,0.047040,0.358615,0.601187,0.115428,0.101750,0.063462,0.633196,0.738251
fire_total,fire_20051080731_2005,2005,2023,18,6,-0.010512,-0.011101,0.004854,0.033289,0.022138,-0.000935,-0.002782,0.005192,0.036789,0.033420,-0.014293,-0.014311,0.006273,0.039875,0.024262,0.062438,0.070966,0.022064,0.076905,0.142176,-0.073707,-0.072465,0.016368,0.160463,0.084130,-0.118903,-0.124211,0.022495,0.162044,0.042749,0.895182,0.911965,0.098955,-0.355429,0.580906,0.385644,0.397516,0.061843,0.323462,0.719434
fire_total,fire_20051080731_2005,2005,2024,19,6,-0.029378,-0.031738,0.008216,0.054149,0.023877,-0.023794,-0.023139,0.006801,0.061731,0.039443,-0.032120,-0.031041,0.007611,0.059552,0.028635,-0.013124,-0.003339,0.030928,0.155465,0.132572,-0.109306,-0.108880,0.015127,0.203178,0.090441,-0.124335,-0.124495,0.021852,0.166967,0.044090,0.574727,0.591533,0.099147,-0.068076,0.545747,0.228473,0.240206,0.074678,0.449669,0.679093
fire_total,fire_20051080731_2005,2005,2025,20,6,-0.029115,-0.030612,0.005570,0.053151,0.023396,-0.024310,-0.024253,0.004044,0.064846,0.039512,-0.032313,-0.032054,0.007160,0.060803,0.026847,-0.024868,-0.016745,0.027345,0.178167,0.152055,-0.106811,-0.107615,0.018477,0.197458,0.092373,-0.094057,-0.096227,0.018089,0.140663,0.046606,0.436683,0.464092,0.102153,0.082830,0.573739,0.219703,0.208418,0.064294,0.494097,0.701413
fire_total,fire_20051080759_2005,2005,2002,-3,7,-0.001857,-0.003795,0.006314,0.028030,0.024537,-0.008002,-0.009373,0.005641,0.051075,0.041670,-0.005486,-0.007892,0.006574,0.033007,0.026572,-0.007205,-0.023725,0.055294,0.272478,0.265273,-0.020845,-0.027337,0.021410,0.118725,0.104741,-0.012526,-0.013997,0.013538,0.047390,0.043155,0.048670,0.043386,0.123766,0.676798,0.702738,0.042849,0.034824,0.083516,0.790242,0.809555
fire_total,fire_20051080759_2005,2005,2004,-1,5,-0.005665,-0.005255,0.001851,0.022695,0.017003,-0.013668,-0.012975,0.007362,0.046428,0.036280,-0.007315,-0.007837,0.006163,0.028855,0.020907,-0.067677,-0.072413,0.054916,0.264695,0.194515,-0.022165,-0.026692,0.015451,0.103847,0.087348,-0.013008,-0.009534,0.007926,0.041560,0.033502,0.030056,0.013872,0.083905,0.715405,0.742554,0.017749,0.000121,0.068595,0.840701,0.836264
fire_total,fire_20051080759_2005,2005,2005,0,6,-0.002084,-0.001659,0.002317,0.024489,0.022386,0.000028,-0.000850,0.004959,0.037112,0.037470,-0.007321,-0.007516,0.003757,0.032498,0.025335,0.125490,0.112636,0.062184,0.118587,0.232328,-0.026648,-0.028973,0.016538,0.121984,0.094237,-0.058720,-0.060770,0.015047,0.094738,0.038645,0.688875,0.692827,0.187588,0.030945,0.710875,0.340421,0.346041,0.087681,0.428372,0.802813
fire_total,fire_20051080759_2005,2005,2006,1,7,-0.008470,-0.007384,0.005230,0.029061,0.020303,-0.004758,-0.006233,0.006488,0.039498,0.036197,-0.019154,-0.018144,0.005065,0.043554,0.024785,0.065284,0.077251,0.035916,0.129395,0.220282,-0.090090,-0.085134,0.014036,0.181673,0.095322,-0.097446,-0.094449,0.014148,0.132887,0.037160,0.695277,0.671386,0.145304,0.071474,0.734392,0.257612,0.277619,0.080450,0.552187,0.809728
fire_total,fire_20051080759_2005,2005,2007,2,4,-0.011990,-0.013080,0.003880,0.031509,0.018982,-0.014994,-0.014819,0.003457,0.054340,0.039092,-0.025232,-0.024276,0.006865,0.048972,0.024991,0.015139,0.007171,0.031061,0.235229,0.238137,-0.114599,-0.114084,0.010202,0.205267,0.092641,-0.091431,-0.089420,0.013069,0.130330,0.035929,0.442402,0.416135,0.108344,0.299600,0.744893,0.192279,0.158999,0.081918,0.637360,0.822925
fire_total,fire_20051080759_2005,2005,2008,3,6,-0.015214,-0.016227,0.009473,0.033048,0.014940,-0.023994,-0.023302,0.011823,0.055419,0.030134,-0.028649,-0.028433,0.009552,0.045788,0.016775,-0.063381,-0.053348,0.042346,0.258851,0.199534,-0.119900,-0.116167,0.019493,0.192989,0.084989,-0.075584,-0.074718,0.013392,0.108310,0.035049,0.317790,0.295533,0.040495,0.414529,0.709811,0.170636,0.168072,0.054373,0.683369,0.848365
fire_total,fire_20051080759_2005,2005,2010,5,6,-0.010575,-0.020639,0.031533,0.037731,0.025994,-0.018679,-0.025027,0.032142,0.060191,0.041347,-0.028001,-0.031508,0.030966,0.054430,0.026504,-0.046256,-0.046496,0.073196,0.295949,0.237759,-0.149132,-0.128407,0.051830,0.244757,0.095605,-0.090035,-0.082741,0.035440,0.126005,0.036830,0.316917,0.306224,0.078084,0.418656,0.756062,0.123350,0.119700,0.061812,0.701458,0.805634
fire_total,fire_20051080759_2005,2005,2011,6,1,-0.014423,-0.014423,,0.030477,0.016054,-0.014932,-0.014932,,0.045382,0.030450,-0.025148,-0.025148,,0.042577,0.017429,-0.066014,-0.066014,,0.261478,0.195464,-0.121426,-0.121426,,0.203535,0.082109,-0.076436,-0.076436,,0.115287,0.038851,0.243005,0.243005,,0.419857,0.662862,0.100971,0.100971,,0.732635,0.833606
fire_total,fire_20051080759_2005,2005,2013,8,7,-0.010271,-0.013809,0.006989,0.026902,0.014019,-0.016844,-0.017205,0.007686,0.049315,0.032348,-0.020928,-0.021254,0.004438,0.037298,0.015531,-0.037839,-0.068153,0.066073,0.312930,0.235022,-0.114400,-0.120259,0.020386,0.200276,0.086701,-0.060472,-0.064536,0.013041,0.097137,0.033778,0.228902,0.237036,0.103894,0.493357,0.748002,0.089555,0.091363,0.053331,0.775206,0.875286
fire_total,fire_20051080759_2005,2005,2014,9,7,-0.008525,-0.007140,0.003147,0.023602,0.016728,-0.015620,-0.017107,0.003903,0.048009,0.033090,-0.016294,-0.014789,0.005474,0.034809,0.018955,-0.114689,-0.118120,0.036587,0.353712,0.229811,-0.111732,-0.109468,0.016537,0.189331,0.081930,-0.052952,-0.051201,0.009205,0.087636,0.032925,0.174505,0.142768,0.081246,0.602739,0.758056,0.041655,0.029953,0.046828,0.827208,0.868863
fire_total,fire_20051080759_2005,2005,2015,10,7,-0.014740,-0.014412,0.003421,0.029927,0.016453,-0.018508,-0.017854,0.004412,0.055475,0.036142,-0.015950,-0.014997,0.004057,0.036459,0.020907,-0.109368,-0.099709,0.040028,0.342162,0.229495,-0.103483,-0.099587,0.015977,0.186994,0.081682,-0.055165,-0.050146,0.007815,0.086344,0.034080,0.160027,0.138117,0.065249,0.595212,0.755239,0.035616,0.023088,0.042064,0.811039,0.839180
fire_total,fire_20051080759_2005,2005,2016,11,7,-0.013805,-0.013088,0.003600,0.025445,0.012190,-0.022303,-0.024695,0.005113,0.052780,0.028910,-0.014548,-0.014487,0.004215,0.029295,0.015600,-0.167530,-0.153587,0.047504,0.383495,0.223500,-0.100457,-0.104740,0.011078,0.186925,0.074697,-0.050903,-0.048911,0.009291,0.078960,0.028883,0.093764,0.081424,0.073191,0.650914,0.748687,0.015571,0.001911,0.041250,0.857512,0.865163
fire_total,fire_20051080759_2005,2005,2017,12,5,-0.006532,-0.004964,0.004549,0.021870,0.015352,-0.016720,-0.013640,0.006767,0.050896,0.033585,-0.011715,-0.011341,0.006827,0.029570,0.017855,-0.184292,-0.168501,0.041688,0.406403,0.233482,-0.096043,-0.097790,0.009495,0.185660,0.080115,-0.043643,-0.041915,0.008420,0.078355,0.032842,0.072683,0.053418,0.084676,0.676860,0.749406,-0.004590,-0.014052,0.052898,0.863298,0.857920
fire_total,fire_20051080759_2005,2005,2018,13,7,-0.007425,-0.007093,0.002986,0.028305,0.019835,-0.002942,-0.006470,0.007208,0.050497,0.046909,-0.008497,-0.008751,0.005671,0.031275,0.022640,-0.118938,-0.129323,0.039275,0.361000,0.246793,-0.081675,-0.080394,0.011805,0.169875,0.080624,-0.031899,-0.032222,0.006349,0.068785,0.031743,0.055062,0.054054,0.071248,0.680181,0.750930,-0.033407,-0.030375,0.060663,0.844842,0.824511
fire_total,fire_20051080759_2005,2005,2019,14,7,-0.009790,-0.010022,0.003829,0.025528,0.014775,-0.016720,-0.016126,0.002593,0.048683,0.031633,-0.008676,-0.008276,0.003437,0.027150,0.018267,-0.144870,-0.159315,0.043218,0.361385,0.225425,-0.075749,-0.079607,0.009395,0.165035,0.079730,-0.030346,-0.029826,0.005064,0.064550,0.032320,0.007453,0.009614,0.063599,0.715746,0.731102,-0.032883,-0.029988,0.038731,0.866879,0.839075
fire_total,fire_20051080759_2005,2005,2020,15,3,0.011178,0.004794,0.011357,0.024290,0.035812,0.003685,-0.003328,0.012517,0.043788,0.047473,0.011371,0.007104,0.012790,0.024730,0.039979,-0.158442,-0.153918,0.023776,0.386658,0.211551,-0.040645,-0.047548,0.016494,0.155272,0.119646,0.015744,0.003310,0.028748,0.059792,0.077049,-0.188686,-0.123610,0.148158,0.730132,0.541446,-0.159079,-0.121217,0.082044,0.884009,0.728103
fire_total,fire_20051080759_2005,2005,2021,16,7,-0.006050,-0.007364,0.005430,0.027315,0.017979,-0.012856,-0.012410,0.006843,0.051845,0.038549,-0.002942,-0.004756,0.006381,0.029240,0.025486,-0.190699,-0.171541,0.068987,0.373485,0.199589,-0.074429,-0.067308,0.029311,0.166218,0.084047,-0.028091,-0.024880,0.012979,0.064605,0.035634,-0.026277,-0.021380,0.068627,0.716938,0.717711,-0.062357,-0.067791,0.045570,0.853356,0.797476
fire_total,fire_20051080759_2005,2005,2022,17,7,-0.001979,-0.002206,0.001114,0.014967,0.013482,-0.012045,-0.012864,0.004813,0.039126,0.024097,-0.004070,-0.003557,0.002075,0.020110,0.016892,-0.221650,-0.212887,0.038356,0.376427,0.156785,-0.066151,-0.063248,0.009144,0.147270,0.082879,-0.019538,-0.019806,0.002387,0.056822,0.037297,-0.137319,-0.122450,0.038159,0.733428,0.599654,-0.096619,-0.095882,0.025276,0.894470,0.797118
fire_total,fire_20051080759_2005,2005,2023,18,7,-0.001788,-0.001684,0.003029,0.017085,0.017690,-0.010767,-0.009786,0.003723,0.038480,0.027425,-0.001182,-0.001359,0.002089,0.022337,0.019312,-0.218708,-0.207267,0.027684,0.356091,0.154612,-0.056650,-0.054976,0.005846,0.143475,0.091541,-0.015221,-0.015398,0.001877,0.057042,0.041821,-0.163502,-0.151946,0.038780,0.728126,0.561277,-0.117795,-0.120952,0.026501,0.881999,0.757006
fire_total,fire_20051080759_2005,2005,2024,19,7,0.000041,0.000037,0.002109,0.022035,0.022076,-0.008993,-0.008413,0.002860,0.040185,0.032512,-0.000563,0.000207,0.002227,0.023520,0.023149,-0.192115,-0.187071,0.033210,0.343482,0.149965,-0.039655,-0.039344,0.006573,0.139405,0.101923,-0.006215,-0.006335,0.002825,0.056932,0.050855,-0.220680,-0.212372,0.039404,0.697175,0.482489,-0.144255,-0.147334,0.029509,0.856102,0.715771
fire_total,fire_20051080759_2005,2005,2025,20,7,-0.003905,-0.004021,0.002073,0.023974,0.019904,-0.008374,-0.007910,0.004468,0.045135,0.037683,0.001045,0.001573,0.005298,0.023273,0.024565,-0.198110,-0.194264,0.035468,0.373265,0.186870,-0.042171,-0.042729,0.004903,0.141839,0.103023,-0.010147,-0.010348,0.003873,0.057964,0.049975,-0.155965,-0.148391,0.054593,0.729348,0.574245,-0.115119,-0.127450,0.051502,0.879078,0.771633
fire_total,fire_20051080768_2005,2005,2002,-3,7,0.001320,0.007466,0.025073,0.031041,0.027425,0.007343,0.005756,0.028810,0.053206,0.047514,0.003753,-0.000723,0.030262,0.033159,0.027191,0.090132,0.076723,0.052266,0.271130,0.370048,0.006985,0.001314,0.033809,0.135335,0.156441,-0.013310,-0.009016,0.023028,0.052890,0.056300,0.093977,0.104996,0.104633,0.679094,0.737769,-0.000427,0.050888,0.152220,0.790406,0.806404
fire_total,fire_20051080768_2005,2005,2004,-1,10,-0.008862,-0.009781,0.011089,0.027879,0.022296,-0.008064,-0.011401,0.016759,0.051722,0.042571,-0.009763,-0.014927,0.019905,0.035386,0.026599,0.060988,0.059664,0.056111,0.261629,0.341021,-0.005520,-0.011608,0.027221,0.124555,0.125675,-0.010849,-0.018928,0.022173,0.056369,0.045060,0.112038,0.152492,0.108362,0.655397,0.772332,0.099701,0.117448,0.114604,0.768075,0.858091
fire_total,fire_20051080768_2005,2005,2005,0,10,-0.004022,-0.005353,0.011317,0.024139,0.021237,-0.001107,-0.004892,0.015358,0.037552,0.037572,-0.010573,-0.016727,0.018163,0.035991,0.025142,0.171580,0.175270,0.055050,0.131753,0.327450,0.002805,-0.002951,0.032592,0.114710,0.128886,-0.048662,-0.053988,0.020738,0.096767,0.048930,0.703232,0.639157,0.131484,0.034770,0.746231,0.324695,0.328053,0.102540,0.515378,0.867968
fire_total,fire_20051080797_2005,2005,2002,-3,10,-0.001148,-0.003132,0.007046,0.016996,0.015992,-0.001767,-0.006346,0.012397,0.030388,0.030058,-0.002256,-0.008533,0.013529,0.018612,0.017875,-0.014005,-0.020646,0.045254,0.175946,0.179198,-0.011660,-0.019164,0.038905,0.073900,0.069267,-0.001726,-0.009182,0.021183,0.030690,0.030374,0.015152,0.025699,0.084321,0.696537,0.695333,0.028341,0.043254,0.057833,0.797276,0.817795
fire_total,fire_20051080797_2005,2005,2003,-2,4,-0.000082,-0.000467,0.001615,0.018247,0.018165,-0.002200,-0.003946,0.008142,0.034754,0.034197,-0.005108,-0.005710,0.009101,0.022083,0.021230,-0.004792,-0.016081,0.037032,0.191827,0.190941,-0.013949,-0.015527,0.030493,0.088234,0.078445,-0.009763,-0.011805,0.020377,0.039168,0.029666,0.052374,0.052554,0.099102,0.661573,0.713947,0.038290,0.023585,0.033999,0.791156,0.800035
fire_total,fire_20051080797_2005,2005,2004,-1,1,-0.019415,-0.019415,,0.038370,0.018955,-0.034815,-0.034815,,0.070435,0.035620,-0.036465,-0.036465,,0.059091,0.022626,-0.073645,-0.073645,,0.273220,0.199575,-0.066398,-0.066398,,0.154846,0.088448,-0.039284,-0.039284,,0.077090,0.037806,0.121514,0.121514,,0.560483,0.681997,0.151513,0.151513,,0.645706,0.797219
fire_total,fire_20051080797_2005,2005,2005,0,9,-0.004427,-0.005865,0.010434,0.026078,0.021320,-0.006105,-0.009187,0.015167,0.041917,0.035922,-0.005844,-0.011650,0.017912,0.025638,0.023383,0.076519,0.067975,0.050201,0.135748,0.196330,-0.021011,-0.039860,0.055700,0.099448,0.075825,-0.037922,-0.036400,0.021977,0.070270,0.032430,0.598476,0.572960,0.215035,0.106484,0.680314,0.356562,0.311036,0.088952,0.424354,0.782738
fire_total,fire_20051080797_2005,2005,2006,1,6,-0.020351,-0.022472,0.007850,0.041038,0.019540,-0.026682,-0.026547,0.008093,0.060397,0.033035,-0.047459,-0.049741,0.013111,0.070283,0.020770,0.028126,0.023047,0.048207,0.163268,0.183673,-0.130653,-0.138222,0.049046,0.209599,0.076416,-0.119446,-0.129772,0.051272,0.148933,0.033819,0.682289,0.668883,0.222190,0.019776,0.668133,0.431149,0.412907,0.093681,0.380975,0.795366
fire_total,fire_20051080797_2005,2005,2007,2,3,-0.016761,-0.017907,0.002313,0.039965,0.023575,-0.020901,-0.021588,0.003610,0.060783,0.039882,-0.029480,-0.030039,0.002078,0.058032,0.026545,-0.024089,-0.023673,0.036020,0.214095,0.186499,-0.098505,-0.098757,0.005717,0.169737,0.071782,-0.064130,-0.071285,0.014862,0.094250,0.030120,0.347885,0.385492,0.114794,0.395519,0.698547,0.157747,0.184131,0.077596,0.603725,0.731519
fire_total,fire_20051080797_2005,2005,2008,3,8,-0.017834,-0.017997,0.004703,0.036734,0.017085,-0.022123,-0.023210,0.005751,0.054224,0.030477,-0.033894,-0.034249,0.006986,0.054499,0.019938,-0.061139,-0.042171,0.048738,0.224552,0.171181,-0.117350,-0.130541,0.034416,0.198406,0.067382,-0.097708,-0.097696,0.031494,0.128495,0.027466,0.452914,0.455327,0.193636,0.266964,0.712677,0.192118,0.211591,0.103085,0.601556,0.776028
fire_total,fire_20051080797_2005,2005,2009,4,1,-0.023651,-0.023651,,0.048903,0.025252,-0.023815,-0.023815,,0.069170,0.045355,-0.037208,-0.037208,,0.064564,0.027356,-0.011838,-0.011838,,0.247961,0.236123,-0.138436,-0.138436,,0.249433,0.110997,-0.101063,-0.101063,,0.149085,0.048022,0.413445,0.413445,,0.247109,0.660554,0.205115,0.205115,,0.589670,0.794785
fire_total,fire_20051080797_2005,2005,2010,5,8,-0.013420,-0.011999,0.006060,0.036830,0.025073,-0.021676,-0.018681,0.007932,0.058974,0.040061,-0.032141,-0.031700,0.007288,0.060240,0.026772,-0.052848,-0.064766,0.050901,0.242227,0.185186,-0.121426,-0.122631,0.026924,0.195312,0.073254,-0.079124,-0.080632,0.021179,0.109162,0.029268,0.346086,0.341972,0.127494,0.354297,0.693399,0.160056,0.160156,0.084578,0.603438,0.761923
fire_total,fire_20051080797_2005,2005,2011,6,5,-0.017160,-0.016577,0.006261,0.037022,0.017910,-0.022317,-0.021882,0.006871,0.056603,0.034286,-0.034403,-0.034837,0.007308,0.058665,0.019959,-0.044551,-0.056406,0.037562,0.237552,0.187104,-0.131093,-0.135998,0.038437,0.222524,0.091431,-0.092043,-0.091289,0.028306,0.135431,0.041450,0.396186,0.379937,0.127039,0.284710,0.680896,0.157678,0.175007,0.044473,0.615242,0.781196
fire_total,fire_20051080797_2005,2005,2012,7,6,-0.019675,-0.017251,0.007710,0.036541,0.016893,-0.023017,-0.021991,0.005598,0.056575,0.032608,-0.033233,-0.034682,0.004892,0.058266,0.023396,-0.092730,-0.077271,0.030646,0.285636,0.205130,-0.128673,-0.138027,0.030170,0.236246,0.092957,-0.089196,-0.091717,0.027898,0.137989,0.042509,0.299980,0.291851,0.096720,0.346707,0.654627,0.127608,0.130714,0.045732,0.661839,0.765657
fire_total,fire_20051080797_2005,2005,2013,8,10,-0.011323,-0.013418,0.007036,0.033056,0.019443,-0.015896,-0.017674,0.008149,0.052842,0.035531,-0.026159,-0.027061,0.007225,0.050587,0.023259,-0.079062,-0.088822,0.039041,0.280783,0.192405,-0.106576,-0.109667,0.023592,0.193257,0.082088,-0.062026,-0.067459,0.019485,0.098093,0.037332,0.208863,0.206711,0.083606,0.476667,0.659161,0.085036,0.082961,0.062921,0.691215,0.764010
fire_total,fire_20051080797_2005,2005,2014,9,6,-0.012540,-0.012141,0.006194,0.030670,0.017456,-0.019992,-0.019857,0.005932,0.054238,0.033235,-0.027549,-0.026311,0.005348,0.048593,0.021843,-0.093507,-0.098276,0.033762,0.290325,0.197161,-0.106192,-0.105829,0.021957,0.196489,0.090297,-0.062494,-0.062766,0.018733,0.099551,0.039394,0.167264,0.171271,0.080161,0.496163,0.648355,0.103352,0.097683,0.028425,0.706610,0.783687
fire_total,fire_20051080797_2005,2005,2015,10,10,-0.011193,-0.011058,0.007703,0.048972,0.037490,-0.017167,-0.018445,0.006567,0.068497,0.052141,-0.022701,-0.023049,0.010219,0.062914,0.040226,-0.102520,-0.099370,0.023073,0.291170,0.184416,-0.110530,-0.113875,0.016654,0.199472,0.074498,-0.063133,-0.065938,0.013492,0.101304,0.034107,0.229832,0.218679,0.064678,0.475089,0.680867,0.020250,0.020101,0.057677,0.628540,0.663148
fire_total,fire_20051080797_2005,2005,2016,11,8,-0.010339,-0.009908,0.004465,0.029872,0.018687,-0.020907,-0.021107,0.005483,0.056176,0.034753,-0.020178,-0.022616,0.008794,0.045919,0.023465,-0.120230,-0.127753,0.031590,0.319104,0.190218,-0.103104,-0.103037,0.014208,0.195601,0.093714,-0.056100,-0.056368,0.010186,0.098444,0.045073,0.112421,0.102414,0.061230,0.512736,0.617570,0.037857,0.026459,0.060269,0.735849,0.773645
fire_total,fire_20051080797_2005,2005,2017,12,9,-0.013997,-0.013029,0.003032,0.033640,0.019092,-0.022770,-0.020654,0.003816,0.057950,0.036720,-0.020790,-0.024499,0.011017,0.049590,0.024152,-0.135739,-0.136365,0.031388,0.330942,0.195203,-0.097653,-0.095279,0.010120,0.184478,0.097633,-0.050407,-0.051468,0.005393,0.090125,0.042014,0.067091,0.059396,0.043588,0.585816,0.652907,0.035043,0.027545,0.062574,0.718869,0.776968
fire_total,fire_20051080797_2005,2005,2018,13,6,-0.015916,-0.015657,0.001991,0.041148,0.024578,-0.021718,-0.020875,0.004024,0.062199,0.042041,-0.024970,-0.024393,0.005934,0.051838,0.027068,-0.132412,-0.128118,0.024500,0.319640,0.199740,-0.081407,-0.082110,0.009829,0.182470,0.101228,-0.041209,-0.042758,0.006346,0.086743,0.046476,0.043487,0.047219,0.032484,0.595503,0.630761,0.030210,0.024288,0.020649,0.715564,0.749982
fire_total,fire_20051080797_2005,2005,2019,14,8,-0.007274,-0.008244,0.004150,0.031784,0.022626,-0.017862,-0.018700,0.006028,0.058060,0.041635,-0.017586,-0.018848,0.010587,0.045232,0.026648,-0.137899,-0.137136,0.032259,0.336477,0.187763,-0.085511,-0.081495,0.013558,0.172240,0.097419,-0.040480,-0.040310,0.005444,0.083292,0.045156,0.039348,0.032944,0.035547,0.622418,0.641591,-0.000680,-0.011207,0.062442,0.739643,0.763232
fire_total,fire_20051080797_2005,2005,2020,15,9,-0.007508,-0.007130,0.005665,0.028690,0.019340,-0.019772,-0.018665,0.009674,0.053165,0.035208,-0.017903,-0.017602,0.010531,0.040295,0.022310,-0.167378,-0.165947,0.030902,0.343813,0.170755,-0.082197,-0.084100,0.015857,0.173340,0.087458,-0.034155,-0.037370,0.006566,0.076567,0.039814,0.002920,-0.001941,0.049371,0.635482,0.641681,-0.011903,-0.014990,0.066790,0.773404,0.773067
fire_total,fire_20051080797_2005,2005,2021,16,10,-0.013352,-0.013481,0.006267,0.032465,0.018968,-0.018968,-0.019779,0.008451,0.055420,0.033468,-0.016542,-0.019544,0.011869,0.041540,0.022034,-0.145736,-0.140638,0.026854,0.320452,0.175375,-0.079798,-0.077501,0.015914,0.163475,0.087038,-0.039690,-0.036252,0.008342,0.074470,0.035950,0.036724,0.021367,0.039659,0.619645,0.653102,-0.000417,0.000700,0.048020,0.741947,0.763027
fire_total,fire_20051080797_2005,2005,2022,17,10,-0.014506,-0.014721,0.006267,0.036184,0.017931,-0.025472,-0.025469,0.009273,0.061814,0.033750,-0.021862,-0.021928,0.010441,0.045788,0.021691,-0.154701,-0.157206,0.029857,0.343462,0.164733,-0.071823,-0.071444,0.019146,0.160662,0.089148,-0.030532,-0.032337,0.009496,0.075137,0.040350,-0.020398,-0.023529,0.038509,0.651042,0.636628,-0.007797,-0.007758,0.048386,0.769015,0.772397
fire_total,fire_20051080797_2005,2005,2023,18,7,-0.011124,-0.011318,0.002283,0.031412,0.020495,-0.021533,-0.021631,0.003643,0.054183,0.031412,-0.023911,-0.021059,0.010134,0.046895,0.021677,-0.163268,-0.167216,0.020328,0.328027,0.143338,-0.065202,-0.065206,0.008534,0.150515,0.078314,-0.026193,-0.027561,0.007501,0.069472,0.037256,-0.042201,-0.065981,0.049957,0.634162,0.592107,-0.001367,-0.022258,0.059075,0.760215,0.734356
fire_total,fire_20051080797_2005,2005,2024,19,10,-0.005596,-0.006872,0.005171,0.030711,0.024221,-0.019415,-0.019599,0.007246,0.059518,0.040542,-0.009419,-0.014729,0.012316,0.038562,0.027068,-0.138201,-0.136486,0.030691,0.281484,0.145083,-0.058121,-0.056356,0.013083,0.154228,0.094800,-0.025878,-0.024024,0.008110,0.069995,0.044365,-0.060669,-0.067074,0.025969,0.626123,0.567586,-0.049047,-0.035014,0.061896,0.780063,0.731308
fire_total,fire_20051080797_2005,2005,2025,20,10,-0.011901,-0.011821,0.004928,0.034266,0.022640,-0.018645,-0.017435,0.007163,0.058747,0.040557,-0.011811,-0.015559,0.012118,0.038493,0.026888,-0.145675,-0.136542,0.030090,0.304034,0.167400,-0.051171,-0.047639,0.016845,0.138312,0.089492,-0.020647,-0.019653,0.010616,0.062171,0.042523,-0.051691,-0.056069,0.030805,0.655655,0.612003,-0.048940,-0.031187,0.057398,0.770116,0.734398
fire_total,fire_20061080486_2006,2006,2003,-3,1,-0.004152,-0.004152,,0.032760,0.028608,-0.005459,-0.005459,,0.060343,0.054884,-0.008250,-0.008250,,0.051350,0.043100,-0.008099,-0.008099,,0.286998,0.278899,-0.045898,-0.045898,,0.178648,0.132750,-0.025355,-0.025355,,0.088448,0.063093,0.111605,0.111605,,0.524799,0.636404,0.044899,0.044899,,0.688646,0.733545
fire_total,fire_20061080486_2006,2006,2004,-2,2,0.005501,0.005501,0.008322,0.022516,0.028016,0.002495,0.002495,0.015275,0.051777,0.054272,0.011742,0.011742,0.018629,0.031302,0.043044,-0.031667,-0.031667,0.008888,0.355995,0.324329,-0.023114,-0.023114,0.026115,0.160470,0.137356,-0.004015,-0.004015,0.020107,0.068689,0.064674,-0.014815,-0.014815,0.082646,0.678665,0.663851,-0.071257,-0.071257,0.090083,0.837813,0.766557
fire_total,fire_20061080486_2006,2006,2005,-1,2,0.002977,0.002977,0.007555,0.028978,0.031955,0.004895,0.004895,0.011744,0.053578,0.058472,0.007940,0.007940,0.012552,0.038837,0.046778,-0.023561,-0.023561,0.010024,0.332820,0.309258,0.001519,0.001519,0.031861,0.163722,0.165241,0.004187,0.004187,0.023111,0.073948,0.078135,-0.042816,-0.042816,0.094325,0.647479,0.604663,-0.058156,-0.058156,0.069471,0.785993,0.727836
fire_total,fire_20061080486_2006,2006,2006,0,2,0.009474,0.009474,0.002431,0.023135,0.032608,0.024654,0.024654,0.006591,0.030849,0.055503,0.012505,0.012505,0.006797,0.036314,0.048820,0.233729,0.233729,0.048507,0.077523,0.311253,0.021251,0.021251,0.033475,0.130158,0.151409,-0.065450,-0.065450,0.026018,0.132957,0.067506,0.901215,0.901215,0.068359,-0.287019,0.614196,0.380847,0.380847,0.075675,0.365708,0.746555
fire_total,fire_20061080486_2006,2006,2007,1,2,-0.000860,-0.000860,0.000943,0.034121,0.033261,0.011130,0.011130,0.003938,0.049597,0.060728,-0.008201,-0.008201,0.003918,0.058383,0.050182,0.172597,0.172597,0.036743,0.128625,0.301222,-0.059111,-0.059111,0.003403,0.211441,0.152330,-0.108261,-0.108261,0.015293,0.180648,0.072387,0.778593,0.778593,0.162007,-0.170675,0.607919,0.353718,0.353718,0.079238,0.362626,0.716344
fire_total,fire_20061080486_2006,2006,2008,2,2,-0.010690,-0.010690,0.007147,0.035757,0.025067,-0.000433,-0.000433,0.005551,0.050882,0.050449,-0.009268,-0.009268,0.001594,0.050347,0.041079,0.097859,0.097859,0.019503,0.219540,0.317399,-0.086529,-0.086529,0.001225,0.216763,0.130234,-0.085648,-0.085648,0.011843,0.143585,0.057937,0.490916,0.490916,0.064101,0.193150,0.684066,0.159899,0.159899,0.019501,0.606215,0.766114
fire_total,fire_20061080486_2006,2006,2009,3,2,-0.001430,-0.001430,0.002878,0.027137,0.025707,-0.002035,-0.002035,0.007778,0.055159,0.053124,-0.006765,-0.006765,0.002800,0.040529,0.033764,0.037482,0.037482,0.028662,0.286998,0.324480,-0.074374,-0.074374,0.001575,0.217161,0.142788,-0.060528,-0.060528,0.017774,0.122245,0.061717,0.280226,0.280226,0.093955,0.400062,0.680288,0.059841,0.059841,0.034948,0.751630,0.811472
fire_total,fire_20061080486_2006,2006,2011,5,2,-0.008566,-0.008566,0.002858,0.034973,0.026408,0.000530,0.000530,0.017219,0.054973,0.055503,-0.003403,-0.003403,0.010996,0.047356,0.043953,0.028676,0.028676,0.046835,0.296079,0.324755,-0.067053,-0.067053,0.011016,0.224539,0.157486,-0.047451,-0.047451,0.002741,0.117777,0.070325,0.220349,0.220349,0.037549,0.428423,0.648772,0.033409,0.033409,0.028013,0.714456,0.747864
fire_total,fire_20061080486_2006,2006,2012,6,2,-0.010312,-0.010312,0.024618,0.100438,0.090125,-0.011977,-0.011977,0.007214,0.105567,0.093589,-0.017793,-0.017793,0.008362,0.104975,0.087182,-0.005432,-0.005432,0.008147,0.398442,0.393010,-0.079571,-0.079571,0.013475,0.249626,0.170054,-0.048441,-0.048441,0.021254,0.138594,0.090153,0.141299,0.141299,0.048445,0.485375,0.626675,0.053541,0.053541,0.018575,0.583197,0.636738
fire_total,fire_20061080486_2006,2006,2013,7,2,-0.008450,-0.008450,0.007069,0.035695,0.027246,0.001121,0.001121,0.001857,0.053364,0.054485,-0.001643,-0.001643,0.002538,0.042625,0.040982,0.035908,0.035908,0.065735,0.283195,0.319103,-0.044173,-0.044173,0.049401,0.194564,0.150391,-0.025135,-0.025135,0.031929,0.097343,0.072209,0.153589,0.153589,0.014359,0.484634,0.638223,0.052347,0.052347,0.066730,0.730395,0.782743
fire_total,fire_20061080486_2006,2006,2014,8,2,-0.004208,-0.004208,0.001828,0.030436,0.026229,-0.004345,-0.004345,0.003014,0.054939,0.050593,-0.001581,-0.001581,0.002236,0.042206,0.040625,-0.037971,-0.037971,0.037792,0.342541,0.304570,-0.068125,-0.068125,0.026397,0.210747,0.142622,-0.034801,-0.034801,0.004492,0.100204,0.065403,0.100968,0.100968,0.012934,0.546321,0.647289,-0.014807,-0.014807,0.022054,0.781667,0.766861
fire_total,fire_20061080486_2006,2006,2015,9,2,-0.007866,-0.007866,0.003208,0.035366,0.027501,-0.002894,-0.002894,0.004327,0.059119,0.056224,-0.001086,-0.001086,0.003674,0.042853,0.041766,-0.019697,-0.019697,0.035790,0.325821,0.306124,-0.060480,-0.060480,0.017199,0.205219,0.144740,-0.029686,-0.029686,0.006884,0.096896,0.067211,0.102533,0.102533,0.002659,0.534574,0.637107,-0.015698,-0.015698,0.031010,0.769110,0.753412
fire_total,fire_20061080486_2006,2006,2016,10,2,-0.005404,-0.005404,0.007487,0.035043,0.029638,-0.001546,-0.001546,0.000593,0.062144,0.060597,-0.000192,-0.000192,0.003753,0.047726,0.047534,-0.037070,-0.037070,0.037569,0.359818,0.322747,-0.056512,-0.056512,0.017598,0.206498,0.149985,-0.026077,-0.026077,0.009344,0.099888,0.073811,0.062780,0.062780,0.011022,0.566110,0.628889,-0.020811,-0.020811,0.021048,0.772841,0.752030
fire_total,fire_20061080486_2006,2006,2017,11,2,-0.005198,-0.005198,0.007157,0.029171,0.023974,-0.003788,-0.003788,0.006661,0.058383,0.054595,-0.007178,-0.007178,0.012795,0.045383,0.038205,-0.081394,-0.081394,0.064977,0.379343,0.297949,-0.078093,-0.078093,0.007749,0.209249,0.131155,-0.037035,-0.037035,0.015994,0.100623,0.063587,0.072104,0.072104,0.089202,0.566496,0.638599,-0.000040,-0.000040,0.092220,0.777772,0.777731
fire_total,fire_20061080486_2006,2006,2018,12,2,-0.005280,-0.005280,0.001167,0.029405,0.024125,-0.002805,-0.002805,0.004938,0.054114,0.051309,-0.003383,-0.003383,0.005990,0.035483,0.032100,-0.049294,-0.049294,0.088885,0.363475,0.314181,-0.056045,-0.056045,0.012288,0.186128,0.130082,-0.019181,-0.019181,0.002975,0.081201,0.062019,0.020957,0.020957,0.052930,0.636418,0.657376,0.001139,0.001139,0.064521,0.816106,0.817245
fire_total,fire_20061080486_2006,2006,2019,13,2,-0.005280,-0.005280,0.004122,0.029309,0.024029,-0.000400,-0.000400,0.005931,0.053289,0.052889,-0.000247,-0.000247,0.014001,0.036913,0.036666,-0.065862,-0.065862,0.064287,0.367091,0.301229,-0.051899,-0.051899,0.001721,0.187261,0.135362,-0.018267,-0.018267,0.005163,0.080493,0.062226,0.032193,0.032193,0.080823,0.639960,0.672152,-0.036009,-0.036009,0.085277,0.823376,0.787367
fire_total,fire_20061080486_2006,2006,2020,14,1,-0.008951,-0.008951,,0.028979,0.020028,-0.000055,-0.000055,,0.049370,0.049315,0.002104,0.002104,,0.027219,0.029323,-0.142216,-0.142216,,0.445989,0.303773,-0.070455,-0.070455,,0.189950,0.119495,-0.024722,-0.024722,,0.076210,0.051488,0.007971,0.007971,,0.710389,0.718360,-0.056743,-0.056743,,0.884884,0.828141
fire_total,fire_20061080486_2006,2006,2021,15,2,-0.005198,-0.005198,0.006261,0.029638,0.024441,-0.000695,-0.000695,0.006232,0.050250,0.049556,0.002022,0.002022,0.007564,0.033983,0.036005,-0.062088,-0.062088,0.064841,0.339371,0.277283,-0.051920,-0.051920,0.002994,0.171071,0.119151,-0.018474,-0.018474,0.003802,0.074079,0.055606,0.027703,0.027703,0.076500,0.639928,0.667631,-0.044862,-0.044862,0.097984,0.810249,0.765386
fire_total,fire_20061080486_2006,2006,2022,16,2,-0.003314,-0.003314,0.004725,0.025995,0.022681,0.002097,0.002097,0.009772,0.051976,0.054073,0.002496,0.002496,0.010996,0.032313,0.034809,-0.043917,-0.043917,0.060242,0.369023,0.325105,-0.038486,-0.038486,0.009236,0.175237,0.136752,-0.010306,-0.010306,0.011444,0.073914,0.063608,0.001077,0.001077,0.080935,0.670737,0.671814,-0.051857,-0.051857,0.090348,0.844580,0.792723
fire_total,fire_20061080486_2006,2006,2023,17,2,-0.000351,-0.000351,0.001216,0.022997,0.022646,0.008249,0.008249,0.005853,0.038522,0.046771,-0.000226,-0.000226,0.000457,0.033103,0.032877,0.115926,0.115926,0.024151,0.156757,0.272684,-0.040287,-0.040287,0.013825,0.168589,0.128302,-0.059298,-0.059298,0.003743,0.118099,0.058802,0.471242,0.471242,0.103016,0.184697,0.655938,0.123678,0.123678,0.052340,0.637919,0.761597
fire_total,fire_20061080486_2006,2006,2024,18,2,-0.011288,-0.011288,0.003597,0.036954,0.025665,0.001878,0.001878,0.000029,0.058417,0.060295,-0.002544,-0.002544,0.004648,0.043086,0.040542,-0.016713,-0.016713,0.050937,0.305285,0.288572,-0.050771,-0.050771,0.009265,0.194185,0.143413,-0.034622,-0.034622,0.003229,0.103119,0.068496,0.139956,0.139956,0.034768,0.476770,0.616726,0.000414,0.000414,0.048871,0.753543,0.753957
fire_total,fire_20061080486_2006,2006,2025,19,2,-0.011633,-0.011633,0.004278,0.034382,0.022749,-0.003995,-0.003995,0.005979,0.062178,0.058183,-0.006551,-0.006551,0.003316,0.043258,0.036707,-0.030656,-0.030656,0.078258,0.329973,0.299318,-0.068317,-0.068317,0.025231,0.194179,0.125862,-0.034979,-0.034979,0.010151,0.094057,0.059078,0.124211,0.124211,0.013713,0.543956,0.668166,0.009741,0.009741,0.043877,0.767321,0.777062
fire_total,fire_20061080494_2006,2006,2003,-3,4,-0.010471,-0.008570,0.005898,0.036487,0.026016,-0.007680,-0.005088,0.005629,0.050669,0.044406,-0.005548,-0.004775,0.003979,0.033990,0.028758,0.033860,0.033495,0.009087,0.203136,0.236996,0.010670,0.008068,0.016822,0.089080,0.102754,0.006297,0.004448,0.008481,0.037992,0.043430,0.023519,0.036019,0.045075,0.670805,0.699562,0.070996,0.062292,0.020205,0.736846,0.786971
fire_total,fire_20061080494_2006,2006,2004,-2,5,0.002227,0.000781,0.003079,0.021622,0.022227,0.004345,0.005151,0.004786,0.038837,0.044200,0.001526,0.004735,0.007821,0.027631,0.028690,0.036767,0.042053,0.032937,0.193800,0.237855,0.011220,0.016338,0.015689,0.087017,0.098237,0.004881,0.005786,0.007595,0.035001,0.039882,0.003611,0.010879,0.053669,0.707280,0.719145,0.012409,-0.006866,0.069027,0.761838,0.801435
fire_total,fire_20061080494_2006,2006,2005,-1,3,-0.000660,-0.001040,0.003145,0.022640,0.021980,-0.002612,-0.002159,0.002066,0.041464,0.041532,-0.002764,-0.003158,0.004070,0.028718,0.027274,0.014603,0.030626,0.028315,0.233730,0.257174,0.012760,0.001769,0.025621,0.090427,0.103187,0.005267,-0.000165,0.014773,0.038411,0.041904,0.011443,0.033808,0.049426,0.706421,0.725472,0.059438,0.038438,0.037357,0.772048,0.801387
fire_total,fire_20061080494_2006,2006,2006,0,1,0.009927,0.009927,,0.010843,0.020770,0.018893,0.018893,,0.021595,0.040488,0.002901,0.002901,,0.023850,0.026751,0.191468,0.191468,,0.043898,0.235366,0.004785,0.004785,,0.088310,0.093095,-0.057970,-0.057970,,0.098265,0.040295,0.892102,0.892102,,-0.176702,0.715400,0.421626,0.421626,,0.376811,0.798437
fire_total,fire_20061080494_2006,2006,2008,2,5,-0.011412,-0.008998,0.004904,0.029075,0.018199,-0.005225,-0.006361,0.006074,0.041546,0.035496,-0.017201,-0.018210,0.002718,0.041642,0.022475,0.063924,0.077256,0.036228,0.136160,0.222221,-0.082734,-0.086254,0.013085,0.176173,0.089410,-0.091093,-0.089713,0.020000,0.126783,0.035881,0.684929,0.632141,0.187061,-0.006333,0.736418,0.283555,0.280247,0.085921,0.492609,0.823786
fire_total,fire_20061080494_2006,2006,2010,4,3,-0.010051,-0.009070,0.002931,0.029020,0.022117,-0.008992,-0.007769,0.012003,0.047692,0.038700,-0.018563,-0.017046,0.008077,0.040378,0.023822,0.026331,0.025964,0.036370,0.211290,0.273440,-0.114428,-0.108185,0.014430,0.218523,0.104123,-0.073425,-0.081592,0.015073,0.118642,0.043196,0.389559,0.408114,0.112714,0.251809,0.724465,0.127654,0.130045,0.041156,0.689958,0.838176
fire_total,fire_20061080494_2006,2006,2011,5,4,-0.006497,-0.006064,0.005712,0.025830,0.019464,-0.016521,-0.011633,0.011073,0.049287,0.034781,-0.016438,-0.017552,0.007712,0.040281,0.022242,-0.006236,0.021058,0.063353,0.209537,0.253901,-0.104047,-0.102730,0.012438,0.198571,0.095652,-0.070028,-0.066674,0.010288,0.109822,0.040398,0.335520,0.345456,0.118678,0.341188,0.726881,0.146082,0.136365,0.058118,0.680942,0.839137
fire_total,fire_20061080494_2006,2006,2013,7,5,-0.011962,-0.012493,0.003050,0.026847,0.015133,-0.013805,-0.014666,0.002832,0.050195,0.032691,-0.019855,-0.021188,0.004273,0.041038,0.019615,-0.045017,-0.037436,0.042635,0.251385,0.224683,-0.113960,-0.118322,0.021759,0.209282,0.094222,-0.070881,-0.071622,0.014231,0.112950,0.039167,0.277822,0.286379,0.055657,0.417218,0.730833,0.098601,0.110446,0.046536,0.722722,0.849617
fire_total,fire_20061080494_2006,2006,2014,8,3,-0.014382,-0.014153,0.001484,0.032677,0.018102,-0.015826,-0.015670,0.004155,0.056479,0.038645,-0.015826,-0.018549,0.008132,0.041271,0.024702,-0.046448,-0.050009,0.013870,0.275502,0.210190,-0.106384,-0.105128,0.010342,0.197774,0.083745,-0.062521,-0.063901,0.008901,0.103449,0.036802,0.218838,0.250659,0.059921,0.457661,0.699654,0.073231,0.083992,0.039200,0.729397,0.802628
fire_total,fire_20061080494_2006,2006,2015,9,5,-0.016775,-0.015846,0.002842,0.035290,0.018872,-0.018012,-0.018901,0.004407,0.055283,0.035070,-0.020653,-0.019905,0.004531,0.043843,0.021100,-0.071734,-0.060894,0.019414,0.276603,0.229811,-0.110550,-0.114100,0.018661,0.206670,0.086605,-0.067980,-0.066371,0.009904,0.105608,0.033667,0.304905,0.269086,0.071478,0.441320,0.747840,0.081293,0.079435,0.036948,0.745085,0.829817
fire_total,fire_20061080494_2006,2006,2018,12,4,-0.017930,-0.019040,0.005285,0.038782,0.020852,-0.019064,-0.018109,0.003252,0.072429,0.053275,-0.026269,-0.026053,0.005539,0.052485,0.024758,-0.091513,-0.094414,0.011015,0.305910,0.210892,-0.115486,-0.115379,0.011606,0.199314,0.083827,-0.059750,-0.059788,0.005061,0.094696,0.034148,0.183412,0.187268,0.020132,0.530137,0.719704,0.076198,0.073742,0.032443,0.708561,0.785417
fire_total,fire_20061080494_2006,2006,2019,13,5,-0.017834,-0.017652,0.003990,0.033172,0.015682,-0.025438,-0.025836,0.008900,0.062295,0.038205,-0.020474,-0.021854,0.008045,0.040488,0.020797,-0.119817,-0.131318,0.026353,0.330255,0.212445,-0.113053,-0.115978,0.015117,0.200125,0.083140,-0.055618,-0.058209,0.008181,0.090661,0.033502,0.149318,0.151684,0.042877,0.577454,0.760800,0.042195,0.042194,0.036449,0.791303,0.842525
fire_total,fire_20061080494_2006,2006,2020,14,2,-0.025691,-0.025691,0.001351,0.040934,0.015243,-0.032361,-0.032361,0.004423,0.067437,0.035077,-0.022214,-0.022214,0.007321,0.041457,0.019244,-0.105724,-0.105724,0.025746,0.379734,0.274011,-0.123888,-0.123888,0.002781,0.213580,0.089692,-0.064164,-0.064164,0.011307,0.097474,0.033310,0.156303,0.156303,0.049903,0.631593,0.787895,0.040394,0.040394,0.032336,0.824590,0.864984
fire_total,fire_20061080494_2006,2006,2021,15,5,-0.017477,-0.015931,0.004400,0.032499,0.016700,-0.016734,-0.015288,0.005221,0.056630,0.038920,-0.020817,-0.017946,0.007066,0.042055,0.022351,-0.079062,-0.083768,0.012613,0.300885,0.219870,-0.091121,-0.089843,0.009215,0.179775,0.087842,-0.047341,-0.045600,0.007147,0.081380,0.034548,0.151379,0.147068,0.039195,0.565193,0.717520,0.055299,0.044822,0.035318,0.760396,0.812053
fire_total,fire_20061080494_2006,2006,2022,16,5,-0.007879,-0.010568,0.005257,0.021444,0.013015,-0.016198,-0.021029,0.009034,0.046840,0.028442,-0.015139,-0.016052,0.007811,0.032265,0.015902,-0.154495,-0.154575,0.023670,0.347030,0.192535,-0.099536,-0.096973,0.011929,0.179005,0.074093,-0.045210,-0.045158,0.007758,0.078658,0.031908,0.074772,0.073720,0.017888,0.640364,0.722547,0.010516,0.014515,0.027174,0.822341,0.855053
fire_total,fire_20061080494_2006,2006,2023,17,5,-0.010216,-0.010431,0.001552,0.027439,0.018267,-0.020653,-0.018780,0.006936,0.053069,0.036775,-0.013750,-0.012567,0.004247,0.035111,0.023630,-0.140168,-0.136081,0.021890,0.322335,0.185385,-0.084479,-0.080107,0.011439,0.172927,0.088750,-0.036850,-0.036237,0.004115,0.075632,0.038782,0.017373,0.018934,0.013050,0.644631,0.656326,-0.013244,-0.016330,0.024815,0.795747,0.799079
fire_total,fire_20061080494_2006,2006,2024,18,5,-0.010808,-0.011019,0.002078,0.028484,0.017305,-0.016609,-0.018664,0.004859,0.052478,0.032622,-0.012402,-0.012389,0.004591,0.035620,0.021595,-0.138916,-0.142747,0.014640,0.313576,0.174660,-0.078156,-0.073818,0.009911,0.166740,0.090043,-0.034471,-0.031485,0.005366,0.070683,0.040130,-0.015105,-0.008748,0.023977,0.631752,0.608803,-0.026129,-0.029455,0.016175,0.798171,0.770473
fire_total,fire_20061080494_2006,2006,2025,19,2,-0.010450,-0.010450,0.000058,0.032746,0.022296,-0.019463,-0.019463,0.007282,0.066640,0.047177,-0.014802,-0.014802,0.006932,0.044984,0.030181,-0.152405,-0.152405,0.012036,0.340052,0.187647,-0.072731,-0.072731,0.003626,0.169126,0.096395,-0.030222,-0.030222,0.000350,0.080204,0.049981,-0.035248,-0.035248,0.011741,0.623420,0.588172,-0.043519,-0.043519,0.017497,0.768244,0.724725
fire_total,fire_20071080134_2007,2007,2004,-3,3,-0.002214,-0.002484,0.003356,0.025252,0.019285,-0.005294,-0.008796,0.007919,0.056575,0.039346,-0.001046,-0.005230,0.009854,0.035400,0.022392,-0.058148,-0.067338,0.018835,0.372454,0.298259,-0.023031,-0.032400,0.020586,0.171828,0.129931,-0.002393,-0.008429,0.015944,0.067685,0.053715,-0.037045,-0.020136,0.040055,0.691413,0.669516,-0.007769,0.006880,0.031029,0.840875,0.827845
fire_total,fire_20071080134_2007,2007,2005,-2,3,-0.012857,-0.011578,0.002299,0.039814,0.027672,-0.017448,-0.017723,0.006425,0.064756,0.044530,-0.011825,-0.016999,0.009214,0.048751,0.032458,-0.035090,-0.041195,0.029693,0.320905,0.294450,-0.042680,-0.033509,0.023746,0.178015,0.129698,-0.016885,-0.011752,0.009896,0.075055,0.058170,-0.010066,0.007131,0.049764,0.632914,0.672115,0.017532,0.049894,0.061963,0.750376,0.801427
fire_total,fire_20071080134_2007,2007,2006,-1,2,-0.002434,-0.002434,0.004803,0.023541,0.021107,-0.003856,-0.003856,0.005396,0.044385,0.040529,-0.005782,-0.005782,0.007963,0.030305,0.024524,-0.043573,-0.043573,0.020438,0.301373,0.257800,-0.023698,-0.023698,0.002343,0.143028,0.119330,-0.009962,-0.009962,0.003179,0.060281,0.050319,-0.005917,-0.005917,0.058483,0.670346,0.664428,-0.008267,-0.008267,0.044936,0.819646,0.811380
fire_total,fire_20071080134_2007,2007,2007,0,3,0.000234,0.000335,0.001996,0.023850,0.024029,-0.005775,-0.009111,0.006954,0.059737,0.042633,-0.003093,-0.006705,0.006859,0.041587,0.029556,-0.025658,-0.026670,0.004103,0.307925,0.276740,-0.027390,-0.029815,0.018032,0.169820,0.120884,-0.003245,-0.009332,0.013173,0.079565,0.055117,0.027360,0.014813,0.046750,0.597607,0.624967,0.001490,0.010235,0.025822,0.786078,0.777947
fire_total,fire_20071080134_2007,2007,2008,1,2,-0.005294,-0.005294,0.004492,0.032835,0.027542,-0.018879,-0.018879,0.013436,0.063512,0.044633,-0.014183,-0.014183,0.014380,0.041828,0.027645,-0.056155,-0.056155,0.017676,0.325690,0.269535,-0.056671,-0.056671,0.011618,0.189696,0.133025,-0.034217,-0.034217,0.011853,0.091692,0.057475,0.096336,0.096336,0.042263,0.559014,0.655350,0.048410,0.048410,0.050763,0.783551,0.831960
fire_total,fire_20071080193_2007,2007,2004,-3,3,0.012403,0.020158,0.014700,0.022365,0.034933,0.025354,0.026812,0.005738,0.031413,0.056767,0.019841,0.021762,0.007791,0.022365,0.040336,0.119047,0.098550,0.035632,0.180600,0.296127,0.036658,0.039499,0.020731,0.081875,0.140780,0.019291,0.021826,0.008903,0.032540,0.059751,0.002895,-0.014646,0.034611,0.689863,0.688881,-0.017664,-0.021837,0.038619,0.796166,0.743735
fire_total,fire_20071080193_2007,2007,2005,-2,9,-0.002750,-0.001800,0.005161,0.023877,0.022791,-0.000893,-0.000056,0.009049,0.040433,0.040185,-0.004208,-0.000813,0.008790,0.025362,0.024510,0.043712,0.041988,0.054298,0.243988,0.275722,0.007316,0.013752,0.021182,0.110475,0.123029,0.004042,0.003894,0.009187,0.048655,0.052766,0.030569,0.036610,0.045552,0.643353,0.691275,0.009875,0.025653,0.084414,0.775382,0.856801
fire_total,fire_20071080193_2007,2007,2006,-1,6,-0.002785,-0.003910,0.005334,0.024950,0.021539,-0.004394,-0.006057,0.006075,0.039683,0.033722,-0.002852,-0.003014,0.002720,0.028827,0.025823,0.041112,0.030337,0.044121,0.244827,0.271583,0.002668,0.000179,0.019712,0.122637,0.109443,-0.003506,-0.004184,0.006568,0.051158,0.045623,0.066248,0.057681,0.043165,0.633943,0.717278,0.037123,0.038413,0.047092,0.755200,0.815697
fire_total,fire_20071080193_2007,2007,2007,0,9,-0.017861,-0.021908,0.016012,0.051432,0.032485,-0.015895,-0.016963,0.016039,0.064248,0.050745,-0.031336,-0.034936,0.022339,0.068551,0.035359,0.053062,0.085689,0.066225,0.167978,0.234940,-0.052649,-0.054535,0.044096,0.173271,0.116800,-0.059235,-0.070275,0.035371,0.122520,0.051199,0.543705,0.522862,0.175939,0.175750,0.680399,0.397719,0.345632,0.133931,0.405163,0.739491
fire_total,fire_20071080193_2007,2007,2008,1,3,-0.013117,-0.011426,0.009023,0.037022,0.018487,-0.013393,-0.013026,0.012640,0.055805,0.034107,-0.016610,-0.025474,0.018186,0.050607,0.018295,0.084315,0.072059,0.079417,0.202490,0.309795,-0.051287,-0.054450,0.072061,0.176255,0.124968,-0.055660,-0.062764,0.056492,0.110310,0.054650,0.393977,0.418631,0.186195,0.341860,0.701557,0.208629,0.234961,0.079630,0.641220,0.813052
fire_total,fire_20071080193_2007,2007,2010,3,8,-0.021381,-0.022062,0.014611,0.042426,0.020248,-0.027817,-0.031075,0.016545,0.065664,0.036115,-0.034320,-0.038668,0.025672,0.061552,0.027232,-0.022797,-0.015190,0.056933,0.242901,0.225810,-0.120244,-0.119725,0.047592,0.233331,0.108522,-0.094793,-0.096087,0.047403,0.133355,0.044345,0.411646,0.413728,0.244124,0.302941,0.680489,0.210140,0.222477,0.209215,0.608502,0.789332
fire_total,fire_20071080193_2007,2007,2011,4,5,-0.021257,-0.019107,0.021530,0.050690,0.025500,-0.018068,-0.026628,0.028174,0.057785,0.039717,-0.033494,-0.036641,0.038846,0.065787,0.031385,-0.046626,-0.014756,0.075966,0.242805,0.228917,-0.081373,-0.101552,0.077542,0.199465,0.116938,-0.081621,-0.088262,0.066110,0.127773,0.046152,0.463442,0.381338,0.237897,0.162045,0.707878,0.312497,0.200293,0.192233,0.496727,0.787378
fire_total,fire_20071080193_2007,2007,2012,5,9,-0.013324,-0.012951,0.012826,0.044090,0.031660,-0.019773,-0.020222,0.015726,0.061827,0.042880,-0.023154,-0.028369,0.026429,0.055007,0.029515,-0.013502,-0.027523,0.042818,0.255290,0.238048,-0.096374,-0.092334,0.049271,0.203164,0.108550,-0.059607,-0.067954,0.047156,0.101524,0.044942,0.168327,0.261814,0.196489,0.500664,0.682391,0.112287,0.128786,0.156955,0.677112,0.782034
fire_total,fire_20071080193_2007,2007,2013,6,10,-0.012285,-0.012947,0.009765,0.031006,0.021168,-0.013770,-0.015984,0.011293,0.059689,0.046111,-0.022920,-0.021539,0.016276,0.045534,0.025335,-0.018102,-0.028725,0.061496,0.287430,0.265465,-0.091314,-0.083984,0.039725,0.214886,0.122774,-0.054464,-0.059129,0.036676,0.105429,0.056107,0.223732,0.218192,0.171275,0.514372,0.672077,0.111218,0.101475,0.117822,0.738969,0.839652
fire_total,fire_20071080193_2007,2007,2014,7,10,-0.011640,-0.013846,0.009337,0.031866,0.019697,-0.020096,-0.019949,0.010906,0.059999,0.039635,-0.023512,-0.021322,0.014418,0.043788,0.022028,-0.055020,-0.049174,0.063591,0.299634,0.254644,-0.069286,-0.072907,0.035598,0.190576,0.112744,-0.044914,-0.046069,0.026532,0.093659,0.046661,0.181688,0.163689,0.118480,0.543057,0.692278,0.107800,0.090748,0.092744,0.750614,0.844156
fire_total,fire_20071080193_2007,2007,2015,8,9,-0.007274,-0.007165,0.007315,0.026325,0.019546,-0.013997,-0.011504,0.010235,0.046936,0.036252,-0.015552,-0.014483,0.009580,0.033668,0.019354,-0.029851,-0.036121,0.063564,0.281759,0.253503,-0.054340,-0.058882,0.038588,0.174880,0.114256,-0.033688,-0.033678,0.021819,0.080789,0.043045,0.157807,0.139445,0.115439,0.577343,0.726320,0.082435,0.067008,0.073652,0.769423,0.859494
fire_total,fire_20071080193_2007,2007,2016,9,10,-0.010587,-0.009193,0.008078,0.026992,0.016508,-0.024689,-0.019284,0.010432,0.056087,0.033970,-0.021230,-0.017587,0.014876,0.042021,0.021416,-0.061827,-0.060834,0.059113,0.324411,0.261299,-0.071315,-0.059202,0.032546,0.183013,0.116277,-0.048654,-0.038367,0.023896,0.093239,0.048730,0.172560,0.113947,0.106152,0.568417,0.701798,0.105882,0.058781,0.085640,0.765322,0.863743
fire_total,fire_20071080193_2007,2007,2018,11,6,-0.008532,-0.009009,0.006839,0.030429,0.019271,-0.016047,-0.014846,0.008877,0.054533,0.039230,-0.015256,-0.015219,0.008496,0.039903,0.023994,-0.064502,-0.056018,0.056727,0.303367,0.267857,-0.042433,-0.051650,0.037978,0.174729,0.115067,-0.029865,-0.031788,0.021832,0.079524,0.045396,0.118568,0.094390,0.069320,0.580478,0.695388,0.076134,0.046987,0.050807,0.764449,0.834193
fire_total,fire_20071080193_2007,2007,2019,12,10,-0.008346,-0.007411,0.006013,0.029013,0.020729,-0.015304,-0.013560,0.009452,0.056534,0.041780,-0.017188,-0.012435,0.010588,0.038769,0.025899,-0.070125,-0.071693,0.062993,0.335680,0.271432,-0.045251,-0.047846,0.032181,0.169607,0.117487,-0.022261,-0.023415,0.017917,0.076753,0.052505,0.078270,0.049798,0.081486,0.593664,0.691417,0.048467,0.030021,0.071588,0.759351,0.831983
fire_total,fire_20071080193_2007,2007,2020,13,5,0.004303,0.004692,0.004006,0.015957,0.020220,0.002338,0.002170,0.007151,0.034616,0.036802,0.000714,0.001309,0.005879,0.019808,0.020522,-0.017242,-0.007450,0.082115,0.288373,0.254355,0.004070,0.011115,0.040877,0.131829,0.118945,0.005830,0.006391,0.014531,0.051268,0.051955,-0.056587,-0.031261,0.055939,0.726768,0.670328,-0.020527,-0.011745,0.056689,0.881423,0.856801
fire_total,fire_20071080193_2007,2007,2021,14,3,-0.002021,-0.002970,0.004862,0.025830,0.020825,-0.011468,-0.011802,0.013912,0.046221,0.031701,-0.008484,-0.008768,0.009862,0.027329,0.019464,-0.131917,-0.111425,0.051119,0.304570,0.217684,-0.028600,-0.042992,0.050472,0.165984,0.095268,-0.016280,-0.020891,0.024026,0.065375,0.040749,0.027464,0.010691,0.062508,0.647520,0.674984,0.003365,-0.004328,0.031328,0.813406,0.835842
fire_total,fire_20071080193_2007,2007,2022,15,10,-0.002310,-0.003509,0.004023,0.025184,0.023383,-0.012994,-0.013428,0.009235,0.052422,0.042577,-0.006566,-0.006359,0.008767,0.030257,0.024984,-0.070970,-0.079553,0.052248,0.342348,0.260171,-0.030546,-0.032493,0.031617,0.150927,0.121303,-0.009982,-0.012248,0.014107,0.065306,0.055035,-0.024323,-0.036423,0.043115,0.677091,0.647621,-0.010190,-0.023017,0.047031,0.828952,0.812115
fire_total,fire_20071080193_2007,2007,2023,16,2,-0.002915,-0.002915,0.005873,0.023478,0.020564,-0.013234,-0.013234,0.014069,0.050401,0.037167,-0.007569,-0.007569,0.006679,0.033021,0.025452,-0.064914,-0.064914,0.092229,0.278280,0.213366,-0.040783,-0.040783,0.050053,0.145015,0.104233,-0.019972,-0.019972,0.024298,0.064371,0.044400,0.017011,0.017011,0.020645,0.629395,0.646405,0.000344,0.000344,0.036777,0.783169,0.783513
fire_total,fire_20071080193_2007,2007,2024,17,10,-0.000955,-0.001394,0.003869,0.024545,0.022544,-0.007054,-0.006985,0.009265,0.047541,0.042832,-0.002035,-0.002766,0.007427,0.025967,0.027446,-0.066611,-0.075214,0.053167,0.315034,0.224188,-0.003032,-0.017373,0.028505,0.139791,0.126302,-0.000626,-0.006137,0.013933,0.057290,0.055675,-0.046073,-0.042051,0.043641,0.689507,0.623478,-0.016053,-0.028300,0.039712,0.830055,0.800992
fire_total,fire_20071080193_2007,2007,2025,18,10,0.000729,-0.000329,0.005195,0.021622,0.021004,-0.006132,-0.007231,0.009664,0.046633,0.042261,-0.004152,-0.004903,0.006919,0.027453,0.024015,-0.062605,-0.058612,0.056549,0.318871,0.251564,-0.007845,-0.019260,0.028820,0.133052,0.119592,-0.002337,-0.006585,0.011890,0.058183,0.054582,-0.016495,-0.023513,0.034883,0.678667,0.655711,-0.011129,-0.011168,0.038929,0.820067,0.817190
fire_total,fire_20071080254_2007,2007,2004,-3,8,-0.001031,-0.000730,0.009839,0.021719,0.020330,0.003692,0.003199,0.013580,0.037435,0.043787,0.000083,0.001755,0.014352,0.025301,0.027266,0.044886,0.039885,0.049671,0.205941,0.261188,0.026943,0.021689,0.031855,0.100451,0.128185,0.008663,0.008053,0.016842,0.047912,0.057730,0.015219,0.004075,0.059843,0.640172,0.652390,0.016740,0.020656,0.075873,0.795241,0.803599
fire_total,fire_20071080254_2007,2007,2005,-2,8,0.009460,0.009560,0.004605,0.013881,0.024331,0.015689,0.014131,0.006683,0.028773,0.044818,0.014946,0.013322,0.007964,0.019807,0.031344,0.062411,0.061337,0.046613,0.183652,0.249612,0.026441,0.034337,0.037779,0.095832,0.135844,0.013055,0.014195,0.021753,0.043430,0.058582,0.007312,-0.003943,0.082216,0.618723,0.603634,-0.029325,-0.040666,0.049606,0.807020,0.757972
fire_total,fire_20071080254_2007,2007,2007,0,1,-0.026592,-0.026592,,0.048792,0.022200,-0.027693,-0.027693,,0.066640,0.038947,-0.025520,-0.025520,,0.056630,0.031110,0.102245,0.102245,,0.223060,0.325305,-0.032422,-0.032422,,0.187640,0.155218,-0.075377,-0.075377,,0.135472,0.060095,0.410109,0.410109,,0.250625,0.660734,0.299399,0.299399,,0.525027,0.824426
fire_total,fire_20071080254_2007,2007,2008,1,5,-0.009103,-0.010093,0.006588,0.040515,0.029570,-0.009735,-0.011696,0.012002,0.062460,0.051872,-0.021092,-0.024129,0.007717,0.060563,0.036582,0.081029,0.030456,0.118952,0.202902,0.283931,-0.068956,-0.069930,0.015327,0.200097,0.140807,-0.055220,-0.063189,0.018615,0.125902,0.062130,0.360706,0.369527,0.233150,0.234181,0.637217,0.248053,0.225798,0.161869,0.505606,0.754299
fire_total,fire_20071080254_2007,2007,2010,3,6,-0.009721,-0.015723,0.012164,0.040349,0.026786,-0.013448,-0.019644,0.015862,0.059284,0.040845,-0.024426,-0.032528,0.021474,0.061497,0.030938,0.029995,0.027310,0.049333,0.216542,0.246339,-0.073590,-0.097492,0.056746,0.218303,0.130468,-0.079812,-0.087008,0.048395,0.146555,0.055708,0.381610,0.372912,0.170872,0.216278,0.611523,0.246402,0.226710,0.132492,0.507934,0.756556
fire_total,fire_20071080254_2007,2007,2011,4,6,-0.016205,-0.010984,0.016076,0.045844,0.028717,-0.017332,-0.014412,0.018910,0.068379,0.047452,-0.024083,-0.024097,0.019969,0.060109,0.034280,0.025438,0.013489,0.063481,0.255874,0.257242,-0.069726,-0.092100,0.052284,0.222166,0.131595,-0.069753,-0.076230,0.036769,0.137768,0.056328,0.349755,0.329762,0.124658,0.273103,0.639930,0.126792,0.123132,0.084950,0.604745,0.717624
fire_total,fire_20071080254_2007,2007,2013,6,3,-0.014080,-0.012796,0.012302,0.037930,0.025473,-0.016527,-0.014070,0.018302,0.061291,0.044764,-0.025094,-0.020199,0.024094,0.056341,0.031247,0.037358,0.017210,0.053459,0.282708,0.303415,-0.061806,-0.075079,0.055636,0.216336,0.154530,-0.058163,-0.060656,0.042968,0.126164,0.068001,0.303967,0.250534,0.118857,0.321540,0.620123,0.186652,0.124047,0.110337,0.618740,0.788987
fire_total,fire_20071080254_2007,2007,2014,7,6,-0.014561,-0.015645,0.005277,0.034891,0.019464,-0.010264,-0.011147,0.006943,0.059174,0.048497,-0.013131,-0.016477,0.008143,0.043691,0.029227,-0.040198,-0.033381,0.057170,0.296320,0.274485,-0.052381,-0.064540,0.029798,0.199665,0.135348,-0.045416,-0.046049,0.020199,0.106653,0.059861,0.134699,0.149527,0.086678,0.500918,0.635020,0.057349,0.064904,0.049645,0.755961,0.797708
fire_total,fire_20071080254_2007,2007,2015,8,8,-0.009749,-0.010257,0.006738,0.026380,0.017223,-0.010092,-0.010446,0.006364,0.048682,0.039993,-0.010670,-0.012066,0.007449,0.035166,0.023464,-0.044508,-0.026582,0.045824,0.278775,0.250931,-0.042419,-0.047854,0.024504,0.172102,0.134358,-0.026565,-0.033388,0.017976,0.084034,0.052973,0.133598,0.121961,0.069777,0.533668,0.635421,0.032177,0.051092,0.050723,0.782596,0.805849
fire_total,fire_20071080254_2007,2007,2017,10,2,-0.002007,-0.002007,0.002799,0.019945,0.017938,-0.008443,-0.008443,0.002723,0.050195,0.041752,-0.006311,-0.006311,0.003363,0.028443,0.022131,0.035248,0.035248,0.055195,0.327134,0.362382,-0.011392,-0.011392,0.000379,0.155960,0.144568,-0.010842,-0.010842,0.006563,0.066847,0.056004,0.051876,0.051876,0.073637,0.680249,0.732125,0.040174,0.040174,0.031987,0.842962,0.883136
fire_total,fire_20071080254_2007,2007,2018,11,8,-0.006304,-0.006855,0.003781,0.024153,0.017167,-0.006662,-0.005959,0.009641,0.045644,0.040859,-0.007096,-0.008826,0.007924,0.034266,0.024751,-0.019951,-0.028710,0.040619,0.292525,0.271577,-0.027878,-0.031274,0.024779,0.150384,0.124122,-0.017180,-0.018264,0.014253,0.067018,0.053571,0.039704,0.055629,0.040132,0.620477,0.665150,0.028182,0.035947,0.028520,0.802808,0.830867
fire_total,fire_20071080254_2007,2007,2019,12,8,-0.004964,-0.005722,0.003628,0.023424,0.017415,-0.008732,-0.007372,0.005763,0.048793,0.040845,-0.008319,-0.007501,0.004573,0.031977,0.024153,-0.031577,-0.037365,0.031932,0.304040,0.278191,-0.031749,-0.026790,0.017218,0.149813,0.129188,-0.016445,-0.015515,0.011762,0.069211,0.055131,0.027115,0.028845,0.048128,0.628148,0.638096,0.012305,0.019310,0.028226,0.811663,0.812936
fire_total,fire_20071080254_2007,2007,2020,13,3,-0.006243,-0.007397,0.002096,0.020742,0.013895,-0.007039,-0.005967,0.006189,0.039057,0.033475,-0.009488,-0.008745,0.004569,0.028773,0.020138,-0.056402,-0.069139,0.024777,0.280370,0.202669,-0.042184,-0.033444,0.016308,0.136572,0.098911,-0.022825,-0.018159,0.008977,0.065897,0.043705,0.016503,0.018586,0.035122,0.628711,0.645214,0.037881,0.025028,0.029466,0.788344,0.817654
fire_total,fire_20071080254_2007,2007,2021,14,3,-0.002489,-0.000216,0.005494,0.021320,0.019037,-0.006394,-0.003818,0.005430,0.056493,0.050209,-0.008222,-0.005115,0.006384,0.032787,0.025005,-0.050422,-0.061092,0.057914,0.323463,0.252416,-0.028009,-0.022096,0.029948,0.139240,0.111328,-0.015469,-0.009827,0.015850,0.065925,0.050456,-0.036491,-0.026961,0.037439,0.683062,0.651941,-0.021691,-0.019477,0.021909,0.838986,0.799684
fire_total,fire_20071080254_2007,2007,2024,17,8,0.000936,-0.000306,0.003711,0.019326,0.018055,0.002963,0.003560,0.012080,0.041127,0.043237,0.000083,-0.000539,0.006075,0.027171,0.025631,-0.024708,-0.023294,0.024264,0.255221,0.254252,-0.005920,-0.003212,0.017193,0.124809,0.128742,-0.002275,-0.002107,0.011070,0.056823,0.056328,-0.031908,-0.016769,0.048021,0.654662,0.631602,-0.015860,-0.014481,0.037839,0.820491,0.804631
fire_total,fire_20071080254_2007,2007,2025,18,1,-0.000027,-0.000027,,0.018336,0.018309,-0.013022,-0.013022,,0.050319,0.037297,-0.007893,-0.007893,,0.028704,0.020811,0.022564,0.022564,,0.307127,0.329691,-0.022385,-0.022385,,0.149236,0.126851,-0.011797,-0.011797,,0.061786,0.049989,0.073968,0.073968,,0.662774,0.736742,0.053458,0.053458,,0.827791,0.881249
fire_total,fire_20071080325_2007,2007,2004,-3,1,0.003478,0.003478,,0.024579,0.028057,0.011454,0.011454,,0.036431,0.047885,0.005912,0.005912,,0.025184,0.031096,0.221004,0.221004,,0.186884,0.407888,0.074071,0.074071,,0.081366,0.155437,0.027678,0.027678,,0.034259,0.061937,0.046294,0.046294,,0.690113,0.736407,0.097870,0.097870,,0.761255,0.859125
fire_total,fire_20071080325_2007,2007,2005,-2,2,0.004297,0.004297,0.003335,0.019093,0.023390,0.001080,0.001080,0.003685,0.038776,0.039855,-0.001347,-0.001347,0.001633,0.026964,0.025617,0.143124,0.143124,0.033622,0.187392,0.330516,0.052601,0.052601,0.028711,0.084969,0.137570,0.014355,0.014355,0.004414,0.038170,0.052526,0.079608,0.079608,0.034718,0.651199,0.730807,0.116134,0.116134,0.023684,0.740230,0.856364
fire_total,fire_20071080325_2007,2007,2006,-1,1,-0.005569,-0.005569,,0.023190,0.017621,0.000110,0.000110,,0.034933,0.035043,-0.002118,-0.002118,,0.025363,0.023245,0.077179,0.077179,,0.169517,0.246696,0.023843,0.023843,,0.080060,0.103903,0.005981,0.005981,,0.036995,0.042976,0.041333,0.041333,,0.660822,0.702155,0.049745,0.049745,,0.773757,0.823502
fire_total,fire_20071080325_2007,2007,2010,3,2,-0.004957,-0.004957,0.003412,0.026167,0.021210,-0.010168,-0.010168,0.006213,0.043733,0.033564,-0.021910,-0.021910,0.002480,0.042234,0.020323,0.111911,0.111911,0.029246,0.213572,0.325483,-0.055206,-0.055206,0.001829,0.198118,0.142911,-0.065567,-0.065567,0.003957,0.121447,0.055880,0.435869,0.435869,0.013813,0.282521,0.718390,0.190700,0.190700,0.029752,0.671218,0.861918
fire_total,fire_20071080325_2007,2007,2011,4,2,-0.014362,-0.014362,0.000223,0.031282,0.016920,-0.022364,-0.022364,0.000709,0.053419,0.031055,-0.027114,-0.027114,0.002041,0.044206,0.017092,0.095219,0.095219,0.038230,0.244338,0.339557,-0.076203,-0.076203,0.007759,0.209441,0.133238,-0.073563,-0.073563,0.013320,0.122664,0.049102,0.397768,0.397768,0.019587,0.349746,0.747514,0.214270,0.214270,0.011099,0.688067,0.902337
fire_total,fire_20071080325_2007,2007,2014,7,2,-0.014038,-0.014038,0.002897,0.033461,0.019423,-0.019484,-0.019484,0.008012,0.057613,0.038129,-0.020185,-0.020185,0.006747,0.042158,0.021973,0.051948,0.051948,0.043810,0.281380,0.333328,-0.054863,-0.054863,0.009334,0.183254,0.128391,-0.043752,-0.043752,0.002684,0.094965,0.051213,0.241833,0.241833,0.006020,0.485220,0.727052,0.137836,0.137836,0.028894,0.735864,0.873699
fire_total,fire_20071080325_2007,2007,2015,8,2,-0.008030,-0.008030,0.005873,0.032718,0.024689,-0.014547,-0.014547,0.002489,0.054086,0.039539,-0.014795,-0.014795,0.003772,0.041546,0.026751,0.040755,0.040755,0.038658,0.266386,0.307141,-0.061847,-0.061847,0.013145,0.193346,0.131499,-0.049238,-0.049238,0.005581,0.099901,0.050662,0.269371,0.269371,0.008855,0.449589,0.718960,0.115613,0.115613,0.009533,0.733279,0.848893
fire_total,fire_20071080325_2007,2007,2016,9,1,-0.009322,-0.009322,,0.031082,0.021760,-0.016885,-0.016885,,0.057950,0.041065,-0.020268,-0.020268,,0.044173,0.023905,0.101393,0.101393,,0.321730,0.423123,-0.040068,-0.040068,,0.207358,0.167290,-0.041993,-0.041993,,0.107725,0.065732,0.224551,0.224551,,0.504282,0.728833,0.133886,0.133886,,0.742774,0.876660
fire_total,fire_20071080325_2007,2007,2017,10,1,-0.012595,-0.012595,,0.036074,0.023479,-0.024132,-0.024132,,0.065073,0.040941,-0.029563,-0.029563,,0.053028,0.023465,0.017916,0.017916,,0.284220,0.302136,-0.074594,-0.074594,,0.202009,0.127415,-0.054052,-0.054052,,0.104879,0.050827,0.253493,0.253493,,0.460960,0.714453,0.183618,0.183618,,0.683586,0.867204
fire_total,fire_20071080325_2007,2007,2018,11,2,-0.012719,-0.012719,0.003033,0.034541,0.021822,-0.021911,-0.021911,0.002032,0.063114,0.041203,-0.021175,-0.021175,0.004647,0.045885,0.024710,0.003664,0.003664,0.007147,0.325690,0.329354,-0.065567,-0.065567,0.016693,0.199534,0.133966,-0.045712,-0.045712,0.014069,0.095990,0.050278,0.204850,0.204850,0.031050,0.534053,0.738903,0.122708,0.122708,0.024853,0.736541,0.859249
fire_total,fire_20071080325_2007,2007,2019,12,2,-0.013015,-0.013015,0.003140,0.035668,0.022654,-0.020563,-0.020563,0.001137,0.063182,0.042619,-0.025286,-0.025286,0.002936,0.049748,0.024462,0.017854,0.017854,0.042518,0.324886,0.342740,-0.068062,-0.068062,0.025358,0.212108,0.144045,-0.048022,-0.048022,0.015781,0.103902,0.055880,0.200346,0.200346,0.034066,0.522652,0.722997,0.129475,0.129475,0.001613,0.735021,0.864496
fire_total,fire_20071080325_2007,2007,2020,13,2,-0.013414,-0.013414,0.006485,0.030636,0.017223,-0.022268,-0.022268,0.008857,0.058645,0.036376,-0.024997,-0.024997,0.004668,0.046283,0.021285,0.009997,0.009997,0.077335,0.298609,0.308606,-0.072483,-0.072483,0.052220,0.203501,0.131018,-0.046729,-0.046729,0.023733,0.098788,0.052059,0.201635,0.201635,0.053862,0.510028,0.711663,0.124443,0.124443,0.012351,0.735326,0.859770
fire_total,fire_20071080325_2007,2007,2021,14,2,-0.009542,-0.009542,0.000448,0.031969,0.022427,-0.019718,-0.019718,0.000972,0.057937,0.038219,-0.022206,-0.022206,0.004725,0.045685,0.023478,0.014100,0.014100,0.043276,0.288235,0.302335,-0.057620,-0.057620,0.020350,0.182477,0.124857,-0.042619,-0.042619,0.004443,0.090207,0.047589,0.197474,0.197474,0.014132,0.523162,0.720637,0.126878,0.126878,0.004105,0.721482,0.848360
fire_total,fire_20071080325_2007,2007,2022,15,1,-0.013159,-0.013159,,0.027535,0.014376,-0.032024,-0.032024,,0.057208,0.025184,-0.020941,-0.020941,,0.038590,0.017649,-0.013269,-0.013269,,0.317413,0.304144,-0.044220,-0.044220,,0.172460,0.128240,-0.025534,-0.025534,,0.073955,0.048421,0.127324,0.127324,,0.614089,0.741413,0.089127,0.089127,,0.794341,0.883468
fire_total,fire_20071080325_2007,2007,2023,16,2,-0.008560,-0.008560,0.003159,0.031990,0.023430,-0.020267,-0.020267,0.002140,0.062474,0.042207,-0.018535,-0.018535,0.001400,0.044255,0.025720,0.015469,0.015469,0.060417,0.307595,0.323064,-0.051886,-0.051886,0.015099,0.190472,0.138587,-0.030277,-0.030277,0.007915,0.088667,0.058390,0.134735,0.134735,0.031101,0.569847,0.704582,0.078346,0.078346,0.034655,0.760806,0.839153
fire_total,fire_20071080325_2007,2007,2024,17,2,-0.005410,-0.005410,0.003937,0.029693,0.024283,-0.022295,-0.022295,0.003219,0.061511,0.039216,-0.018872,-0.018872,0.002051,0.045190,0.026318,0.000433,0.000433,0.079756,0.299647,0.300080,-0.033302,-0.033302,0.023276,0.166836,0.133533,-0.021939,-0.021939,0.010472,0.078878,0.056939,0.085593,0.085593,0.035860,0.590145,0.675738,0.078807,0.078807,0.018076,0.760076,0.838882
fire_total,fire_20071080325_2007,2007,2025,18,2,-0.008106,-0.008106,0.000185,0.031722,0.023616,-0.017490,-0.017490,0.003072,0.061951,0.044462,-0.017676,-0.017676,0.002461,0.042639,0.024963,0.017758,0.017758,0.029158,0.316704,0.334462,-0.049094,-0.049094,0.014301,0.178146,0.129051,-0.028648,-0.028648,0.003977,0.081057,0.052408,0.125354,0.125354,0.004117,0.592295,0.717649,0.108059,0.108059,0.000153,0.757321,0.865380
fire_total,fire_20071080460_2007,2007,2004,-3,1,-0.003397,-0.003397,,0.026009,0.022612,-0.011674,-0.011674,,0.052106,0.040432,-0.016679,-0.016679,,0.041574,0.024895,-0.041332,-0.041332,,0.234885,0.193553,-0.058080,-0.058080,,0.128226,0.070146,-0.029068,-0.029068,,0.058913,0.029845,0.130612,0.130612,,0.601185,0.731797,0.071469,0.071469,,0.698572,0.770041
fire_total,fire_20071080460_2007,2007,2005,-2,1,-0.010340,-0.010340,,0.032018,0.021678,-0.015840,-0.015840,,0.054073,0.038233,-0.015977,-0.015977,,0.044516,0.028539,-0.046805,-0.046805,,0.234363,0.187558,-0.075501,-0.075501,,0.147036,0.071535,-0.035847,-0.035847,,0.064729,0.028882,0.157149,0.157149,,0.568983,0.726132,0.049087,0.049087,,0.677878,0.726965
fire_total,fire_20071080460_2007,2007,2006,-1,1,-0.008539,-0.008539,,0.029061,0.020522,-0.021243,-0.021243,,0.052821,0.031578,-0.017242,-0.017242,,0.040625,0.023383,-0.057695,-0.057695,,0.230127,0.172432,-0.062837,-0.062837,,0.133025,0.070188,-0.037331,-0.037331,,0.065939,0.028608,0.175385,0.175385,,0.541349,0.716734,0.055990,0.055990,,0.694372,0.750362
fire_total,fire_20071080460_2007,2007,2007,0,1,-0.015909,-0.015909,,0.048270,0.032361,-0.015002,-0.015002,,0.066819,0.051817,-0.039806,-0.039806,,0.075591,0.035785,0.048042,0.048042,,0.173808,0.221850,-0.102713,-0.102713,,0.197444,0.094731,-0.111018,-0.111018,,0.153719,0.042701,0.614395,0.614395,,0.061090,0.675485,0.383149,0.383149,,0.338422,0.721571
fire_total,fire_20071080460_2007,2007,2008,1,1,-0.002970,-0.002970,,0.031027,0.028057,-0.014547,-0.014547,,0.062487,0.047940,-0.020432,-0.020432,,0.052725,0.032293,0.017242,0.017242,,0.179308,0.196550,-0.091272,-0.091272,,0.184202,0.092930,-0.085745,-0.085745,,0.122190,0.036445,0.508244,0.508244,,0.183178,0.691422,0.160396,0.160396,,0.561292,0.721688
fire_total,fire_20071080460_2007,2007,2009,2,1,-0.008319,-0.008319,,0.029529,0.021210,-0.009611,-0.009611,,0.049851,0.040240,-0.016775,-0.016775,,0.039773,0.022998,-0.024475,-0.024475,,0.232465,0.207990,-0.121165,-0.121165,,0.193828,0.072663,-0.082706,-0.082706,,0.110461,0.027755,0.380771,0.380771,,0.366486,0.747257,0.105448,0.105448,,0.696114,0.801562
fire_total,fire_20071080460_2007,2007,2011,4,1,-0.003520,-0.003520,,0.027755,0.024235,-0.012307,-0.012307,,0.049453,0.037146,-0.014822,-0.014822,,0.042027,0.027205,-0.058135,-0.058135,,0.240096,0.181961,-0.113011,-0.113011,,0.187035,0.074024,-0.070414,-0.070414,,0.099200,0.028786,0.311227,0.311227,,0.415643,0.726870,0.036732,0.036732,,0.702122,0.738854
fire_total,fire_20071080460_2007,2007,2013,6,1,-0.018562,-0.018562,,0.034850,0.016288,-0.023732,-0.023732,,0.058802,0.035070,-0.026896,-0.026896,,0.047418,0.020522,-0.067760,-0.067760,,0.253970,0.186210,-0.111732,-0.111732,,0.192315,0.080583,-0.066302,-0.066302,,0.101345,0.035043,0.235623,0.235623,,0.447612,0.683235,0.077944,0.077944,,0.706628,0.784572
fire_total,fire_20071080460_2007,2007,2014,7,1,-0.020872,-0.020872,,0.037545,0.016673,-0.017408,-0.017408,,0.058858,0.041450,-0.019085,-0.019085,,0.042825,0.023740,-0.049527,-0.049527,,0.261560,0.212033,-0.097322,-0.097322,,0.183322,0.086000,-0.057943,-0.057943,,0.096203,0.038260,0.243178,0.243178,,0.456802,0.699980,0.089060,0.089060,,0.709677,0.798737
fire_total,fire_20071080460_2007,2007,2015,8,1,-0.016569,-0.016569,,0.032994,0.016425,-0.023168,-0.023168,,0.056946,0.033778,-0.029865,-0.029865,,0.051281,0.021416,-0.079873,-0.079873,,0.263622,0.183749,-0.113988,-0.113988,,0.189290,0.075302,-0.064556,-0.064556,,0.097000,0.032444,0.239327,0.239327,,0.464955,0.704282,0.118999,0.118999,,0.673165,0.792164
fire_total,fire_20071080460_2007,2007,2018,11,1,-0.017971,-0.017971,,0.036252,0.018281,-0.025616,-0.025616,,0.067355,0.041739,-0.032024,-0.032024,,0.055929,0.023905,-0.141831,-0.141831,,0.348350,0.206519,-0.092895,-0.092895,,0.185454,0.092559,-0.054203,-0.054203,,0.095859,0.041656,0.105988,0.105988,,0.559878,0.665866,0.076548,0.076548,,0.716515,0.793063
fire_total,fire_20071080460_2007,2007,2019,12,1,-0.016170,-0.016170,,0.037848,0.021678,-0.032244,-0.032244,,0.072553,0.040309,-0.034059,-0.034059,,0.061003,0.026944,-0.159568,-0.159568,,0.368397,0.208829,-0.110000,-0.110000,,0.206340,0.096340,-0.056499,-0.056499,,0.102555,0.046056,0.077431,0.077431,,0.564602,0.642033,0.055899,0.055899,,0.714012,0.769911
fire_total,fire_20071080460_2007,2007,2020,13,1,-0.010038,-0.010038,,0.032128,0.022090,-0.030278,-0.030278,,0.067053,0.036775,-0.029233,-0.029233,,0.054210,0.024977,-0.186504,-0.186504,,0.367297,0.180793,-0.101448,-0.101448,,0.188960,0.087512,-0.049967,-0.049967,,0.090345,0.040378,0.029520,0.029520,,0.605172,0.634692,0.014151,0.014151,,0.742948,0.757099
fire_total,fire_20071080460_2007,2007,2022,15,1,-0.011509,-0.011509,,0.029501,0.017992,-0.038582,-0.038582,,0.071837,0.033255,-0.032532,-0.032532,,0.052945,0.020413,-0.196116,-0.196116,,0.384939,0.188823,-0.096277,-0.096277,,0.170150,0.073873,-0.047726,-0.047726,,0.080101,0.032375,0.013543,0.013543,,0.665873,0.679416,0.016779,0.016779,,0.766738,0.783517
fire_total,fire_20071080460_2007,2007,2023,16,1,-0.013708,-0.013708,,0.033117,0.019409,-0.029301,-0.029301,,0.069692,0.040391,-0.033549,-0.033549,,0.059462,0.025913,-0.194122,-0.194122,,0.371120,0.176998,-0.098312,-0.098312,,0.184422,0.086110,-0.046269,-0.046269,,0.087458,0.041189,0.032651,0.032651,,0.588202,0.620853,0.024223,0.024223,,0.723804,0.748027
fire_total,fire_20071080460_2007,2007,2024,17,1,-0.015249,-0.015249,,0.034383,0.019134,-0.036493,-0.036493,,0.072003,0.035510,-0.036713,-0.036713,,0.060480,0.023767,-0.217168,-0.217168,,0.371423,0.154255,-0.116380,-0.116380,,0.199025,0.082645,-0.054120,-0.054120,,0.094442,0.040322,-0.017480,-0.017480,,0.614061,0.596581,0.014914,0.014914,,0.724631,0.739545
fire_total,fire_20071080460_2007,2007,2025,18,1,-0.008676,-0.008676,,0.027672,0.018996,-0.028023,-0.028023,,0.070105,0.042082,-0.029438,-0.029438,,0.055117,0.025679,-0.230312,-0.230312,,0.409895,0.179583,-0.099756,-0.099756,,0.181205,0.081449,-0.048661,-0.048661,,0.087815,0.039154,-0.010984,-0.010984,,0.654058,0.643074,-0.018958,-0.018958,,0.770291,0.751333
fire_total,fire_20071080490_2007,2007,2004,-3,1,-0.005638,-0.005638,,0.021884,0.016246,-0.011262,-0.011262,,0.046029,0.034767,-0.009611,-0.009611,,0.029639,0.020028,-0.036562,-0.036562,,0.220228,0.183666,-0.038212,-0.038212,,0.103339,0.065127,-0.018301,-0.018301,,0.048215,0.029914,0.089647,0.089647,,0.641932,0.731579,0.061093,0.061093,,0.761361,0.822454
fire_total,fire_20071080490_2007,2007,2005,-2,1,-0.006297,-0.006297,,0.023492,0.017195,-0.015139,-0.015139,,0.045520,0.030381,-0.009872,-0.009872,,0.032512,0.022640,-0.054863,-0.054863,,0.229385,0.174522,-0.059414,-0.059414,,0.125380,0.065966,-0.027720,-0.027720,,0.053797,0.026077,0.105822,0.105822,,0.623669,0.729491,0.031016,0.031016,,0.730354,0.761370
fire_total,fire_20071080490_2007,2007,2006,-1,1,-0.013296,-0.013296,,0.033626,0.020330,-0.020226,-0.020226,,0.054966,0.034740,-0.016197,-0.016197,,0.038837,0.022640,-0.050407,-0.050407,,0.231090,0.180683,-0.054533,-0.054533,,0.124693,0.070160,-0.026730,-0.026730,,0.056630,0.029900,0.128511,0.128511,,0.601061,0.729572,0.027260,0.027260,,0.727665,0.754925
fire_total,fire_20071080490_2007,2007,2013,6,1,-0.017628,-0.017628,,0.031743,0.014115,-0.021065,-0.021065,,0.054485,0.033420,-0.024310,-0.024310,,0.043678,0.019368,-0.065010,-0.065010,,0.247315,0.182305,-0.118442,-0.118442,,0.191325,0.072883,-0.068640,-0.068640,,0.100245,0.031605,0.238583,0.238583,,0.423150,0.661733,0.083635,0.083635,,0.716394,0.800029
fire_total,fire_20071080490_2007,2007,2014,7,1,-0.008470,-0.008470,,0.025885,0.017415,-0.011825,-0.011825,,0.046730,0.034905,-0.016775,-0.016775,,0.038315,0.021540,-0.049198,-0.049198,,0.237498,0.188300,-0.112310,-0.112310,,0.183570,0.071260,-0.064707,-0.064707,,0.096725,0.032018,0.272833,0.272833,,0.429717,0.702550,0.089137,0.089137,,0.715935,0.805072
fire_total,fire_20071080490_2007,2007,2015,8,1,-0.021037,-0.021037,,0.035647,0.014610,-0.020213,-0.020213,,0.053605,0.033392,-0.025849,-0.025849,,0.045272,0.019423,-0.050573,-0.050573,,0.234253,0.183680,-0.108570,-0.108570,,0.180078,0.071508,-0.061627,-0.061627,,0.091857,0.030230,0.271692,0.271692,,0.445666,0.717358,0.113417,0.113417,,0.695325,0.808742
fire_total,fire_20071080490_2007,2007,2019,12,1,-0.019909,-0.019909,,0.033722,0.013813,-0.031597,-0.031597,,0.062817,0.031220,-0.032478,-0.032478,,0.051268,0.018790,-0.143798,-0.143798,,0.318925,0.175127,-0.133953,-0.133953,,0.207028,0.073075,-0.069795,-0.069795,,0.102033,0.032238,0.161489,0.161489,,0.527586,0.689075,0.066298,0.066298,,0.723022,0.789320
fire_total,fire_20071080490_2007,2007,2020,13,1,-0.010656,-0.010656,,0.025486,0.014830,-0.024502,-0.024502,,0.054141,0.029639,-0.024516,-0.024516,,0.044035,0.019519,-0.148018,-0.148018,,0.305931,0.157913,-0.112612,-0.112612,,0.182910,0.070298,-0.053102,-0.053102,,0.082741,0.029639,0.111712,0.111712,,0.573645,0.685357,0.033627,0.033627,,0.748433,0.782060
fire_total,fire_20071080490_2007,2007,2021,14,1,-0.012760,-0.012760,,0.035964,0.023204,-0.020790,-0.020790,,0.059834,0.039044,-0.026620,-0.026620,,0.052161,0.025541,-0.117879,-0.117879,,0.287094,0.169215,-0.107731,-0.107731,,0.189510,0.081779,-0.054642,-0.054642,,0.093081,0.038439,0.082591,0.082591,,0.548968,0.631559,0.051445,0.051445,,0.684587,0.736032
fire_total,fire_20071080490_2007,2007,2022,15,1,-0.013764,-0.013764,,0.028855,0.015091,-0.031267,-0.031267,,0.059930,0.028663,-0.023650,-0.023650,,0.044571,0.020921,-0.160682,-0.160682,,0.315955,0.155273,-0.109959,-0.109959,,0.187214,0.077255,-0.054767,-0.054767,,0.088008,0.033241,0.067604,0.067604,,0.573516,0.641120,0.008544,0.008544,,0.752058,0.760602
fire_total,fire_20071080490_2007,2007,2024,17,1,-0.015001,-0.015001,,0.035551,0.020550,-0.028971,-0.028971,,0.063409,0.034438,-0.023196,-0.023196,,0.050621,0.027425,-0.160861,-0.160861,,0.307746,0.146885,-0.096058,-0.096058,,0.187365,0.091307,-0.045031,-0.045031,,0.088736,0.043705,-0.041351,-0.041351,,0.558696,0.517345,-0.023922,-0.023922,,0.728501,0.704579
fire_total,fire_20071080490_2007,2007,2025,18,1,-0.013572,-0.013572,,0.032073,0.018501,-0.030030,-0.030030,,0.064302,0.034272,-0.025025,-0.025025,,0.046730,0.021705,-0.130804,-0.130804,,0.293790,0.162986,-0.103688,-0.103688,,0.186677,0.082989,-0.047451,-0.047451,,0.089025,0.041574,0.075256,0.075256,,0.534893,0.610149,0.044901,0.044901,,0.719210,0.764111
fire_total,fire_20071080492_2007,2007,2004,-3,3,0.000372,-0.004973,0.016397,0.018969,0.024194,0.006064,0.006032,0.003774,0.038865,0.048655,0.002970,0.004070,0.007391,0.024675,0.025830,0.051054,0.006174,0.099330,0.278761,0.263045,0.001512,0.002333,0.004994,0.103724,0.105236,0.000110,0.003575,0.007213,0.040818,0.039566,0.041229,-0.013123,0.114629,0.759335,0.781503,0.005870,-0.014377,0.093822,0.840391,0.829587
fire_total,fire_20071080492_2007,2007,2005,-2,10,0.002379,0.001268,0.004624,0.032801,0.034390,0.001568,0.001906,0.003890,0.049459,0.052092,0.000178,0.000931,0.002979,0.036968,0.036823,0.040136,0.023625,0.067877,0.249941,0.294519,0.003822,0.004744,0.019158,0.107402,0.115136,-0.002145,0.000494,0.008273,0.049020,0.046731,0.011978,0.017077,0.070313,0.700323,0.722572,0.028872,0.011637,0.069791,0.766699,0.769677
fire_total,fire_20071080492_2007,2007,2006,-1,9,-0.001361,-0.001746,0.002993,0.021265,0.019354,-0.002805,-0.000874,0.004852,0.037105,0.034575,-0.002736,-0.002374,0.004320,0.023438,0.021526,0.081139,0.043959,0.081378,0.238845,0.302838,0.011055,0.004539,0.027795,0.100438,0.110557,-0.001774,-0.000683,0.010513,0.040419,0.041230,0.038275,0.043003,0.065051,0.722144,0.747726,0.044627,0.038380,0.064855,0.823416,0.871861
fire_total,fire_20071080492_2007,2007,2008,1,5,-0.006916,-0.006204,0.002661,0.024854,0.018955,-0.002943,-0.003655,0.005580,0.037187,0.033255,-0.014781,-0.014594,0.005630,0.034616,0.018762,0.065038,0.085322,0.064454,0.138387,0.234844,-0.061600,-0.067829,0.015228,0.159714,0.088695,-0.076161,-0.072927,0.013538,0.106941,0.030780,0.610478,0.565661,0.161035,0.120753,0.774625,0.226716,0.205670,0.087565,0.604410,0.799259
fire_total,fire_20071080492_2007,2007,2009,2,3,-0.008594,-0.008369,0.006033,0.046097,0.035592,-0.018164,-0.013613,0.008890,0.069968,0.050662,-0.017654,-0.021060,0.006860,0.061236,0.033255,0.052003,0.045105,0.055795,0.263622,0.302288,-0.087477,-0.086423,0.002780,0.199107,0.111630,-0.070648,-0.071895,0.011272,0.126164,0.044997,0.368350,0.368698,0.140422,0.375502,0.740889,0.127931,0.157303,0.097595,0.609655,0.811494
fire_total,fire_20071080492_2007,2007,2010,3,10,-0.009475,-0.011626,0.005771,0.028594,0.017801,-0.016692,-0.017823,0.008453,0.046619,0.032773,-0.022618,-0.024215,0.010242,0.043746,0.019367,0.052347,0.034526,0.084892,0.233888,0.279408,-0.101358,-0.100453,0.019794,0.197980,0.104260,-0.077371,-0.080411,0.014956,0.115123,0.036231,0.411900,0.423208,0.139678,0.352455,0.764430,0.177759,0.183053,0.117373,0.655995,0.872066
fire_total,fire_20071080492_2007,2007,2011,4,10,-0.012313,-0.013027,0.006144,0.032773,0.019807,-0.019814,-0.020959,0.010292,0.055585,0.036293,-0.021326,-0.022316,0.009981,0.044214,0.021176,0.025939,0.025228,0.088233,0.266441,0.302652,-0.121014,-0.115717,0.027164,0.220915,0.101455,-0.081318,-0.079999,0.013174,0.118780,0.037861,0.366035,0.358759,0.124636,0.426673,0.766819,0.162532,0.146548,0.112372,0.692201,0.879752
fire_total,fire_20071080492_2007,2007,2013,6,7,-0.011083,-0.009401,0.012846,0.027150,0.016563,-0.022522,-0.019014,0.012814,0.053880,0.031358,-0.016885,-0.014318,0.015328,0.034768,0.016618,-0.115967,-0.080007,0.091430,0.351127,0.268875,-0.114344,-0.110438,0.023875,0.197622,0.083278,-0.064323,-0.067167,0.020513,0.100108,0.031688,0.214671,0.214510,0.136667,0.557190,0.773458,0.061063,0.044361,0.113111,0.832754,0.892019
fire_total,fire_20071080492_2007,2007,2014,7,8,-0.009075,-0.009240,0.005039,0.026999,0.016989,-0.017600,-0.017552,0.004839,0.052670,0.034754,-0.016500,-0.016228,0.007191,0.035387,0.018625,-0.076808,-0.070950,0.080021,0.352722,0.281539,-0.109408,-0.112355,0.020767,0.209860,0.101496,-0.066729,-0.069238,0.011633,0.107656,0.038260,0.242548,0.223333,0.106340,0.540341,0.765741,0.069028,0.055889,0.080042,0.807142,0.886467
fire_total,fire_20071080492_2007,2007,2015,8,10,-0.014120,-0.014646,0.013612,0.045507,0.028250,-0.018234,-0.018134,0.011429,0.063368,0.040446,-0.015922,-0.018381,0.010829,0.050896,0.032458,-0.033083,-0.049726,0.054711,0.318596,0.273935,-0.106824,-0.110834,0.019262,0.197582,0.095350,-0.070194,-0.068863,0.012030,0.102472,0.034878,0.260371,0.254818,0.083611,0.511464,0.763891,0.053856,0.057580,0.081637,0.730628,0.794265
fire_total,fire_20071080492_2007,2007,2016,9,2,-0.012568,-0.012568,0.004550,0.030491,0.017924,-0.017036,-0.017036,0.000992,0.052409,0.035373,-0.012664,-0.012664,0.000525,0.031784,0.019120,-0.100939,-0.100939,0.027127,0.364644,0.263705,-0.101008,-0.101008,0.026951,0.188383,0.087375,-0.059056,-0.059056,0.015575,0.094264,0.035208,0.164723,0.164723,0.059288,0.583160,0.747883,0.020351,0.020351,0.014952,0.830461,0.850813
fire_total,fire_20071080492_2007,2007,2019,12,5,0.001154,-0.000592,0.008431,0.023218,0.023492,-0.008332,-0.006804,0.010710,0.049356,0.041024,-0.005803,-0.002728,0.010974,0.027535,0.022722,-0.146740,-0.130617,0.050485,0.409840,0.258631,-0.091988,-0.097754,0.019502,0.196412,0.104123,-0.039476,-0.041104,0.008271,0.084460,0.041574,0.110190,0.088339,0.075566,0.669228,0.778511,-0.044141,-0.028202,0.067877,0.859842,0.826748
fire_total,fire_20071080492_2007,2007,2020,13,6,-0.008078,-0.009675,0.006890,0.027438,0.015627,-0.013448,-0.014385,0.010564,0.048765,0.032320,-0.005652,-0.007210,0.011744,0.026414,0.018852,-0.138270,-0.136430,0.072319,0.375768,0.250594,-0.084487,-0.086852,0.027934,0.179988,0.093734,-0.038136,-0.037634,0.015927,0.075337,0.037318,0.085256,0.064266,0.097018,0.687258,0.751157,0.005334,-0.019946,0.080246,0.873860,0.863709
fire_total,fire_20071080492_2007,2007,2021,14,10,-0.010367,-0.008847,0.004289,0.029556,0.019601,-0.014891,-0.013647,0.005018,0.048944,0.033145,-0.008009,-0.007601,0.005952,0.029316,0.021451,-0.134110,-0.129907,0.044323,0.359081,0.223225,-0.074573,-0.075054,0.015659,0.161020,0.087692,-0.031893,-0.033404,0.008043,0.068345,0.036095,0.062592,0.048898,0.051182,0.658417,0.724824,-0.026290,-0.028737,0.052659,0.838832,0.827124
fire_total,fire_20071080492_2007,2007,2022,15,8,-0.004757,-0.004709,0.003880,0.020715,0.014926,-0.015193,-0.013504,0.006397,0.043182,0.028277,-0.006895,-0.005734,0.005754,0.023423,0.017876,-0.173270,-0.167984,0.052526,0.360382,0.203487,-0.061407,-0.062693,0.019290,0.159782,0.093411,-0.029239,-0.027720,0.009075,0.062920,0.039697,-0.040446,-0.026880,0.046745,0.700581,0.673235,-0.033927,-0.044396,0.042414,0.868856,0.834284
fire_total,fire_20071080492_2007,2007,2023,16,3,-0.012746,-0.014680,0.003824,0.034781,0.022035,-0.021959,-0.021313,0.005125,0.058926,0.035702,-0.006806,-0.006545,0.005236,0.032966,0.025225,-0.212973,-0.213620,0.052947,0.420703,0.188685,-0.062755,-0.067026,0.021699,0.178001,0.108000,-0.026166,-0.024722,0.005875,0.069541,0.048847,-0.088945,-0.095669,0.031895,0.694089,0.588875,-0.085465,-0.096981,0.050248,0.859723,0.751845
fire_total,fire_20071080492_2007,2007,2024,17,10,-0.009913,-0.008855,0.004044,0.032114,0.022722,-0.013289,-0.013176,0.006685,0.049851,0.034733,-0.005321,-0.004459,0.005296,0.029330,0.024379,-0.173422,-0.165109,0.052898,0.366555,0.177177,-0.051212,-0.053446,0.023457,0.167813,0.111547,-0.014582,-0.017974,0.009766,0.066173,0.051597,-0.109441,-0.102860,0.062644,0.689770,0.593036,-0.095674,-0.086966,0.050706,0.858216,0.749613
fire_total,fire_20071080492_2007,2007,2025,18,10,-0.010243,-0.009848,0.005471,0.030079,0.019643,-0.012388,-0.012641,0.007329,0.046248,0.033764,-0.004785,-0.004312,0.006005,0.026132,0.021128,-0.154000,-0.154839,0.053364,0.368123,0.206230,-0.053322,-0.051904,0.023672,0.157734,0.103820,-0.017092,-0.016913,0.009250,0.060343,0.046950,-0.076404,-0.067167,0.044123,0.710842,0.635430,-0.056936,-0.062729,0.054584,0.864820,0.807885
fire_total,fire_20071080494_2007,2007,2005,-2,1,0.002997,0.002997,,0.031578,0.034575,0.000550,0.000550,,0.057208,0.057758,0.007452,0.007452,,0.038343,0.045795,0.031762,0.031762,,0.197155,0.228917,0.021890,0.021890,,0.117295,0.139185,0.002943,0.002943,,0.057840,0.060783,0.013343,0.013343,,0.546344,0.559687,-0.007773,-0.007773,,0.674370,0.666597
fire_total,fire_20071080494_2007,2007,2007,0,1,0.009680,0.009680,,0.024620,0.034300,0.024956,0.024956,,0.035373,0.060329,0.002943,0.002943,,0.041505,0.044448,0.140993,0.140993,,0.098925,0.239918,0.013158,0.013158,,0.129698,0.142856,-0.032409,-0.032409,,0.103270,0.070861,0.563011,0.563011,,-0.019221,0.543790,0.279247,0.279247,,0.408887,0.688134
fire_total,fire_20071080494_2007,2007,2010,3,1,0.006146,0.006146,,0.021691,0.027837,0.011729,0.011729,,0.037614,0.049343,0.003245,0.003245,,0.033227,0.036472,0.072421,0.072421,,0.143379,0.215800,-0.042404,-0.042404,,0.163907,0.121503,-0.047781,-0.047781,,0.104274,0.056493,0.410333,0.410333,,0.159861,0.570194,0.098931,0.098931,,0.622105,0.721036
fire_total,fire_20071080494_2007,2007,2011,4,1,-0.001884,-0.001884,,0.027411,0.025527,-0.000316,-0.000316,,0.046125,0.045809,-0.002227,-0.002227,,0.037105,0.034878,0.061394,0.061394,,0.190170,0.251564,-0.056362,-0.056362,,0.188603,0.132241,-0.052401,-0.052401,,0.114132,0.061731,0.352699,0.352699,,0.249391,0.602090,0.081399,0.081399,,0.675910,0.757309
fire_total,fire_20071080494_2007,2007,2014,7,1,-0.004043,-0.004043,,0.027975,0.023932,-0.003368,-0.003368,,0.050841,0.047473,-0.009419,-0.009419,,0.042289,0.032870,0.001691,0.001691,,0.246820,0.248511,-0.074814,-0.074814,,0.207660,0.132846,-0.047699,-0.047699,,0.113060,0.065361,0.224668,0.224668,,0.376678,0.601346,0.074399,0.074399,,0.708824,0.783223
fire_total,fire_20071080494_2007,2007,2015,8,1,-0.016032,-0.016032,,0.054457,0.038425,-0.010739,-0.010739,,0.070449,0.059710,0.002200,0.002200,,0.052175,0.054375,-0.000894,-0.000894,,0.254011,0.253117,-0.072984,-0.072984,,0.211317,0.138333,-0.052525,-0.052525,,0.117955,0.065430,0.230957,0.230957,,0.366068,0.597025,-0.015599,-0.015599,,0.661932,0.646333
fire_total,fire_20071080494_2007,2007,2019,12,1,-0.008250,-0.008250,,0.033310,0.025060,-0.011783,-0.011783,,0.060397,0.048614,-0.015964,-0.015964,,0.048820,0.032856,-0.022633,-0.022633,,0.269178,0.246545,-0.065395,-0.065395,,0.198255,0.132860,-0.039243,-0.039243,,0.101538,0.062295,0.136755,0.136755,,0.471707,0.608462,0.051368,0.051368,,0.722875,0.774243
fire_total,fire_20071080494_2007,2007,2022,15,1,-0.006724,-0.006724,,0.027824,0.021100,-0.007384,-0.007384,,0.050539,0.043155,-0.007246,-0.007246,,0.036514,0.029268,-0.030745,-0.030745,,0.272478,0.241733,-0.038679,-0.038679,,0.168954,0.130275,-0.020171,-0.020171,,0.077186,0.057015,0.062401,0.062401,,0.558360,0.620761,0.031143,0.031143,,0.764768,0.795911
fire_total,fire_20071080494_2007,2007,2024,17,1,-0.024943,-0.024943,,0.048545,0.023602,-0.007480,-0.007480,,0.059572,0.052092,-0.013971,-0.013971,,0.051048,0.037077,0.085883,0.085883,,0.193800,0.279683,-0.040755,-0.040755,,0.185522,0.144767,-0.060912,-0.060912,,0.128295,0.067383,0.395704,0.395704,,0.200420,0.596124,0.183485,0.183485,,0.583026,0.766511
fire_total,fire_20071080494_2007,2007,2025,18,1,-0.018838,-0.018838,,0.039360,0.020522,-0.009817,-0.009817,,0.055777,0.045960,-0.015867,-0.015867,,0.047747,0.031880,0.036712,0.036712,,0.213243,0.249955,-0.062563,-0.062563,,0.189758,0.127195,-0.054724,-0.054724,,0.115507,0.060783,0.321691,0.321691,,0.287095,0.608786,0.149276,0.149276,,0.627391,0.776667
fire_total,fire_20071080498_2007,2007,2004,-3,6,0.001945,0.001393,0.004024,0.016879,0.020344,0.004861,0.005835,0.006853,0.035771,0.041141,0.005315,0.004348,0.005037,0.020949,0.025754,0.027727,0.016850,0.031069,0.188815,0.221774,0.006785,0.007253,0.024891,0.075605,0.079461,0.001644,0.002743,0.013414,0.033812,0.030883,0.018170,-0.004623,0.095881,0.699604,0.729210,-0.015235,-0.020987,0.020316,0.779785,0.771139
fire_total,fire_20071080498_2007,2007,2005,-2,6,0.002186,0.003990,0.004577,0.026215,0.029466,0.003136,0.002088,0.007554,0.042385,0.043554,0.001815,0.001996,0.006508,0.028663,0.030107,0.023292,0.014951,0.039506,0.202236,0.238006,0.004750,0.008200,0.025256,0.086633,0.088090,0.001362,0.003522,0.014994,0.037242,0.037820,0.034790,-0.006339,0.084601,0.661244,0.687243,0.008521,0.002775,0.035026,0.727012,0.737431
fire_total,fire_20071080498_2007,2007,2006,-1,6,0.000880,0.000525,0.002300,0.023568,0.023396,0.002764,0.003358,0.007422,0.038040,0.040859,-0.001045,0.000511,0.007003,0.027536,0.026868,0.025850,0.014465,0.039471,0.199039,0.226965,-0.001389,0.002163,0.033085,0.086110,0.083401,-0.003204,0.001627,0.019106,0.037628,0.034368,0.048741,0.016758,0.113158,0.644722,0.704182,0.032979,0.021076,0.055789,0.737453,0.759706
fire_total,fire_20071080498_2007,2007,2008,1,6,-0.005926,-0.005221,0.003381,0.022970,0.017181,0.002104,0.001432,0.007206,0.034664,0.031825,-0.014108,-0.012584,0.005930,0.034665,0.019161,0.119494,0.113458,0.038943,0.087169,0.213462,-0.071431,-0.061829,0.034180,0.152756,0.070669,-0.083669,-0.081554,0.018390,0.118471,0.029886,0.905374,0.843337,0.189494,-0.202138,0.727637,0.408735,0.379755,0.121261,0.420330,0.835225
fire_total,fire_20071080498_2007,2007,2010,3,3,-0.009597,-0.008195,0.003919,0.030010,0.020852,0.000165,-0.002567,0.008450,0.039360,0.039497,-0.018288,-0.017408,0.002485,0.043348,0.025060,0.083573,0.074104,0.060195,0.117680,0.205240,-0.104995,-0.104023,0.008813,0.184532,0.079537,-0.104142,-0.101466,0.019253,0.131842,0.028002,0.864697,0.737138,0.250388,-0.111589,0.737981,0.310364,0.270255,0.117257,0.453549,0.782371
fire_total,fire_20071080498_2007,2007,2011,4,6,-0.004159,-0.002553,0.008431,0.025514,0.022083,-0.001053,0.001100,0.009746,0.038961,0.038693,-0.009639,-0.010122,0.007548,0.037470,0.025369,0.069376,0.062615,0.042463,0.170432,0.235359,-0.100237,-0.090578,0.030154,0.190637,0.085952,-0.084239,-0.085323,0.025663,0.124699,0.031488,0.566464,0.573745,0.202164,0.130302,0.745987,0.165249,0.156894,0.098600,0.612286,0.787905
fire_total,fire_20071080498_2007,2007,2013,6,6,-0.013654,-0.009958,0.009156,0.031922,0.020083,-0.013551,-0.007810,0.013218,0.047720,0.037249,-0.024283,-0.018264,0.011238,0.045685,0.021004,0.035420,0.024972,0.052853,0.195504,0.252539,-0.124857,-0.107049,0.034855,0.205219,0.085924,-0.091231,-0.081242,0.027065,0.119990,0.033626,0.481105,0.452043,0.187740,0.207072,0.734606,0.167130,0.158326,0.090979,0.641283,0.815923
fire_total,fire_20071080498_2007,2007,2014,7,6,-0.013296,-0.012270,0.005482,0.034403,0.021650,-0.012581,-0.010101,0.006950,0.048991,0.036225,-0.017682,-0.018274,0.006255,0.041994,0.022448,-0.008621,-0.007769,0.032221,0.225041,0.215422,-0.112943,-0.099777,0.035274,0.188561,0.073666,-0.075894,-0.070159,0.023778,0.112482,0.029783,0.373933,0.357565,0.155142,0.327241,0.730608,0.140311,0.129485,0.074888,0.667716,0.802092
fire_total,fire_20071080498_2007,2007,2015,8,6,-0.023533,-0.022488,0.005512,0.044963,0.021987,-0.014926,-0.015038,0.007462,0.056712,0.043492,-0.021168,-0.018503,0.007811,0.046187,0.026023,-0.026751,-0.023334,0.031225,0.226525,0.213662,-0.113692,-0.096555,0.034903,0.183233,0.072222,-0.071954,-0.066715,0.022971,0.104975,0.029220,0.345396,0.326532,0.150683,0.357112,0.733729,0.082935,0.091172,0.049268,0.673054,0.765491
fire_total,fire_20071080498_2007,2007,2016,9,5,-0.012347,-0.011173,0.005796,0.031137,0.018790,-0.015345,-0.014861,0.006246,0.054677,0.038810,-0.019663,-0.019800,0.009852,0.040488,0.020138,-0.061669,-0.048763,0.038424,0.274210,0.236920,-0.118442,-0.114013,0.029903,0.205185,0.078327,-0.078073,-0.069729,0.024708,0.107478,0.030917,0.346891,0.296269,0.165956,0.443030,0.734902,0.129435,0.104083,0.079472,0.726508,0.822102
fire_total,fire_20071080498_2007,2007,2017,10,5,-0.017022,-0.019143,0.009863,0.037985,0.022007,-0.017476,-0.023735,0.011656,0.060315,0.041106,-0.027816,-0.027709,0.008184,0.051020,0.023891,-0.050381,-0.047584,0.023946,0.252705,0.204993,-0.111513,-0.104654,0.031486,0.193085,0.072800,-0.063153,-0.062881,0.020830,0.097976,0.031495,0.333186,0.284891,0.155727,0.437428,0.715864,0.112307,0.125406,0.087840,0.680938,0.792506
fire_total,fire_20071080498_2007,2007,2018,11,6,-0.010106,-0.009008,0.004610,0.033729,0.024283,-0.017222,-0.013072,0.008177,0.051295,0.036150,-0.017407,-0.013846,0.006455,0.038033,0.022585,-0.080959,-0.067430,0.036955,0.276616,0.220021,-0.116600,-0.103354,0.039617,0.192748,0.073625,-0.063442,-0.057544,0.022891,0.098120,0.029357,0.235107,0.204069,0.115376,0.475650,0.710758,0.048498,0.036360,0.040656,0.759503,0.805605
fire_total,fire_20071080498_2007,2007,2019,12,6,-0.015606,-0.012781,0.006901,0.033654,0.017147,-0.019607,-0.018072,0.010889,0.054402,0.031116,-0.020769,-0.017495,0.007846,0.040941,0.017876,-0.087526,-0.076196,0.036232,0.278927,0.208925,-0.111677,-0.098530,0.039331,0.179761,0.065863,-0.057943,-0.053504,0.023853,0.090215,0.027019,0.203012,0.191948,0.119930,0.509267,0.727737,0.055431,0.051547,0.041268,0.752337,0.809208
fire_total,fire_20071080710_2007,2007,2005,-2,1,0.000303,0.000303,,0.027782,0.028085,0.009295,0.009295,,0.043210,0.052505,0.007343,0.007343,,0.030340,0.037683,0.048208,0.048208,,0.176667,0.224875,0.016060,0.016060,,0.105305,0.121365,0.007508,0.007508,,0.052505,0.060013,-0.021479,-0.021479,,0.585416,0.563937,-0.023945,-0.023945,,0.737458,0.713513
fire_total,fire_20071080710_2007,2007,2007,0,1,-0.003850,-0.003850,,0.028222,0.024372,0.008016,0.008016,,0.039951,0.047967,0.011729,0.011729,,0.026669,0.038398,0.038390,0.038390,,0.171525,0.209915,0.021780,0.021780,,0.095488,0.117268,0.005541,0.005541,,0.044489,0.050030,0.014095,0.014095,,0.587097,0.601192,0.003604,0.003604,,0.702801,0.706405
fire_total,fire_20071080710_2007,2007,2008,1,1,0.004758,0.004758,,0.024455,0.029213,0.012059,0.012059,,0.034259,0.046318,-0.008071,-0.008071,,0.038796,0.030725,0.162223,0.162223,,0.100355,0.262578,-0.009680,-0.009680,,0.145015,0.135335,-0.040838,-0.040838,,0.103105,0.062267,0.630426,0.630426,,-0.013793,0.616633,0.349955,0.349955,,0.440534,0.790489
fire_total,fire_20071080710_2007,2007,2010,3,1,-0.003631,-0.003631,,0.025693,0.022062,0.003877,0.003877,,0.038645,0.042522,-0.009268,-0.009268,,0.040323,0.031055,0.069905,0.069905,,0.128103,0.198008,-0.048510,-0.048510,,0.162230,0.113720,-0.051920,-0.051920,,0.100162,0.048242,0.444714,0.444714,,0.150868,0.595582,0.198664,0.198664,,0.520790,0.719454
fire_total,fire_20071080710_2007,2007,2011,4,1,-0.004043,-0.004043,,0.034520,0.030477,-0.000110,-0.000110,,0.054650,0.054540,-0.003300,-0.003300,,0.047060,0.043760,0.066165,0.066165,,0.168005,0.234170,-0.056869,-0.056869,,0.192727,0.135858,-0.040123,-0.040123,,0.106708,0.066585,0.351468,0.351468,,0.223133,0.574601,0.122736,0.122736,,0.562365,0.685101
fire_total,fire_20071080710_2007,2007,2012,5,1,0.001966,0.001966,,0.026710,0.028676,0.008965,0.008965,,0.038150,0.047115,0.008869,0.008869,,0.035125,0.043994,0.024199,0.024199,,0.179088,0.203287,-0.032244,-0.032244,,0.184079,0.151835,-0.032739,-0.032739,,0.108041,0.075302,0.210703,0.210703,,0.251872,0.462575,-0.027989,-0.027989,,0.671580,0.643591
fire_total,fire_20071080710_2007,2007,2013,6,1,-0.014382,-0.014382,,0.033901,0.019519,-0.006751,-0.006751,,0.048229,0.041478,-0.012155,-0.012155,,0.041134,0.028979,0.032353,0.032353,,0.182938,0.215291,-0.056773,-0.056773,,0.182222,0.125449,-0.047630,-0.047630,,0.107395,0.059765,0.309442,0.309442,,0.260866,0.570308,0.132960,0.132960,,0.626938,0.759898
fire_total,fire_20071080710_2007,2007,2014,7,1,-0.006545,-0.006545,,0.031715,0.025170,0.001210,0.001210,,0.050910,0.052120,-0.001127,-0.001127,,0.039085,0.037958,0.021999,0.021999,,0.210493,0.232492,-0.051535,-0.051535,,0.187173,0.135638,-0.034815,-0.034815,,0.104453,0.069638,0.235195,0.235195,,0.322018,0.557213,0.041185,0.041185,,0.686791,0.727976
fire_total,fire_20071080710_2007,2007,2015,8,1,-0.002228,-0.002228,,0.031990,0.029762,-0.000247,-0.000247,,0.048132,0.047885,-0.005885,-0.005885,,0.045217,0.039332,0.026015,0.026015,,0.194130,0.220145,-0.042543,-0.042543,,0.172295,0.129752,-0.040095,-0.040095,,0.101785,0.061690,0.236796,0.236796,,0.326193,0.562989,0.057637,0.057637,,0.622160,0.679797
fire_total,fire_20071080710_2007,2007,2017,10,1,-0.005143,-0.005143,,0.027370,0.022227,-0.006930,-0.006930,,0.049865,0.042935,-0.005582,-0.005582,,0.037985,0.032403,-0.005472,-0.005472,,0.235875,0.230403,-0.056403,-0.056403,,0.174523,0.118120,-0.036602,-0.036602,,0.093122,0.056520,0.177975,0.177975,,0.425972,0.603947,0.039138,0.039138,,0.722053,0.761191
fire_total,fire_20071080710_2007,2007,2018,11,1,-0.009350,-0.009350,,0.030312,0.020962,-0.004908,-0.004908,,0.051281,0.046373,-0.006600,-0.006600,,0.037930,0.031330,-0.028724,-0.028724,,0.257614,0.228890,-0.043106,-0.043106,,0.171016,0.127910,-0.026139,-0.026139,,0.086289,0.060150,0.090633,0.090633,,0.491332,0.581965,0.014124,0.014124,,0.743903,0.758027
fire_total,fire_20071080710_2007,2007,2019,12,1,-0.004373,-0.004373,,0.028855,0.024482,-0.007755,-0.007755,,0.054953,0.047198,-0.005061,-0.005061,,0.038508,0.033447,-0.006546,-0.006546,,0.257188,0.250642,-0.027198,-0.027198,,0.163633,0.136435,-0.016253,-0.016253,,0.078300,0.062047,0.066050,0.066050,,0.526937,0.592987,0.018610,0.018610,,0.733579,0.752189
fire_total,fire_20071080710_2007,2007,2021,14,1,-0.001458,-0.001458,,0.022145,0.020687,0.000055,0.000055,,0.044640,0.044695,-0.000014,-0.000014,,0.029405,0.029391,-0.034856,-0.034856,,0.273055,0.238199,-0.027912,-0.027912,,0.153292,0.125380,-0.015056,-0.015056,,0.073075,0.058019,0.026561,0.026561,,0.581722,0.608283,-0.008769,-0.008769,,0.797319,0.788550
fire_total,fire_20071080710_2007,2007,2022,15,1,-0.001966,-0.001966,,0.020467,0.018501,-0.002117,-0.002117,,0.048187,0.046070,0.001884,0.001884,,0.028030,0.029914,-0.051659,-0.051659,,0.298135,0.246476,-0.023553,-0.023553,,0.147572,0.124019,-0.012265,-0.012265,,0.068070,0.055805,-0.020187,-0.020187,,0.635414,0.615227,-0.041429,-0.041429,,0.823664,0.782235
fire_total,fire_20071080710_2007,2007,2024,17,1,-0.017160,-0.017160,,0.038150,0.020990,-0.003411,-0.003411,,0.055063,0.051652,-0.014987,-0.014987,,0.048902,0.033915,0.062563,0.062563,,0.156070,0.218633,-0.042928,-0.042928,,0.176833,0.133905,-0.066496,-0.066496,,0.127553,0.061057,0.473840,0.473840,,0.069580,0.543420,0.229008,0.229008,,0.502409,0.731417
fire_total,fire_20071080710_2007,2007,2025,18,1,-0.016761,-0.016761,,0.039112,0.022351,-0.003327,-0.003327,,0.054237,0.050910,-0.011935,-0.011935,,0.045355,0.033420,0.031034,0.031034,,0.193167,0.224201,-0.047011,-0.047011,,0.178070,0.131059,-0.053694,-0.053694,,0.116085,0.062391,0.334876,0.334876,,0.244518,0.579394,0.126264,0.126264,,0.622480,0.748744
fire_total,fire_20082000011_2008,2008,2005,-3,2,-0.003533,-0.003533,0.011687,0.030951,0.027418,-0.000832,-0.000832,0.008643,0.044743,0.043911,0.000632,0.000632,0.014040,0.028126,0.028758,-0.046489,-0.046489,0.059561,0.274567,0.228078,-0.000420,-0.000420,0.009945,0.104865,0.104445,0.000062,0.000062,0.001293,0.043072,0.043134,-0.063306,-0.063306,0.080655,0.741418,0.678113,-0.059117,-0.059117,0.163707,0.818734,0.759617
fire_total,fire_20082000011_2008,2008,2007,-1,2,-0.002385,-0.002385,0.003277,0.028250,0.025864,-0.004799,-0.004799,0.000641,0.048353,0.043554,0.000275,0.000275,0.009878,0.031413,0.031688,0.003094,0.003094,0.077062,0.222854,0.225948,0.000584,0.000584,0.002246,0.097605,0.098189,-0.000358,-0.000358,0.004784,0.045506,0.045149,0.007872,0.007872,0.129897,0.658401,0.666273,0.012761,0.012761,0.133512,0.747836,0.760597
fire_total,fire_20082000011_2008,2008,2008,0,1,0.006105,0.006105,,0.021842,0.027947,0.007974,0.007974,,0.031303,0.039277,-0.008827,-0.008827,,0.034905,0.026078,0.055467,0.055467,,0.095598,0.151065,-0.036465,-0.036465,,0.119715,0.083250,-0.028655,-0.028655,,0.070435,0.041780,0.442990,0.442990,,0.180891,0.623881,0.252282,0.252282,,0.465068,0.717350
fire_total,fire_20082000011_2008,2008,2011,3,2,-0.017462,-0.017462,0.000078,0.032594,0.015133,-0.009006,-0.009006,0.012814,0.043581,0.034575,-0.018094,-0.018094,0.010033,0.037696,0.019602,0.038156,0.038156,0.042060,0.172130,0.210286,-0.063580,-0.063580,0.008207,0.159562,0.095982,-0.054299,-0.054299,0.010830,0.094401,0.040102,0.385313,0.385313,0.123139,0.300564,0.685877,0.172459,0.172459,0.092584,0.640694,0.813153
fire_total,fire_20082000011_2008,2008,2012,4,1,-0.007452,-0.007452,,0.036720,0.029268,-0.004331,-0.004331,,0.039305,0.034974,-0.010739,-0.010739,,0.039195,0.028456,0.010271,0.010271,,0.132200,0.142471,-0.028944,-0.028944,,0.104453,0.075509,-0.024048,-0.024048,,0.060617,0.036569,0.225319,0.225319,,0.371245,0.596564,0.117963,0.117963,,0.542635,0.660598
fire_total,fire_20082000011_2008,2008,2013,5,2,-0.012739,-0.012739,0.004054,0.034458,0.021719,-0.008910,-0.008910,0.004337,0.046785,0.037875,-0.012993,-0.012993,0.004822,0.038123,0.025129,0.040933,0.040933,0.066271,0.189249,0.230183,-0.043595,-0.043595,0.004716,0.152405,0.108811,-0.039029,-0.039029,0.001721,0.086783,0.047754,0.272927,0.272927,0.085073,0.372444,0.645371,0.127089,0.127089,0.079791,0.661896,0.788986
fire_total,fire_20082000011_2008,2008,2014,6,2,-0.002895,-0.002895,0.003627,0.024366,0.021471,0.000006,0.000006,0.000671,0.041099,0.041106,-0.006208,-0.006208,0.004113,0.029150,0.022942,0.032601,0.032601,0.052638,0.214370,0.246971,-0.051033,-0.051033,0.007186,0.151333,0.100300,-0.035771,-0.035771,0.005629,0.080053,0.044283,0.210833,0.210833,0.080472,0.461020,0.671853,0.048757,0.048757,0.049691,0.759445,0.808202
fire_total,fire_20082000011_2008,2008,2015,7,1,-0.001691,-0.001691,,0.055475,0.053784,0.000619,0.000619,,0.062267,0.062886,-0.003177,-0.003177,,0.049329,0.046152,-0.020969,-0.020969,,0.196729,0.175760,-0.038266,-0.038266,,0.126975,0.088709,-0.022371,-0.022371,,0.062666,0.040295,0.110100,0.110100,,0.517128,0.627228,-0.013435,-0.013435,,0.617081,0.603646
fire_total,fire_20082000011_2008,2008,2016,8,2,0.002770,0.002770,0.000982,0.029288,0.032058,0.004001,0.004001,0.008207,0.043341,0.047342,0.007837,0.007837,0.005775,0.031571,0.039408,-0.037881,-0.037881,0.028196,0.258253,0.220371,-0.058630,-0.058630,0.004745,0.155781,0.097152,-0.026688,-0.026688,0.007077,0.075557,0.048869,0.083858,0.083858,0.060172,0.547074,0.630932,-0.087888,-0.087888,0.062431,0.787728,0.699840
fire_total,fire_20082000011_2008,2008,2017,9,2,-0.005149,-0.005149,0.003918,0.023829,0.018680,-0.007473,-0.007473,0.003588,0.045650,0.038178,-0.006909,-0.006909,0.004190,0.030100,0.023191,-0.081592,-0.081592,0.017034,0.289582,0.207991,-0.065780,-0.065780,0.005407,0.157555,0.091775,-0.032718,-0.032718,0.004288,0.071445,0.038727,0.084220,0.084220,0.072000,0.583827,0.668046,-0.013444,-0.013444,0.056957,0.807596,0.794152
fire_total,fire_20082000011_2008,2008,2019,11,2,-0.006587,-0.006587,0.000214,0.029625,0.023038,-0.008449,-0.008449,0.003218,0.052773,0.044324,-0.004235,-0.004235,0.002469,0.032018,0.027783,-0.062617,-0.062617,0.017073,0.289046,0.226429,-0.051205,-0.051205,0.001187,0.160195,0.108990,-0.025183,-0.025183,0.005785,0.072711,0.047528,0.047269,0.047269,0.068055,0.612322,0.659591,-0.028308,-0.028308,0.046977,0.815264,0.786956
fire_total,fire_20082000011_2008,2008,2020,12,2,0.002784,0.002784,0.000379,0.014541,0.017326,-0.002440,-0.002440,0.001877,0.031275,0.028834,-0.001609,-0.001609,0.002022,0.020702,0.019092,-0.055446,-0.055446,0.029897,0.258700,0.203254,-0.045059,-0.045059,0.007662,0.134682,0.089623,-0.017772,-0.017772,0.000846,0.056204,0.038432,0.028976,0.028976,0.043223,0.648851,0.677827,-0.044156,-0.044156,0.058863,0.853990,0.809835
fire_total,fire_20082000011_2008,2008,2021,13,2,-0.005741,-0.005741,0.000301,0.026565,0.020824,-0.007411,-0.007411,0.001808,0.042770,0.035359,-0.004764,-0.004764,0.003685,0.028105,0.023342,-0.082905,-0.082905,0.011036,0.282027,0.199122,-0.053219,-0.053219,0.000477,0.152089,0.098871,-0.021904,-0.021904,0.004687,0.064138,0.042234,0.018267,0.018267,0.059583,0.622648,0.640916,-0.026492,-0.026492,0.044428,0.819719,0.793227
fire_total,fire_20082000011_2008,2008,2022,14,2,-0.005156,-0.005156,0.001924,0.025225,0.020068,-0.008752,-0.008752,0.007185,0.044688,0.035936,-0.004696,-0.004696,0.001254,0.027597,0.022901,-0.106768,-0.106768,0.016820,0.307141,0.200373,-0.060039,-0.060039,0.011386,0.156118,0.096079,-0.022770,-0.022770,0.003753,0.066235,0.043465,-0.018694,-0.018694,0.018629,0.658248,0.639554,-0.046134,-0.046134,0.013910,0.832593,0.786459
fire_total,fire_20082000011_2008,2008,2023,15,2,-0.001478,-0.001478,0.001099,0.020990,0.019512,-0.008031,-0.008031,0.004084,0.040495,0.032464,-0.002791,-0.002791,0.002819,0.024125,0.021334,-0.113698,-0.113698,0.029849,0.295192,0.181494,-0.051851,-0.051851,0.005114,0.147215,0.095364,-0.017050,-0.017050,0.000738,0.060356,0.043306,-0.037708,-0.037708,0.005631,0.649884,0.612176,-0.046114,-0.046114,0.005600,0.828683,0.782569
fire_total,fire_20082000011_2008,2008,2024,16,2,-0.007432,-0.007432,0.005551,0.032031,0.024599,-0.008236,-0.008236,0.000583,0.049899,0.041663,-0.002180,-0.002180,0.002422,0.029928,0.027748,-0.109031,-0.109031,0.027719,0.294718,0.185688,-0.047142,-0.047142,0.011288,0.157301,0.110158,-0.016583,-0.016583,0.003695,0.065568,0.048985,-0.076556,-0.076556,0.015063,0.645548,0.568993,-0.083115,-0.083115,0.012250,0.838916,0.755801
fire_total,fire_20082000011_2008,2008,2025,17,2,-0.004923,-0.004923,0.001556,0.027921,0.022998,-0.005857,-0.005857,0.001867,0.049356,0.043499,-0.001863,-0.001863,0.002985,0.028746,0.026882,-0.115438,-0.115438,0.032970,0.310565,0.195127,-0.048592,-0.048592,0.003967,0.146211,0.097619,-0.016108,-0.016108,0.004268,0.061910,0.045802,-0.054131,-0.054131,0.000049,0.669312,0.615181,-0.076821,-0.076821,0.028211,0.832825,0.756004
fire_total,fire_20091080313_2009,2009,2006,-3,6,-0.002324,-0.001726,0.002644,0.023616,0.020873,-0.001038,-0.000470,0.005478,0.041945,0.043788,0.001087,0.002915,0.003579,0.027858,0.032891,0.019758,0.017990,0.026627,0.209152,0.242729,0.006984,0.006020,0.013311,0.111272,0.120959,0.001863,0.001686,0.011478,0.050133,0.054959,-0.006355,0.018194,0.053494,0.625943,0.640363,0.013371,0.005329,0.028755,0.755572,0.767044
fire_total,fire_20091080313_2009,2009,2007,-2,9,0.000852,0.000532,0.002422,0.025197,0.025197,0.000192,0.001308,0.008255,0.044942,0.048765,0.000302,0.001108,0.007881,0.033337,0.033530,0.024970,0.016556,0.048480,0.202435,0.239340,0.011014,0.006126,0.028747,0.106900,0.127607,0.006958,0.001649,0.015980,0.050360,0.058060,0.018279,0.016228,0.040100,0.595974,0.619463,0.006388,0.007091,0.039619,0.715694,0.711367
fire_total,fire_20091080313_2009,2009,2010,1,6,0.000391,-0.000706,0.005068,0.024682,0.023698,0.007212,0.003901,0.012324,0.036355,0.041010,-0.005898,-0.010077,0.010462,0.041134,0.031420,0.092173,0.084127,0.053861,0.123922,0.230712,-0.051122,-0.057071,0.026062,0.171869,0.122534,-0.072641,-0.072181,0.013311,0.127889,0.057215,0.603088,0.599753,0.106802,0.012151,0.602819,0.247040,0.240548,0.083127,0.512557,0.740918
fire_total,fire_20091080313_2009,2009,2011,2,10,-0.004977,-0.003708,0.004443,0.032567,0.027425,0.003348,0.003264,0.006867,0.042983,0.045355,-0.008044,-0.007286,0.004666,0.042743,0.034795,0.035008,0.058836,0.057591,0.165152,0.244304,-0.047348,-0.045706,0.019025,0.153045,0.120127,-0.049294,-0.049405,0.015407,0.098217,0.053103,0.398848,0.390984,0.158685,0.251006,0.644833,0.138480,0.156383,0.106185,0.614233,0.741704
fire_total,fire_20091080313_2009,2009,2013,4,7,-0.010298,-0.010480,0.005256,0.031839,0.019340,-0.008112,-0.005629,0.008124,0.046152,0.035785,-0.013132,-0.013251,0.006871,0.038879,0.022640,0.018013,0.026323,0.037922,0.177190,0.205061,-0.049170,-0.053609,0.019291,0.168596,0.103023,-0.041814,-0.043438,0.014622,0.097110,0.051240,0.294059,0.274028,0.134225,0.317828,0.621601,0.149043,0.119827,0.063779,0.653895,0.799117
fire_total,fire_20091080313_2009,2009,2014,5,7,-0.006504,-0.007072,0.003459,0.027631,0.020852,-0.005967,-0.005695,0.005483,0.046235,0.040419,-0.011976,-0.009922,0.008615,0.037105,0.026765,-0.011632,-0.007812,0.035393,0.238996,0.241953,-0.061930,-0.064415,0.024003,0.181535,0.112097,-0.042639,-0.045615,0.010338,0.099860,0.052794,0.178028,0.199870,0.074067,0.432219,0.612949,0.082351,0.060250,0.048047,0.707620,0.784190
fire_total,fire_20091080313_2009,2009,2015,6,10,-0.010437,-0.004688,0.024559,0.039896,0.027534,-0.006978,-0.003288,0.020539,0.055049,0.047239,-0.003355,-0.003373,0.017122,0.043121,0.039470,-0.012457,-0.004976,0.045558,0.241499,0.245899,-0.046688,-0.056057,0.034533,0.177623,0.126425,-0.036836,-0.039210,0.019791,0.092263,0.057868,0.209872,0.187915,0.095636,0.421778,0.584217,0.022879,0.027644,0.075416,0.663026,0.697203
fire_total,fire_20091080313_2009,2009,2016,7,3,-0.010451,-0.009955,0.004229,0.025803,0.020248,-0.011715,-0.012247,0.004999,0.050360,0.042825,-0.014740,-0.012311,0.006160,0.037683,0.022365,-0.033715,-0.035374,0.033759,0.258315,0.252705,-0.070895,-0.064250,0.014589,0.187915,0.117020,-0.048922,-0.044834,0.017710,0.095570,0.052808,0.200802,0.176509,0.113397,0.444122,0.644924,0.065515,0.054316,0.069471,0.748798,0.802067
fire_total,fire_20091080313_2009,2009,2019,10,9,-0.009199,-0.011746,0.012350,0.043182,0.034850,-0.012925,-0.011316,0.009739,0.062735,0.059009,-0.012375,-0.013706,0.013304,0.049480,0.039772,-0.029658,-0.026990,0.038054,0.272037,0.256060,-0.041140,-0.052236,0.032500,0.183295,0.123125,-0.035613,-0.035284,0.017398,0.097055,0.059916,0.175555,0.136502,0.066774,0.482355,0.605922,0.071488,0.050037,0.088290,0.669814,0.778763
fire_total,fire_20091080313_2009,2009,2021,12,5,-0.005046,-0.006905,0.007509,0.024524,0.025280,-0.015798,-0.018903,0.011536,0.057180,0.044915,-0.020887,-0.019517,0.014390,0.045135,0.030780,-0.048138,-0.050806,0.049302,0.283533,0.249323,-0.055715,-0.051758,0.039089,0.172927,0.121241,-0.042927,-0.039430,0.025940,0.088915,0.056932,0.112337,0.106546,0.078048,0.522537,0.634874,0.021107,0.055403,0.057272,0.725346,0.773347
fire_total,fire_20091080313_2009,2009,2022,13,10,-0.005576,-0.004775,0.004175,0.022448,0.017868,-0.004221,-0.004785,0.006250,0.040542,0.036259,-0.007411,-0.006881,0.007574,0.031749,0.024139,-0.034423,-0.039465,0.041708,0.262577,0.221664,-0.028566,-0.033995,0.035109,0.139928,0.110145,-0.017243,-0.018289,0.017830,0.062762,0.046496,0.029893,0.046192,0.073948,0.601885,0.645897,0.014311,0.011235,0.040605,0.782158,0.793038
fire_total,fire_20091080313_2009,2009,2024,15,10,-0.013695,-0.012767,0.006184,0.036129,0.024139,-0.007562,-0.008991,0.007047,0.053549,0.046221,-0.011949,-0.011869,0.008946,0.043018,0.033516,-0.011172,-0.003664,0.057378,0.217189,0.225225,-0.036396,-0.043718,0.027065,0.171113,0.127305,-0.052931,-0.046666,0.026959,0.108757,0.060975,0.281000,0.244064,0.184168,0.308823,0.572379,0.084423,0.089093,0.089194,0.658986,0.757970
fire_total,fire_20091080313_2009,2009,2025,16,10,-0.015159,-0.014278,0.005530,0.034864,0.020358,-0.011646,-0.012603,0.007356,0.057118,0.047080,-0.018301,-0.016052,0.009267,0.043842,0.028937,-0.028579,-0.019155,0.040654,0.232225,0.227460,-0.045093,-0.048413,0.023792,0.165104,0.115383,-0.047299,-0.038848,0.021296,0.094009,0.053839,0.202869,0.174434,0.114689,0.429442,0.607612,0.114480,0.107150,0.073864,0.660110,0.774674
fire_total,fire_20091080315_2009,2009,2006,-3,1,0.000715,0.000715,,0.020440,0.021155,-0.001045,-0.001045,,0.036253,0.035208,-0.000825,-0.000825,,0.025555,0.024730,-0.002901,-0.002901,,0.197966,0.195065,0.006449,0.006449,,0.096546,0.102995,-0.001127,-0.001127,,0.042742,0.041615,0.000277,0.000277,,0.622609,0.622886,0.000946,0.000946,,0.756386,0.757332
fire_total,fire_20091080315_2009,2009,2007,-2,2,0.004496,0.004496,0.003811,0.028175,0.032670,0.007693,0.007693,0.006213,0.043609,0.051302,0.001464,0.001464,0.000322,0.030993,0.032458,0.099921,0.099921,0.103197,0.196948,0.296870,0.050826,0.050826,0.043918,0.086839,0.137665,0.019732,0.019732,0.014429,0.038665,0.058397,0.005331,0.005331,0.045088,0.671839,0.677171,0.075342,0.075342,0.060944,0.728456,0.803798
fire_total,fire_20091080315_2009,2009,2008,-1,2,-0.002420,-0.002420,0.004278,0.019924,0.017504,-0.000674,-0.000674,0.006923,0.035290,0.034616,-0.003314,-0.003314,0.002819,0.022874,0.019560,0.065636,0.065636,0.111471,0.196790,0.262427,0.041649,0.041649,0.047602,0.091204,0.132853,0.013860,0.013860,0.020476,0.038934,0.052794,0.008362,0.008362,0.033666,0.671256,0.679619,0.071047,0.071047,0.054526,0.789066,0.860113
fire_total,fire_20091080315_2009,2009,2009,0,1,0.018040,0.018040,,0.026902,0.044942,0.024077,0.024077,,0.034341,0.058418,-0.003726,-0.003726,,0.041106,0.037380,0.363467,0.363467,,0.090923,0.454390,0.082665,0.082665,,0.125683,0.208348,-0.041264,-0.041264,,0.119069,0.077805,0.843829,0.843829,,-0.136222,0.707607,0.466200,0.466200,,0.381778,0.847978
fire_total,fire_20091080315_2009,2009,2010,1,2,-0.001464,-0.001464,0.007087,0.020447,0.018982,0.003445,0.003445,0.000457,0.033111,0.036556,-0.005507,-0.005507,0.007710,0.030237,0.024730,0.140181,0.140181,0.191750,0.129587,0.269769,0.010663,0.010663,0.000340,0.116435,0.127099,-0.029164,-0.029164,0.045639,0.080940,0.051777,0.396028,0.396028,0.571979,0.258066,0.654094,0.222680,0.222680,0.318040,0.584099,0.806779
fire_total,fire_20091080315_2009,2009,2012,3,3,-0.016239,-0.012178,0.010157,0.031014,0.020234,-0.001952,-0.003635,0.009470,0.037627,0.034891,-0.020818,-0.014937,0.013134,0.039195,0.024194,0.045485,0.108180,0.135736,0.156661,0.222703,-0.006298,-0.024402,0.076008,0.190940,0.095735,-0.068310,-0.046562,0.054372,0.127690,0.042275,0.453456,0.353068,0.360191,0.238280,0.691736,0.178444,0.183708,0.130713,0.622491,0.800935
fire_total,fire_20091080315_2009,2009,2013,4,3,-0.010354,-0.010203,0.009976,0.033365,0.017181,0.003699,-0.002704,0.011449,0.044887,0.040474,-0.015743,-0.011875,0.013979,0.040281,0.024538,0.014369,0.080584,0.121442,0.182883,0.237759,-0.004469,-0.029930,0.062903,0.175499,0.099516,-0.045499,-0.037886,0.041549,0.114325,0.045341,0.370771,0.283990,0.289519,0.306839,0.677610,0.153220,0.132401,0.147070,0.677345,0.830565
fire_total,fire_20091080315_2009,2009,2014,5,3,-0.007164,-0.004244,0.008846,0.027741,0.019766,0.003492,-0.001888,0.009933,0.042770,0.038961,-0.018425,-0.012256,0.012939,0.041285,0.023218,0.016486,0.074937,0.119486,0.192191,0.241870,-0.009914,-0.036172,0.062790,0.190349,0.110035,-0.053680,-0.044426,0.044772,0.123606,0.050016,0.340873,0.270356,0.252490,0.331762,0.672635,0.114627,0.120168,0.128015,0.704366,0.818993
fire_total,fire_20091080315_2009,2009,2015,6,3,0.001595,-0.001192,0.016349,0.035042,0.036637,0.008388,0.006531,0.010866,0.049727,0.057455,-0.016060,-0.004923,0.020992,0.043994,0.033172,0.019127,0.051233,0.081020,0.207193,0.230004,-0.014383,-0.032876,0.062591,0.175705,0.098293,-0.037936,-0.036827,0.043351,0.108124,0.041230,0.360628,0.225959,0.241760,0.328018,0.688646,0.063779,0.063771,0.156221,0.683081,0.746860
fire_total,fire_20091080315_2009,2009,2016,7,3,0.000193,0.001778,0.010526,0.024757,0.024950,-0.002557,-0.000188,0.009539,0.043678,0.043072,-0.018370,-0.008924,0.016684,0.040845,0.022475,-0.004400,0.050545,0.108628,0.222703,0.225343,-0.004153,-0.030691,0.057472,0.171498,0.100602,-0.026592,-0.031936,0.037399,0.095432,0.047033,0.290312,0.198593,0.205264,0.382400,0.672712,0.107110,0.077183,0.145223,0.712546,0.819656
fire_total,fire_20091080315_2009,2009,2017,8,2,-0.012849,-0.012849,0.001701,0.032444,0.019595,-0.010188,-0.010188,0.004064,0.052408,0.042220,-0.020172,-0.020172,0.003384,0.043815,0.023643,0.077193,0.077193,0.099872,0.241609,0.318802,-0.043766,-0.043766,0.027185,0.183694,0.139928,-0.039614,-0.039614,0.004531,0.099915,0.060301,0.269341,0.269341,0.065136,0.408963,0.678304,0.138711,0.138711,0.082688,0.713275,0.851986
fire_total,fire_20091080315_2009,2009,2018,9,2,-0.009412,-0.009412,0.012241,0.028374,0.018961,-0.007260,-0.007260,0.013651,0.046565,0.039305,-0.006930,-0.006930,0.017112,0.031825,0.024895,-0.014919,-0.014919,0.047271,0.230114,0.215195,-0.029796,-0.029796,0.071229,0.135376,0.105580,-0.022193,-0.022193,0.046474,0.070229,0.048036,0.087607,0.087607,0.176285,0.554078,0.641685,0.034844,0.034844,0.079661,0.766404,0.801248
fire_total,fire_20091080315_2009,2009,2019,10,3,-0.015153,-0.010835,0.011462,0.036335,0.021182,-0.015042,-0.009153,0.011425,0.058802,0.043430,-0.017903,-0.014759,0.015706,0.043430,0.025527,0.018040,0.013447,0.061412,0.285788,0.241595,-0.047218,-0.035516,0.047816,0.190500,0.114683,-0.040329,-0.024617,0.028304,0.092105,0.052698,0.149503,0.127001,0.135190,0.510231,0.659734,0.047304,0.075959,0.092718,0.758963,0.806267
fire_total,fire_20091080315_2009,2009,2020,11,2,-0.002956,-0.002956,0.012581,0.020625,0.017670,-0.003547,-0.003547,0.015225,0.035592,0.032045,-0.004571,-0.004571,0.015683,0.025156,0.020584,-0.029604,-0.029604,0.104305,0.239196,0.209592,-0.023471,-0.023471,0.084529,0.129464,0.105992,-0.010959,-0.010959,0.041050,0.058727,0.047768,0.043296,0.043296,0.112464,0.586461,0.629757,0.019804,0.019804,0.042716,0.794640,0.814444
fire_total,fire_20091080315_2009,2009,2021,12,3,-0.008800,-0.007375,0.009874,0.034190,0.022007,-0.016637,-0.012063,0.011008,0.051680,0.038178,-0.014686,-0.011802,0.011811,0.036638,0.023905,0.006696,-0.017715,0.050994,0.275874,0.214975,-0.036259,-0.026831,0.039014,0.167524,0.112043,-0.032601,-0.021102,0.023232,0.083181,0.052532,0.077776,0.071148,0.081314,0.564414,0.609340,0.037906,0.064172,0.060475,0.748948,0.814690
fire_total,fire_20091080315_2009,2009,2022,13,2,0.000061,0.000061,0.010316,0.019395,0.019457,0.001547,0.001547,0.010276,0.035166,0.036713,0.000330,0.000330,0.006047,0.022296,0.022626,-0.011791,-0.011791,0.089070,0.209991,0.198200,0.001135,0.001135,0.041234,0.106356,0.107491,-0.000179,-0.000179,0.017364,0.049940,0.049762,-0.043703,-0.043703,0.013788,0.632655,0.588952,-0.015095,-0.015095,0.022204,0.798273,0.783178
fire_total,fire_20091080315_2009,2009,2024,15,3,-0.026717,-0.026162,0.008806,0.053729,0.025074,-0.014025,-0.019676,0.012223,0.063849,0.044475,-0.026291,-0.028830,0.008035,0.056383,0.030092,0.045361,0.059886,0.088751,0.161034,0.179734,-0.030470,-0.047474,0.032929,0.190417,0.123950,-0.079173,-0.079461,0.018791,0.146693,0.059449,0.434532,0.485387,0.116010,0.061202,0.547960,0.263284,0.282181,0.056020,0.498070,0.777222
fire_total,fire_20091080315_2009,2009,2025,16,3,-0.020102,-0.017220,0.009658,0.042811,0.022709,-0.007261,-0.007834,0.017504,0.053880,0.046881,-0.014713,-0.018774,0.012773,0.044805,0.030037,0.018508,0.045467,0.079528,0.207165,0.208128,-0.042941,-0.048249,0.037846,0.182470,0.119248,-0.045127,-0.054656,0.018185,0.116951,0.057125,0.296580,0.320641,0.060695,0.282868,0.588321,0.182071,0.171769,0.046792,0.625336,0.772138
fire_total,fire_20091080336_2009,2009,2006,-3,4,-0.001953,-0.001186,0.004825,0.019299,0.016301,-0.003437,-0.003561,0.003018,0.033502,0.029914,-0.003218,-0.003149,0.005564,0.023960,0.020742,0.021174,0.023440,0.030392,0.175733,0.208361,0.003940,0.002942,0.020061,0.092745,0.094690,-0.001430,-0.000887,0.005929,0.038467,0.038123,0.044148,0.040012,0.042346,0.639069,0.681841,0.063238,0.062766,0.062472,0.766060,0.823091
fire_total,fire_20091080336_2009,2009,2007,-2,3,0.003974,0.003410,0.002949,0.017002,0.022049,0.007604,0.006463,0.004731,0.033929,0.040735,0.000398,0.002722,0.006566,0.023754,0.024152,0.091107,0.086345,0.067947,0.178043,0.269150,0.045650,0.042400,0.020142,0.092683,0.132200,0.016087,0.017467,0.003017,0.039580,0.055667,0.046630,0.014983,0.082136,0.636124,0.665852,0.069869,0.044471,0.100853,0.765438,0.835307
fire_total,fire_20091080336_2009,2009,2008,-1,9,0.000069,-0.001500,0.003864,0.016480,0.015407,-0.000220,0.000761,0.004890,0.029707,0.031303,-0.001567,0.000113,0.004605,0.018295,0.017745,0.017655,0.032403,0.049463,0.172982,0.190720,0.024352,0.016474,0.030946,0.079647,0.102761,0.012705,0.005065,0.014270,0.034107,0.043430,0.014555,0.012333,0.055844,0.652563,0.664623,0.019801,0.028803,0.054722,0.804363,0.825476
fire_total,fire_20091080336_2009,2009,2010,1,9,-0.011000,-0.012092,0.006655,0.031000,0.019477,-0.014933,-0.012192,0.009286,0.044145,0.030037,-0.029232,-0.027253,0.012631,0.045217,0.020811,0.058658,0.065080,0.044090,0.137728,0.206423,-0.084178,-0.074756,0.045703,0.170673,0.104755,-0.085882,-0.082607,0.039315,0.130522,0.042069,0.710005,0.597767,0.231890,-0.083480,0.649527,0.371644,0.312390,0.151218,0.431468,0.803112
fire_total,fire_20091080336_2009,2009,2011,2,10,-0.005679,-0.006722,0.005124,0.025899,0.021168,-0.011089,-0.006937,0.007866,0.044667,0.037256,-0.017648,-0.018055,0.009618,0.039332,0.022551,0.039222,0.054966,0.057726,0.175134,0.216542,-0.063958,-0.069688,0.037686,0.181329,0.115026,-0.065870,-0.069654,0.030636,0.120265,0.050312,0.503629,0.439406,0.172126,0.182532,0.672877,0.211385,0.193226,0.098498,0.633047,0.823181
fire_total,fire_20091080336_2009,2009,2013,4,6,-0.017216,-0.017554,0.006122,0.035792,0.017071,-0.019043,-0.019555,0.010485,0.055427,0.036638,-0.020770,-0.020032,0.009447,0.040845,0.020522,-0.016810,0.012001,0.068980,0.241925,0.223947,-0.082507,-0.077475,0.037095,0.194281,0.106171,-0.058286,-0.060168,0.019368,0.114599,0.049432,0.266712,0.275253,0.095886,0.413229,0.670666,0.154469,0.140466,0.078533,0.702738,0.857207
fire_total,fire_20091080336_2009,2009,2014,5,10,-0.012684,-0.012822,0.008844,0.031344,0.021018,-0.009687,-0.010580,0.010795,0.049219,0.037449,-0.015778,-0.015914,0.012058,0.039807,0.025211,0.002881,0.007358,0.043666,0.237959,0.237532,-0.054890,-0.061081,0.040078,0.170907,0.122437,-0.038617,-0.044135,0.028814,0.088998,0.055406,0.222517,0.221365,0.092266,0.436744,0.640694,0.113051,0.113560,0.061026,0.730178,0.834730
fire_total,fire_20091080336_2009,2009,2015,6,10,-0.018480,-0.018281,0.007418,0.037345,0.019890,-0.016762,-0.015762,0.009129,0.055716,0.038178,-0.018858,-0.018893,0.010159,0.039835,0.022173,-0.036279,-0.022331,0.050323,0.252767,0.220716,-0.071871,-0.075186,0.040127,0.187846,0.109024,-0.049410,-0.051587,0.024271,0.100273,0.047163,0.239023,0.227390,0.086040,0.450407,0.661486,0.115355,0.090794,0.068895,0.729244,0.813697
fire_total,fire_20091080336_2009,2009,2016,7,10,-0.013826,-0.011773,0.005784,0.030629,0.019402,-0.013799,-0.015688,0.008345,0.055063,0.038679,-0.019250,-0.016592,0.010021,0.038824,0.023396,-0.038514,-0.031783,0.046629,0.268070,0.227150,-0.063072,-0.072532,0.029028,0.188314,0.115996,-0.040610,-0.046633,0.018234,0.097522,0.054025,0.207124,0.186817,0.074597,0.472466,0.654948,0.079564,0.078597,0.064791,0.734554,0.814118
fire_total,fire_20091080336_2009,2009,2017,8,10,-0.011241,-0.011767,0.007057,0.027109,0.018027,-0.013654,-0.016226,0.010514,0.058933,0.043842,-0.021877,-0.019293,0.010829,0.041313,0.023822,-0.054402,-0.043322,0.041624,0.252953,0.193663,-0.061888,-0.075030,0.033450,0.177053,0.103910,-0.040837,-0.045059,0.021292,0.085546,0.048414,0.152202,0.152896,0.082551,0.495190,0.641258,0.039402,0.072130,0.078741,0.770463,0.809865
fire_total,fire_20091080336_2009,2009,2018,9,10,-0.006504,-0.007527,0.004907,0.026009,0.020563,-0.012341,-0.012731,0.008987,0.049851,0.037511,-0.014211,-0.014428,0.006966,0.035070,0.022454,-0.050009,-0.045860,0.052148,0.280851,0.229867,-0.052428,-0.061721,0.030761,0.190280,0.118945,-0.028923,-0.034989,0.015197,0.088928,0.053275,0.079415,0.100019,0.067596,0.560582,0.648031,0.062256,0.054520,0.053889,0.786054,0.839554
fire_total,fire_20091080336_2009,2009,2019,10,9,-0.006532,-0.009458,0.005708,0.025789,0.019890,-0.015056,-0.016181,0.009093,0.049122,0.034066,-0.013008,-0.015753,0.009979,0.032375,0.020385,-0.064377,-0.063507,0.044478,0.281552,0.217230,-0.043587,-0.058135,0.029866,0.174165,0.109636,-0.034101,-0.033765,0.016193,0.081298,0.051446,0.043996,0.084365,0.066707,0.545247,0.639552,0.057618,0.054005,0.057980,0.776314,0.837450
fire_total,fire_20091080336_2009,2009,2020,11,10,-0.011797,-0.011670,0.004554,0.030808,0.019560,-0.015372,-0.015529,0.006541,0.051171,0.037188,-0.013586,-0.013133,0.006781,0.031715,0.021595,-0.094765,-0.086457,0.047303,0.320451,0.231846,-0.049005,-0.061036,0.026357,0.180283,0.112798,-0.029012,-0.031632,0.013487,0.081256,0.052059,0.042301,0.056438,0.065495,0.606522,0.657998,0.021262,0.029076,0.047331,0.811429,0.838077
fire_total,fire_20091080336_2009,2009,2021,12,8,-0.008711,-0.008168,0.004262,0.029116,0.020317,-0.010491,-0.009678,0.005501,0.048752,0.038371,-0.007803,-0.008356,0.006661,0.032375,0.023925,-0.038425,-0.055230,0.039054,0.273716,0.213037,-0.033687,-0.040724,0.022393,0.156881,0.106797,-0.020529,-0.022662,0.010292,0.073694,0.049342,0.035801,0.041836,0.038143,0.592896,0.603430,0.009454,0.011800,0.045037,0.782458,0.804368
fire_total,fire_20091080336_2009,2009,2022,13,10,-0.005988,-0.005177,0.004276,0.023101,0.019436,-0.009062,-0.010713,0.009832,0.044702,0.036706,-0.011647,-0.009974,0.006863,0.028449,0.020894,-0.073261,-0.073019,0.060430,0.305581,0.217044,-0.032635,-0.041705,0.030556,0.148872,0.113239,-0.016233,-0.019477,0.014588,0.066262,0.050525,0.000804,0.016286,0.049375,0.640273,0.654624,0.002508,0.015080,0.036319,0.804361,0.834665
fire_total,fire_20091080336_2009,2009,2023,14,3,-0.005239,-0.002228,0.005299,0.017896,0.014775,-0.006861,-0.009474,0.012945,0.033530,0.026669,-0.009295,-0.008479,0.008856,0.026146,0.018419,-0.051026,-0.084998,0.060756,0.273179,0.145056,-0.014753,-0.035782,0.042665,0.126604,0.088571,-0.007576,-0.016326,0.020822,0.055186,0.042261,-0.035821,-0.046461,0.027354,0.620332,0.594306,-0.012867,-0.003846,0.037093,0.773802,0.786248
fire_total,fire_20091080336_2009,2009,2024,15,10,-0.004902,-0.004428,0.003405,0.025122,0.021251,-0.009879,-0.011157,0.008027,0.053543,0.043127,-0.006496,-0.006972,0.005731,0.032601,0.026985,-0.074800,-0.072217,0.043855,0.281277,0.204896,-0.018721,-0.025411,0.024190,0.150226,0.119702,-0.007893,-0.010055,0.010454,0.068091,0.056094,-0.048069,-0.054890,0.052179,0.608841,0.563567,-0.033489,-0.023728,0.043829,0.797072,0.765937
fire_total,fire_20091080336_2009,2009,2025,16,10,-0.002317,-0.002423,0.002936,0.021368,0.019223,-0.007762,-0.007015,0.011720,0.041821,0.036115,-0.004373,-0.004169,0.007402,0.025789,0.021677,-0.070448,-0.079298,0.051027,0.289500,0.217511,-0.017221,-0.019159,0.024378,0.138985,0.115886,-0.002798,-0.004023,0.008674,0.062590,0.056643,-0.080836,-0.078260,0.044966,0.645271,0.590807,-0.054393,-0.040072,0.042938,0.834723,0.777925
fire_total,fire_20091080356_2009,2009,2006,-3,4,-0.002049,-0.002018,0.004625,0.026346,0.023011,-0.013289,-0.010223,0.009506,0.049101,0.038920,-0.006441,-0.006356,0.004102,0.033454,0.026558,-0.027349,-0.031072,0.038397,0.252692,0.203728,-0.024379,-0.025410,0.025195,0.134098,0.104769,-0.012259,-0.010921,0.011872,0.058824,0.046400,0.012701,0.017522,0.037499,0.612321,0.608320,0.028565,0.027760,0.036471,0.738643,0.767208
fire_total,fire_20091080356_2009,2009,2007,-2,3,-0.006545,-0.008071,0.014080,0.023465,0.016810,-0.013118,-0.016055,0.010815,0.053220,0.035043,-0.007809,-0.009968,0.008641,0.037132,0.028525,-0.017077,-0.024374,0.037875,0.222867,0.169737,-0.017160,-0.020217,0.043716,0.124968,0.091033,-0.003038,-0.009872,0.022497,0.053687,0.036500,0.000444,0.015054,0.069740,0.625949,0.646039,0.046396,0.040062,0.025948,0.700716,0.738289
fire_total,fire_20091080356_2009,2009,2008,-1,4,-0.004201,-0.004104,0.000884,0.020481,0.015902,-0.008526,-0.009117,0.007869,0.040460,0.031996,-0.006352,-0.006923,0.004460,0.026036,0.019684,-0.015358,-0.019113,0.045338,0.228698,0.200758,0.004819,-0.003998,0.030133,0.101090,0.097061,0.005494,0.001509,0.017771,0.042179,0.045458,-0.002414,-0.002861,0.055983,0.676920,0.669469,0.025708,0.029147,0.026695,0.786478,0.813371
fire_total,fire_20091080356_2009,2009,2010,1,3,-0.008471,-0.009341,0.005292,0.026490,0.017772,-0.003933,-0.008118,0.009283,0.040955,0.037022,-0.017133,-0.018444,0.005092,0.044145,0.023850,0.066097,0.036342,0.053925,0.191050,0.165558,-0.079750,-0.057245,0.039050,0.164127,0.087320,-0.069024,-0.058602,0.031344,0.106542,0.037710,0.337748,0.430236,0.257525,0.323997,0.661745,0.161203,0.197977,0.122880,0.635670,0.733352
fire_total,fire_20091080356_2009,2009,2011,2,2,-0.018398,-0.018398,0.003694,0.033922,0.015524,-0.020639,-0.020639,0.000992,0.049645,0.029006,-0.027741,-0.027741,0.000573,0.045492,0.017752,-0.040480,-0.040480,0.057403,0.215772,0.175292,-0.114819,-0.114819,0.025055,0.195285,0.080465,-0.081290,-0.081290,0.026328,0.117927,0.036638,0.361911,0.361911,0.184332,0.294351,0.656263,0.145730,0.145730,0.052598,0.649775,0.795505
fire_total,fire_20091080356_2009,2009,2013,4,4,-0.011227,-0.010113,0.009644,0.029171,0.017945,-0.012271,-0.012952,0.009601,0.045410,0.031797,-0.020398,-0.018425,0.011483,0.040962,0.020563,0.001699,-0.000945,0.044024,0.217202,0.191222,-0.078953,-0.070572,0.052082,0.167716,0.090352,-0.060872,-0.056155,0.038320,0.100355,0.040515,0.317396,0.293371,0.152232,0.313889,0.640302,0.117941,0.121128,0.045129,0.662398,0.797054
fire_total,fire_20091080356_2009,2009,2014,5,4,-0.011117,-0.011546,0.001437,0.030093,0.017842,-0.017676,-0.019642,0.005857,0.051590,0.031268,-0.017455,-0.018579,0.006640,0.038906,0.020970,-0.027390,-0.029559,0.053943,0.242874,0.203439,-0.098375,-0.081576,0.045978,0.181659,0.097660,-0.066805,-0.058380,0.027765,0.105938,0.042859,0.238722,0.236342,0.100564,0.386775,0.633582,0.096571,0.100706,0.036677,0.714033,0.809478
fire_total,fire_20091080356_2009,2009,2015,6,4,-0.008195,-0.008869,0.003608,0.032224,0.024524,-0.010821,-0.010085,0.003377,0.048807,0.038233,-0.011618,-0.012883,0.005023,0.039181,0.026449,-0.033439,-0.024619,0.044896,0.236287,0.198846,-0.091808,-0.076271,0.055283,0.172597,0.094869,-0.053859,-0.049775,0.033400,0.091019,0.041931,0.227980,0.215744,0.099249,0.442561,0.670541,0.067708,0.064044,0.038094,0.707898,0.764590
fire_total,fire_20091080356_2009,2009,2016,7,4,-0.010581,-0.010175,0.005594,0.027755,0.017174,-0.021319,-0.020869,0.007505,0.053948,0.030457,-0.021031,-0.018731,0.006995,0.041216,0.019883,-0.057551,-0.047579,0.067071,0.257353,0.199802,-0.108824,-0.084143,0.054397,0.193112,0.097805,-0.063566,-0.052449,0.031070,0.103737,0.046820,0.191580,0.186786,0.081797,0.450361,0.641941,0.081775,0.080317,0.027753,0.735580,0.814439
fire_total,fire_20091080356_2009,2009,2017,8,4,-0.016720,-0.016153,0.007805,0.034609,0.017889,-0.023773,-0.021553,0.007138,0.058554,0.036046,-0.024887,-0.020573,0.009771,0.046579,0.022943,-0.068269,-0.044712,0.059906,0.259436,0.201246,-0.099942,-0.075594,0.061965,0.191442,0.095329,-0.054401,-0.045268,0.029007,0.098822,0.045919,0.175465,0.164404,0.077797,0.460468,0.635934,0.092844,0.094695,0.009654,0.707107,0.799850
fire_total,fire_20091080356_2009,2009,2018,9,4,-0.016651,-0.014565,0.007030,0.034933,0.019862,-0.021870,-0.019769,0.007079,0.058755,0.036913,-0.021010,-0.019387,0.007248,0.045135,0.023218,-0.067045,-0.051291,0.049603,0.266655,0.205749,-0.096718,-0.076498,0.053375,0.190301,0.099736,-0.052553,-0.044017,0.026720,0.098148,0.047294,0.151049,0.143870,0.066553,0.488556,0.640354,0.070875,0.069736,0.024412,0.727513,0.796109
fire_total,fire_20091080356_2009,2009,2019,10,1,-0.017476,-0.017476,,0.035936,0.018460,-0.020968,-0.020968,,0.059256,0.038288,-0.016967,-0.016967,,0.042852,0.025885,-0.120148,-0.120148,,0.293130,0.172982,-0.097543,-0.097543,,0.186155,0.088612,-0.044206,-0.044206,,0.092201,0.047995,0.054715,0.054715,,0.534074,0.588789,-0.001558,-0.001558,,0.759181,0.757623
fire_total,fire_20091080356_2009,2009,2020,11,4,-0.017146,-0.013650,0.007799,0.034313,0.019594,-0.022867,-0.019401,0.008664,0.056169,0.035283,-0.018116,-0.015441,0.006904,0.039766,0.022448,-0.083683,-0.052346,0.080912,0.283587,0.204050,-0.083201,-0.065260,0.061311,0.183349,0.102989,-0.045939,-0.037479,0.027756,0.088668,0.047032,0.084185,0.088561,0.049660,0.544184,0.637120,0.036711,0.035666,0.031536,0.760054,0.787049
fire_total,fire_20091080356_2009,2009,2021,12,4,-0.020234,-0.017879,0.008174,0.036693,0.017333,-0.025933,-0.022680,0.009070,0.057634,0.031935,-0.023822,-0.020773,0.007925,0.043815,0.020303,-0.101949,-0.071943,0.065972,0.271611,0.176660,-0.093445,-0.072201,0.055795,0.180710,0.091514,-0.052793,-0.041170,0.028322,0.092751,0.042399,0.100170,0.096226,0.039878,0.513985,0.623333,0.057924,0.058675,0.026284,0.740857,0.795900
fire_total,fire_20091080356_2009,2009,2022,13,4,-0.015256,-0.014379,0.009170,0.030794,0.015538,-0.028882,-0.024664,0.013620,0.060239,0.031357,-0.021031,-0.018408,0.011629,0.040660,0.019629,-0.117996,-0.090544,0.077267,0.294760,0.183618,-0.099392,-0.080541,0.058395,0.185454,0.090290,-0.046860,-0.037974,0.029029,0.084976,0.039745,0.054630,0.061815,0.057773,0.573738,0.644447,0.040944,0.036199,0.011609,0.771864,0.803144
fire_total,fire_20091080356_2009,2009,2023,14,4,-0.011165,-0.008800,0.008411,0.030051,0.019368,-0.024117,-0.020374,0.009555,0.055461,0.031660,-0.019766,-0.016837,0.009910,0.038721,0.020522,-0.122409,-0.089970,0.077137,0.288771,0.166362,-0.093857,-0.069847,0.057109,0.173918,0.088035,-0.043285,-0.034355,0.025602,0.081979,0.041374,0.055992,0.053960,0.047236,0.562295,0.610748,0.033786,0.033599,0.025306,0.764255,0.785929
fire_total,fire_20091080356_2009,2009,2024,15,4,-0.013138,-0.011055,0.006981,0.031241,0.018873,-0.022901,-0.019168,0.008603,0.061497,0.039848,-0.016321,-0.014039,0.007150,0.041752,0.024551,-0.122828,-0.084425,0.085885,0.279703,0.167139,-0.072587,-0.054674,0.047345,0.165282,0.096745,-0.031886,-0.025132,0.019827,0.075976,0.044839,0.005058,0.009589,0.017023,0.588301,0.584971,-0.014714,0.000487,0.041593,0.768728,0.755160
fire_total,fire_20091080356_2009,2009,2025,16,4,-0.010882,-0.009690,0.008506,0.025252,0.014424,-0.014018,-0.013307,0.009709,0.060315,0.045272,-0.011708,-0.011020,0.007595,0.035523,0.023815,-0.099619,-0.075034,0.079434,0.276438,0.176819,-0.061566,-0.045660,0.045230,0.151464,0.089898,-0.024970,-0.019666,0.019919,0.068648,0.043678,0.000093,-0.000832,0.016014,0.610468,0.601471,0.004955,0.013314,0.022399,0.764227,0.767506
fire_total,fire_20101080190_2010,2010,2007,-3,1,0.005212,0.005212,,0.026737,0.031949,-0.000055,-0.000055,,0.050030,0.049975,-0.001623,-0.001623,,0.037160,0.035537,0.018796,0.018796,,0.272973,0.291769,-0.006146,-0.006146,,0.135362,0.129216,-0.006407,-0.006407,,0.059572,0.053165,0.073907,0.073907,,0.632774,0.706681,0.028800,0.028800,,0.763940,0.792740
fire_total,fire_20101080190_2010,2010,2008,-2,1,-0.002833,-0.002833,,0.024785,0.021952,-0.015868,-0.015868,,0.049343,0.033475,-0.014631,-0.014631,,0.035428,0.020797,0.013145,0.013145,,0.254767,0.267912,-0.016666,-0.016666,,0.126563,0.109897,-0.012183,-0.012183,,0.054843,0.042660,0.083663,0.083663,,0.641619,0.725282,0.098409,0.098409,,0.755837,0.854246
fire_total,fire_20101080190_2010,2010,2012,2,1,0.007907,0.007907,,0.033571,0.041478,0.000701,0.000701,,0.055420,0.056121,-0.006943,-0.006943,,0.055076,0.048133,0.050862,0.050862,,0.264502,0.315364,-0.072242,-0.072242,,0.224366,0.152124,-0.068668,-0.068668,,0.133974,0.065306,0.339998,0.339998,,0.324201,0.664199,0.099648,0.099648,,0.650743,0.750391
fire_total,fire_20101080190_2010,2010,2014,4,1,-0.018796,-0.018796,,0.035991,0.017195,-0.027762,-0.027762,,0.061759,0.033997,-0.025259,-0.025259,,0.046111,0.020852,-0.026675,-0.026675,,0.294890,0.268215,-0.106810,-0.106810,,0.215443,0.108633,-0.077591,-0.077591,,0.121159,0.043568,0.278730,0.278730,,0.440129,0.718859,0.156754,0.156754,,0.717136,0.873890
fire_total,fire_20101080190_2010,2010,2015,5,1,-0.021588,-0.021588,,0.036885,0.015297,-0.026620,-0.026620,,0.057125,0.030505,-0.030608,-0.030608,,0.048875,0.018267,0.006930,0.006930,,0.274678,0.281608,-0.098395,-0.098395,,0.213930,0.115535,-0.070593,-0.070593,,0.113528,0.042935,0.349256,0.349256,,0.393692,0.742948,0.175365,0.175365,,0.702902,0.878267
fire_total,fire_20101080190_2010,2010,2017,7,1,-0.019992,-0.019992,,0.044777,0.024785,-0.020680,-0.020680,,0.074890,0.054210,-0.020983,-0.020983,,0.051378,0.030395,-0.011083,-0.011083,,0.372248,0.361165,-0.085800,-0.085800,,0.229330,0.143530,-0.070015,-0.070015,,0.124528,0.054513,0.226985,0.226985,,0.480381,0.707366,0.147143,0.147143,,0.706021,0.853164
fire_total,fire_20101080190_2010,2010,2019,9,1,-0.014328,-0.014328,,0.036583,0.022255,-0.027899,-0.027899,,0.064963,0.037064,-0.029150,-0.029150,,0.050965,0.021815,-0.038514,-0.038514,,0.348213,0.309699,-0.093939,-0.093939,,0.217752,0.123813,-0.068420,-0.068420,,0.117336,0.048916,0.244050,0.244050,,0.481811,0.725861,0.133168,0.133168,,0.729842,0.863010
fire_total,fire_20101080190_2010,2010,2020,10,1,-0.018865,-0.018865,,0.041725,0.022860,-0.028298,-0.028298,,0.064275,0.035977,-0.021478,-0.021478,,0.050003,0.028525,-0.032642,-0.032642,,0.331437,0.298795,-0.089705,-0.089705,,0.222180,0.132475,-0.056073,-0.056073,,0.115095,0.059022,0.175691,0.175691,,0.526165,0.701856,0.094206,0.094206,,0.737822,0.832028
fire_total,fire_20101080190_2010,2010,2022,12,1,-0.016747,-0.016747,,0.033365,0.016618,-0.030662,-0.030662,,0.060067,0.029405,-0.022109,-0.022109,,0.039442,0.017333,-0.023018,-0.023018,,0.321730,0.298712,-0.075460,-0.075460,,0.197430,0.121970,-0.049775,-0.049775,,0.096725,0.046950,0.172583,0.172583,,0.542657,0.715240,0.093458,0.093458,,0.777838,0.871296
fire_total,fire_20101080190_2010,2010,2023,13,1,-0.029480,-0.029480,,0.045162,0.015682,-0.037043,-0.037043,,0.067933,0.030890,-0.028902,-0.028902,,0.047967,0.019065,-0.010093,-0.010093,,0.303278,0.293185,-0.104032,-0.104032,,0.214645,0.110613,-0.066165,-0.066165,,0.109623,0.043458,0.219010,0.219010,,0.525510,0.744520,0.126947,0.126947,,0.757329,0.884276
fire_total,fire_20101080190_2010,2010,2024,14,1,-0.018796,-0.018796,,0.038370,0.019574,-0.025163,-0.025163,,0.062295,0.037132,-0.021436,-0.021436,,0.045410,0.023974,-0.023815,-0.023815,,0.297324,0.273509,-0.070757,-0.070757,,0.197182,0.126425,-0.047548,-0.047548,,0.098458,0.050910,0.166958,0.166958,,0.531836,0.698794,0.099157,0.099157,,0.745736,0.844893
fire_total,fire_20101080190_2010,2010,2025,15,1,-0.021271,-0.021271,,0.037820,0.016549,-0.023333,-0.023333,,0.057482,0.034149,-0.023031,-0.023031,,0.042412,0.019381,-0.018838,-0.018838,,0.332868,0.314030,-0.077440,-0.077440,,0.198090,0.120650,-0.051824,-0.051824,,0.097880,0.046056,0.172322,0.172322,,0.570291,0.742613,0.097357,0.097357,,0.783367,0.880724
fire_total,fire_20101080233_2010,2010,2007,-3,1,0.006875,0.006875,,0.023245,0.030120,0.004826,0.004826,,0.038136,0.042962,-0.001801,-0.001801,,0.030244,0.028443,0.100292,0.100292,,0.216735,0.317027,0.035076,0.035076,,0.096546,0.131622,0.018397,0.018397,,0.041313,0.059710,0.000948,0.000948,,0.677642,0.678590,0.087131,0.087131,,0.741341,0.828472
fire_total,fire_20101080233_2010,2010,2013,3,1,-0.012168,-0.012168,,0.031027,0.018859,-0.016486,-0.016486,,0.048710,0.032224,-0.019181,-0.019181,,0.037380,0.018199,0.068049,0.068049,,0.214315,0.282364,-0.075487,-0.075487,,0.194900,0.119413,-0.073631,-0.073631,,0.119852,0.046221,0.429472,0.429472,,0.290157,0.719629,0.173672,0.173672,,0.707071,0.880743
fire_total,fire_20101080233_2010,2010,2014,4,2,-0.005830,-0.005830,0.006087,0.023933,0.018103,-0.005761,-0.005761,0.006961,0.042405,0.036644,-0.010079,-0.010079,0.007681,0.031564,0.021485,0.007226,0.007226,0.040048,0.233661,0.240887,-0.064996,-0.064996,0.003890,0.168266,0.103270,-0.051198,-0.051198,0.000243,0.094993,0.043795,0.299293,0.299293,0.015117,0.393513,0.692807,0.081317,0.081317,0.066986,0.744665,0.825983
fire_total,fire_20101080233_2010,2010,2015,5,2,-0.016775,-0.016775,0.005444,0.035771,0.018996,-0.008017,-0.008017,0.014759,0.048023,0.040006,-0.010176,-0.010176,0.013301,0.035181,0.025005,0.020873,0.020873,0.046279,0.221658,0.242530,-0.069521,-0.069521,0.017073,0.174083,0.104562,-0.054793,-0.054793,0.013359,0.099309,0.044517,0.310669,0.310669,0.058610,0.387844,0.698513,0.077533,0.077533,0.118363,0.729473,0.807006
fire_total,fire_20101080233_2010,2010,2016,6,2,-0.008951,-0.008951,0.003169,0.026751,0.017800,-0.011605,-0.011605,0.006281,0.047472,0.035867,-0.013977,-0.013977,0.011522,0.034423,0.020446,-0.009219,-0.009219,0.067213,0.264310,0.255090,-0.081035,-0.081035,0.022333,0.186554,0.105518,-0.050689,-0.050689,0.010704,0.094318,0.043630,0.233335,0.233335,0.054507,0.469898,0.703234,0.070520,0.070520,0.106203,0.765941,0.836461
fire_total,fire_20101080233_2010,2010,2017,7,1,-0.016885,-0.016885,,0.036032,0.019147,-0.019607,-0.019607,,0.063945,0.044338,-0.023321,-0.023321,,0.046813,0.023492,-0.005858,-0.005858,,0.292498,0.286640,-0.103043,-0.103043,,0.221245,0.118202,-0.068090,-0.068090,,0.117460,0.049370,0.275796,0.275796,,0.440557,0.716353,0.145709,0.145709,,0.724072,0.869781
fire_total,fire_20101080233_2010,2010,2018,8,2,0.012560,0.012560,0.028342,0.028814,0.041374,0.008883,0.008883,0.031696,0.055310,0.064192,0.001925,0.001925,0.033368,0.041945,0.043870,-0.009061,-0.009061,0.015071,0.263884,0.254823,-0.052945,-0.052945,0.053271,0.165874,0.112930,-0.037111,-0.037111,0.020438,0.089781,0.052670,0.149802,0.149802,0.121764,0.531604,0.681406,-0.023269,-0.023269,0.165916,0.762330,0.739061
fire_total,fire_20101080233_2010,2010,2019,9,2,-0.010952,-0.010952,0.008975,0.031323,0.020371,-0.011206,-0.011206,0.017034,0.052917,0.041711,-0.014479,-0.014479,0.018901,0.040034,0.025555,-0.016933,-0.016933,0.029645,0.273866,0.256933,-0.076161,-0.076161,0.032533,0.187206,0.111046,-0.044914,-0.044914,0.031473,0.092889,0.047975,0.179035,0.179035,0.133536,0.500971,0.680006,0.066105,0.066105,0.117900,0.745835,0.811940
fire_total,fire_20101080233_2010,2010,2020,10,1,-0.010340,-0.010340,,0.027879,0.017539,-0.007562,-0.007562,,0.041340,0.033778,-0.008401,-0.008401,,0.029061,0.020660,-0.070662,-0.070662,,0.238323,0.167661,-0.071638,-0.071638,,0.143833,0.072195,-0.036121,-0.036121,,0.066475,0.030354,0.131074,0.131074,,0.563837,0.694911,0.000427,0.000427,,0.782879,0.783306
fire_total,fire_20101080233_2010,2010,2021,11,2,-0.019333,-0.019333,0.013495,0.039497,0.020164,-0.012196,-0.012196,0.015381,0.055984,0.043788,-0.014671,-0.014671,0.011493,0.042096,0.027425,-0.055564,-0.055564,0.004726,0.274526,0.218963,-0.074806,-0.074806,0.005551,0.181638,0.106832,-0.041126,-0.041126,0.008032,0.088310,0.047184,0.125135,0.125135,0.027108,0.513518,0.638653,0.028471,0.028471,0.072124,0.739652,0.768123
fire_total,fire_20101080233_2010,2010,2022,12,2,-0.004118,-0.004118,0.005668,0.022523,0.018405,-0.013276,-0.013276,0.010452,0.044372,0.031096,-0.009095,-0.009095,0.004113,0.030099,0.021004,-0.088248,-0.088248,0.020223,0.290490,0.202242,-0.060404,-0.060404,0.010093,0.164746,0.104343,-0.026627,-0.026627,0.003997,0.072490,0.045864,0.028256,0.028256,0.005815,0.595488,0.623744,-0.022411,-0.022411,0.039841,0.802214,0.779803
fire_total,fire_20101080233_2010,2010,2023,13,2,-0.013894,-0.013894,0.001216,0.033090,0.019196,-0.017566,-0.017566,0.001993,0.051941,0.034376,-0.013207,-0.013207,0.004190,0.037352,0.024146,-0.088309,-0.088309,0.030461,0.284591,0.196282,-0.057441,-0.057441,0.024608,0.165970,0.108530,-0.026311,-0.026311,0.010335,0.077049,0.050738,0.036388,0.036388,0.016899,0.557421,0.593808,0.007509,0.007509,0.050456,0.759877,0.767386
fire_total,fire_20101080233_2010,2010,2024,14,2,-0.008993,-0.008993,0.002975,0.030897,0.021905,-0.011921,-0.011921,0.010637,0.053488,0.041567,-0.006525,-0.006525,0.007108,0.036205,0.029680,-0.084508,-0.084508,0.003169,0.289136,0.204628,-0.039545,-0.039545,0.018084,0.161033,0.121488,-0.016273,-0.016273,0.007302,0.075522,0.059250,-0.022537,-0.022537,0.036688,0.577134,0.554598,-0.026648,-0.026648,0.040699,0.780166,0.753518
fire_total,fire_20101080233_2010,2010,2025,15,2,-0.000475,-0.000475,0.000671,0.020172,0.019697,-0.009921,-0.009921,0.006835,0.053750,0.043828,-0.007089,-0.007089,0.002927,0.034142,0.027054,-0.092009,-0.092009,0.002013,0.313404,0.221396,-0.025664,-0.025664,0.024530,0.147621,0.121956,-0.009680,-0.009680,0.011259,0.067891,0.058211,-0.049492,-0.049492,0.032007,0.643336,0.593844,-0.024628,-0.024628,0.038745,0.807465,0.782838
fire_total,fire_20101080253_2010,2010,2007,-3,3,-0.004771,-0.003318,0.005555,0.022846,0.018075,-0.009969,-0.006930,0.007561,0.042124,0.034548,-0.006587,-0.007769,0.006502,0.029996,0.021952,0.004839,0.001902,0.011204,0.200813,0.190335,-0.009900,-0.006128,0.008131,0.102074,0.105278,-0.008278,-0.005633,0.005901,0.047363,0.046483,0.051753,0.024978,0.058701,0.593575,0.645328,0.078140,0.075667,0.067562,0.692453,0.770593
fire_total,fire_20101080253_2010,2010,2008,-2,3,-0.002310,-0.002209,0.000994,0.021733,0.020564,-0.004784,-0.005651,0.006718,0.039965,0.031303,-0.007521,-0.007379,0.003116,0.027892,0.017470,0.007783,0.007870,0.009151,0.187007,0.188328,0.001967,0.001627,0.006964,0.095048,0.098334,-0.001622,0.000477,0.003755,0.046194,0.044970,0.003392,-0.000161,0.011390,0.606409,0.606607,0.055564,0.052316,0.010222,0.740414,0.785871
fire_total,fire_20101080253_2010,2010,2010,0,3,-0.009570,-0.009607,0.004675,0.028883,0.021100,-0.001265,-0.003272,0.005065,0.034245,0.032980,-0.013365,-0.017701,0.009002,0.036940,0.023602,0.107387,0.090864,0.038029,0.071975,0.171690,-0.063731,-0.061600,0.011636,0.152756,0.096230,-0.104857,-0.102107,0.015936,0.151147,0.046290,0.978390,0.875550,0.242996,-0.367561,0.610829,0.489981,0.448141,0.076301,0.284671,0.758286
fire_total,fire_20101080253_2010,2010,2011,1,3,-0.019813,-0.020267,0.009749,0.043897,0.024084,-0.011467,-0.013479,0.019131,0.057826,0.044448,-0.030456,-0.036946,0.020992,0.061140,0.028443,0.123860,0.099307,0.045877,0.154764,0.230430,-0.076065,-0.098665,0.055326,0.186114,0.110049,-0.096195,-0.113474,0.042964,0.150240,0.047005,0.760806,0.711954,0.127463,-0.139653,0.621153,0.371823,0.388558,0.077341,0.430453,0.789657
fire_total,fire_20101080253_2010,2010,2013,3,3,-0.013640,-0.021005,0.014259,0.033530,0.019890,-0.011385,-0.019915,0.016420,0.049673,0.035139,-0.020694,-0.035177,0.027882,0.043705,0.020976,0.008291,-0.005908,0.034817,0.192164,0.194391,-0.102602,-0.128994,0.056150,0.205762,0.102321,-0.084136,-0.106242,0.056869,0.129931,0.045795,0.467919,0.476305,0.252870,0.180499,0.637350,0.173096,0.239075,0.215379,0.643632,0.800952
fire_total,fire_20101080253_2010,2010,2014,4,3,-0.006600,-0.014382,0.015128,0.028277,0.019725,-0.011550,-0.018837,0.012837,0.055420,0.036472,-0.018907,-0.029251,0.022657,0.041258,0.021402,-0.001444,-0.015363,0.044039,0.234706,0.221382,-0.092043,-0.114561,0.044938,0.211345,0.116525,-0.071307,-0.092725,0.048746,0.124445,0.053138,0.336349,0.386339,0.247519,0.293741,0.629711,0.149516,0.194000,0.196247,0.697559,0.821098
fire_total,fire_20101080253_2010,2010,2015,5,3,-0.014685,-0.018828,0.013176,0.036968,0.024235,-0.011852,-0.018705,0.015273,0.057812,0.041752,-0.018370,-0.026056,0.016935,0.046070,0.026133,-0.011014,-0.021377,0.047502,0.208004,0.200923,-0.103799,-0.116348,0.028092,0.208609,0.104810,-0.085360,-0.089219,0.031733,0.125545,0.040185,0.423378,0.362474,0.193544,0.230703,0.647136,0.151372,0.148614,0.132357,0.637057,0.765756
fire_total,fire_20101080253_2010,2010,2016,6,3,-0.017008,-0.023049,0.014519,0.032567,0.014871,-0.025740,-0.031171,0.012197,0.053330,0.025885,-0.032698,-0.037496,0.019888,0.046194,0.015559,-0.063182,-0.086804,0.062551,0.227034,0.163852,-0.137129,-0.149829,0.034335,0.223528,0.079579,-0.098739,-0.104115,0.038433,0.136146,0.037229,0.418589,0.380003,0.207484,0.251498,0.670087,0.209835,0.179089,0.154093,0.655845,0.824002
fire_total,fire_20101080253_2010,2010,2017,7,2,-0.012643,-0.012643,0.005941,0.033248,0.020605,-0.011653,-0.011653,0.004113,0.053048,0.041395,-0.020852,-0.020852,0.009226,0.048455,0.027603,-0.027032,-0.027032,0.057870,0.248868,0.221836,-0.095432,-0.095432,0.032697,0.221046,0.125614,-0.066358,-0.066358,0.032201,0.128337,0.061979,0.220030,0.220030,0.216218,0.344033,0.564063,0.109595,0.109595,0.135760,0.664809,0.774404
fire_total,fire_20101080253_2010,2010,2019,9,3,-0.013887,-0.013810,0.008092,0.039195,0.025445,-0.018947,-0.021019,0.010304,0.060480,0.043430,-0.029260,-0.028110,0.015096,0.053797,0.024867,-0.049981,-0.044101,0.041474,0.265479,0.226525,-0.113919,-0.098592,0.029242,0.226291,0.120430,-0.083985,-0.071949,0.020859,0.136724,0.058830,0.286802,0.234893,0.138672,0.322844,0.609646,0.161903,0.110306,0.099335,0.642675,0.787971
fire_total,fire_20101080253_2010,2010,2020,10,2,-0.012698,-0.012698,0.004113,0.037833,0.025135,-0.017517,-0.017517,0.007058,0.058953,0.041437,-0.021856,-0.021856,0.008663,0.049177,0.027321,-0.076278,-0.076278,0.016208,0.293337,0.217058,-0.075769,-0.075769,0.011872,0.197801,0.122032,-0.047383,-0.047383,0.015809,0.105312,0.057929,0.115858,0.115858,0.093069,0.464242,0.580099,0.070729,0.070729,0.060558,0.703618,0.774347
fire_total,fire_20101080253_2010,2010,2021,11,3,-0.013860,-0.014529,0.006912,0.035345,0.021485,-0.020680,-0.019181,0.007680,0.053715,0.033777,-0.024255,-0.023710,0.010934,0.045217,0.020962,-0.055385,-0.056150,0.028367,0.252540,0.203178,-0.074717,-0.086813,0.032136,0.182717,0.104783,-0.049665,-0.055536,0.026541,0.093975,0.044310,0.148136,0.177440,0.142313,0.457599,0.605735,0.112154,0.110329,0.086187,0.677985,0.790139
fire_total,fire_20101080253_2010,2010,2022,12,3,-0.008608,-0.010299,0.008156,0.030725,0.022117,-0.017462,-0.016807,0.009662,0.051680,0.034960,-0.017009,-0.019741,0.010527,0.038576,0.021567,-0.060033,-0.056751,0.006009,0.270181,0.220365,-0.066825,-0.066724,0.042418,0.162725,0.111410,-0.037592,-0.038238,0.027320,0.081820,0.046015,0.125423,0.119483,0.136243,0.513827,0.639250,0.060054,0.069902,0.083161,0.744793,0.804847
fire_total,fire_20101080253_2010,2010,2023,13,3,-0.009680,-0.011751,0.003951,0.033997,0.022998,-0.010862,-0.013879,0.006002,0.051955,0.036775,-0.021394,-0.021303,0.007618,0.041532,0.020138,-0.085388,-0.083233,0.013318,0.282433,0.197045,-0.084480,-0.081574,0.031684,0.177548,0.103325,-0.035062,-0.039893,0.022570,0.080527,0.046703,0.093165,0.111070,0.118390,0.535278,0.624885,0.059115,0.067006,0.066762,0.742726,0.801841
fire_total,fire_20101080253_2010,2010,2024,14,3,-0.006545,-0.010762,0.007761,0.028140,0.019147,-0.009983,-0.016230,0.013651,0.053083,0.039057,-0.010932,-0.016298,0.013187,0.037201,0.024922,-0.075006,-0.075497,0.001059,0.267638,0.190926,-0.039518,-0.058126,0.036255,0.161763,0.104343,-0.017792,-0.031684,0.025117,0.072277,0.046386,0.000601,0.048405,0.124719,0.602093,0.604542,0.005389,0.033072,0.078715,0.764462,0.769851
fire_total,fire_20101080253_2010,2010,2025,15,3,-0.004881,-0.004643,0.001758,0.023355,0.019560,0.027500,0.020455,0.012778,0.048545,0.076045,-0.005211,-0.001875,0.005887,0.033035,0.035592,-0.060912,-0.044046,0.029476,0.243218,0.223803,-0.034650,-0.042414,0.015541,0.146968,0.109513,-0.014163,-0.021368,0.014252,0.068373,0.051158,0.000562,0.029488,0.086531,0.612591,0.617785,-0.009722,-0.029248,0.064524,0.778361,0.734904
fire_total,fire_20101080264_2010,2010,2007,-3,1,0.002117,0.002117,,0.020990,0.023107,-0.001568,-0.001568,,0.038755,0.037187,-0.001224,-0.001224,,0.028635,0.027411,-0.009404,-0.009404,,0.177382,0.167978,-0.021217,-0.021217,,0.099228,0.078011,-0.003327,-0.003327,,0.039470,0.036143,-0.015201,-0.015201,,0.651472,0.636271,-0.006264,-0.006264,,0.714428,0.708164
fire_total,fire_20101080264_2010,2010,2008,-2,1,-0.008800,-0.008800,,0.024097,0.015297,-0.008553,-0.008553,,0.041313,0.032760,-0.003768,-0.003768,,0.029378,0.025610,-0.005775,-0.005775,,0.164100,0.158325,-0.019278,-0.019278,,0.084350,0.065072,-0.001431,-0.001431,,0.035208,0.033777,0.001637,0.001637,,0.646702,0.648339,0.047396,0.047396,,0.674136,0.721532
fire_total,fire_20101080264_2010,2010,2010,0,1,0.005019,0.005019,,0.026944,0.031963,0.006490,0.006490,,0.037765,0.044255,-0.008787,-0.008787,,0.039979,0.031192,0.094339,0.094339,,0.091734,0.186073,-0.048276,-0.048276,,0.122891,0.074615,-0.064241,-0.064241,,0.094223,0.029982,0.776170,0.776170,,-0.053715,0.722455,0.300009,0.300009,,0.393137,0.693146
fire_total,fire_20101080264_2010,2010,2011,1,1,0.001100,0.001100,,0.018790,0.019890,-0.006091,-0.006091,,0.036239,0.030148,-0.014850,-0.014850,,0.036266,0.021416,0.047204,0.047204,,0.108385,0.155589,-0.074773,-0.074773,,0.145799,0.071026,-0.072339,-0.072339,,0.100520,0.028181,0.672062,0.672062,,0.014343,0.686405,0.261327,0.261327,,0.493011,0.754338
fire_total,fire_20101080264_2010,2010,2013,3,1,-0.010615,-0.010615,,0.025032,0.014417,-0.005307,-0.005307,,0.034492,0.029185,-0.017188,-0.017188,,0.034960,0.017772,-0.004881,-0.004881,,0.161996,0.157115,-0.103771,-0.103771,,0.165516,0.061745,-0.069781,-0.069781,,0.101661,0.031880,0.430098,0.430098,,0.232539,0.662637,0.151730,0.151730,,0.645025,0.796755
fire_total,fire_20101080264_2010,2010,2014,4,1,-0.023320,-0.023320,,0.035015,0.011695,-0.019827,-0.019827,,0.050662,0.030835,-0.028022,-0.028022,,0.044860,0.016838,-0.036712,-0.036712,,0.212417,0.175705,-0.124025,-0.124025,,0.191792,0.067767,-0.091135,-0.091135,,0.119385,0.028250,0.418345,0.418345,,0.291950,0.710295,0.173645,0.173645,,0.643413,0.817058
fire_total,fire_20101080264_2010,2010,2015,5,1,-0.008993,-0.008993,,0.023850,0.014857,-0.014245,-0.014245,,0.043980,0.029735,-0.023539,-0.023539,,0.040267,0.016728,-0.022413,-0.022413,,0.193003,0.170590,-0.109064,-0.109064,,0.181837,0.072773,-0.078155,-0.078155,,0.109210,0.031055,0.420497,0.420497,,0.271864,0.692361,0.148793,0.148793,,0.661384,0.810177
fire_total,fire_20101080264_2010,2010,2017,7,1,-0.013558,-0.013558,,0.025968,0.012410,-0.022028,-0.022028,,0.052588,0.030560,-0.021946,-0.021946,,0.040653,0.018707,-0.065394,-0.065394,,0.228587,0.163193,-0.126335,-0.126335,,0.197870,0.071535,-0.076559,-0.076559,,0.108467,0.031908,0.340911,0.340911,,0.355335,0.696246,0.094643,0.094643,,0.698541,0.793184
fire_total,fire_20101080264_2010,2010,2018,8,1,-0.024572,-0.024572,,0.040598,0.016026,-0.023155,-0.023155,,0.056506,0.033351,-0.026758,-0.026758,,0.048435,0.021677,-0.053474,-0.053474,,0.238859,0.185385,-0.117150,-0.117150,,0.194721,0.077571,-0.072641,-0.072641,,0.105456,0.032815,0.286584,0.286584,,0.387057,0.673641,0.123857,0.123857,,0.652588,0.776445
fire_total,fire_20101080264_2010,2010,2019,9,1,-0.017614,-0.017614,,0.032073,0.014459,-0.028202,-0.028202,,0.055283,0.027081,-0.028834,-0.028834,,0.044750,0.015916,-0.088165,-0.088165,,0.241691,0.153526,-0.129607,-0.129607,,0.193731,0.064124,-0.081799,-0.081799,,0.107106,0.025307,0.291138,0.291138,,0.412896,0.704034,0.106141,0.106141,,0.695106,0.801247
fire_total,fire_20101080264_2010,2010,2022,12,1,-0.014492,-0.014492,,0.027315,0.012823,-0.019428,-0.019428,,0.047912,0.028484,-0.017820,-0.017820,,0.034768,0.016948,-0.109519,-0.109519,,0.262028,0.152509,-0.090943,-0.090943,,0.153430,0.062487,-0.046228,-0.046228,,0.073983,0.027755,0.159921,0.159921,,0.537062,0.696983,0.049736,0.049736,,0.755952,0.805688
fire_total,fire_20101080264_2010,2010,2024,14,1,-0.013214,-0.013214,,0.028181,0.014967,-0.018659,-0.018659,,0.050154,0.031495,-0.016060,-0.016060,,0.036363,0.020303,-0.109821,-0.109821,,0.248484,0.138663,-0.067045,-0.067045,,0.147875,0.080830,-0.036094,-0.036094,,0.073144,0.037050,0.030070,0.030070,,0.555356,0.585426,-0.010766,-0.010766,,0.756930,0.746164
fire_total,fire_20101080264_2010,2010,2025,15,1,-0.011757,-0.011757,,0.026614,0.014857,-0.019662,-0.019662,,0.054292,0.034630,-0.016789,-0.016789,,0.038356,0.021567,-0.094957,-0.094957,,0.263650,0.168693,-0.065354,-0.065354,,0.148356,0.083002,-0.036451,-0.036451,,0.074051,0.037600,0.035693,0.035693,,0.563315,0.599008,0.002148,0.002148,,0.751091,0.753239
fire_total,fire_20101080268_2010,2010,2007,-3,1,-0.023127,-0.023127,,0.044227,0.021100,-0.024640,-0.024640,,0.067300,0.042660,-0.011082,-0.011082,,0.043457,0.032375,0.033399,0.033399,,0.260529,0.293928,-0.005596,-0.005596,,0.143131,0.137535,-0.004867,-0.004867,,0.064962,0.060095,0.046105,0.046105,,0.619556,0.665661,0.066131,0.066131,,0.740527,0.806658
fire_total,fire_20101080268_2010,2010,2008,-2,1,-0.001458,-0.001458,,0.026394,0.024936,0.001815,0.001815,,0.040900,0.042715,-0.000921,-0.000921,,0.029955,0.029034,0.050215,0.050215,,0.231159,0.281374,0.022826,0.022826,,0.117102,0.139928,0.011179,0.011179,,0.048586,0.059765,-0.009760,-0.009760,,0.673474,0.663714,0.013390,0.013390,,0.802176,0.815566
fire_total,fire_20101080268_2010,2010,2010,0,1,-0.001870,-0.001870,,0.021609,0.019739,0.012582,0.012582,,0.030106,0.042688,-0.000880,-0.000880,,0.031467,0.030587,0.187138,0.187138,,0.087815,0.274953,-0.026771,-0.026771,,0.166437,0.139666,-0.093129,-0.093129,,0.156029,0.062900,0.902187,0.902187,,-0.275451,0.626736,0.331242,0.331242,,0.469196,0.800438
fire_total,fire_20101080272_2010,2010,2008,-2,7,-0.005088,-0.004728,0.006544,0.016700,0.014541,-0.011385,-0.009065,0.010425,0.039704,0.028800,-0.007837,-0.008788,0.010499,0.021595,0.015325,-0.034292,-0.027698,0.057013,0.195890,0.152963,-0.025960,-0.025494,0.033997,0.098017,0.066667,-0.015331,-0.012595,0.017880,0.042866,0.030972,0.057772,0.054353,0.042458,0.617109,0.678195,0.051943,0.050513,0.035816,0.773006,0.813851
fire_total,fire_20101080272_2010,2010,2010,0,4,-0.000921,-0.002826,0.004733,0.023878,0.022035,0.001788,0.002489,0.007659,0.037792,0.037944,-0.013957,-0.014170,0.009768,0.039127,0.024221,0.067058,0.080740,0.055007,0.100891,0.199534,-0.075666,-0.059263,0.045880,0.155245,0.080926,-0.103827,-0.085333,0.047883,0.133465,0.031550,0.876942,0.750431,0.423645,-0.178105,0.698837,0.367644,0.328445,0.188765,0.401973,0.769617
fire_total,fire_20101080272_2010,2010,2011,1,5,-0.016995,-0.013882,0.007259,0.034658,0.020990,-0.007136,-0.008451,0.005888,0.050250,0.041532,-0.025878,-0.021918,0.009854,0.047308,0.024207,0.056650,0.068068,0.038922,0.139996,0.230485,-0.092510,-0.075581,0.042271,0.184340,0.091830,-0.101199,-0.088330,0.044152,0.148260,0.034162,0.704612,0.591971,0.248759,0.014236,0.685817,0.295407,0.277344,0.135239,0.477354,0.781460
fire_total,fire_20101080272_2010,2010,2013,3,7,-0.018315,-0.014785,0.008167,0.035702,0.016329,-0.010779,-0.010729,0.012590,0.048627,0.032403,-0.024392,-0.020499,0.009638,0.044557,0.019010,0.021972,0.012674,0.073496,0.176324,0.186375,-0.113328,-0.099955,0.045692,0.204827,0.083071,-0.087601,-0.082964,0.038326,0.144163,0.033832,0.538446,0.465418,0.241339,0.109456,0.669795,0.177749,0.175985,0.095504,0.615080,0.801286
fire_total,fire_20101080272_2010,2010,2014,4,7,-0.016170,-0.014053,0.004103,0.036514,0.022255,-0.012718,-0.012149,0.010295,0.051446,0.037160,-0.023430,-0.019934,0.007712,0.047225,0.022860,-0.015482,-0.011611,0.067071,0.203219,0.187255,-0.112860,-0.099020,0.041747,0.199107,0.081792,-0.082734,-0.075983,0.034207,0.130825,0.036239,0.394576,0.357800,0.195931,0.265372,0.655332,0.135526,0.129595,0.075537,0.642992,0.779933
fire_total,fire_20101080272_2010,2010,2015,5,7,-0.022936,-0.021635,0.007881,0.041038,0.018240,-0.018879,-0.014962,0.007613,0.053715,0.034795,-0.022441,-0.020898,0.008151,0.043843,0.021347,-0.027748,-0.018885,0.059779,0.204016,0.169407,-0.112888,-0.100018,0.044980,0.193525,0.077283,-0.085222,-0.073148,0.032961,0.126150,0.031303,0.431906,0.365035,0.195494,0.237993,0.685101,0.129956,0.123629,0.085661,0.640962,0.770918
fire_total,fire_20101080272_2010,2010,2016,6,7,-0.016514,-0.016072,0.006158,0.035483,0.017016,-0.021051,-0.016579,0.009629,0.056053,0.035757,-0.027143,-0.025206,0.010924,0.051378,0.020646,-0.048043,-0.027188,0.080483,0.226498,0.189290,-0.124451,-0.109198,0.051656,0.212637,0.081916,-0.086392,-0.074317,0.035381,0.128873,0.034176,0.420572,0.345454,0.203265,0.258172,0.678744,0.181897,0.149450,0.085989,0.625997,0.802300
fire_total,fire_20101080272_2010,2010,2017,7,7,-0.021670,-0.020847,0.009921,0.040515,0.020577,-0.023073,-0.023072,0.012590,0.055723,0.032127,-0.032450,-0.029111,0.011588,0.052808,0.022640,-0.049500,-0.029252,0.048547,0.207124,0.177245,-0.119624,-0.108809,0.053021,0.194267,0.070985,-0.090090,-0.075815,0.036265,0.118752,0.032471,0.443065,0.360047,0.170433,0.283325,0.675344,0.165606,0.164303,0.090406,0.597281,0.764627
fire_total,fire_20101080272_2010,2010,2018,8,6,-0.012816,-0.013482,0.007499,0.037112,0.022633,-0.018520,-0.015494,0.008855,0.052766,0.034781,-0.022371,-0.021402,0.008100,0.044653,0.021168,-0.020165,-0.028873,0.068453,0.223156,0.194536,-0.123957,-0.105859,0.053662,0.205887,0.082507,-0.083504,-0.071367,0.036897,0.116346,0.035249,0.351621,0.307368,0.183630,0.323843,0.645101,0.125026,0.122332,0.064622,0.676141,0.790913
fire_total,fire_20101080272_2010,2010,2019,9,7,-0.017888,-0.017015,0.008807,0.036418,0.015119,-0.026318,-0.019798,0.011258,0.057098,0.031825,-0.026084,-0.024591,0.010863,0.047418,0.018254,-0.070867,-0.054849,0.069794,0.236343,0.168088,-0.119666,-0.109949,0.047769,0.198887,0.075165,-0.085484,-0.069459,0.030313,0.113913,0.031715,0.323996,0.281924,0.148919,0.346664,0.669854,0.134673,0.119274,0.064176,0.657471,0.791551
fire_total,fire_20101080272_2010,2010,2020,10,6,-0.015593,-0.014376,0.008212,0.032718,0.017126,-0.022144,-0.017300,0.012466,0.051873,0.030326,-0.026599,-0.024164,0.011483,0.046867,0.019285,-0.049246,-0.037847,0.054479,0.241884,0.193903,-0.124760,-0.111693,0.056548,0.211035,0.078644,-0.079358,-0.070503,0.035392,0.111149,0.034025,0.327523,0.296984,0.140978,0.372303,0.672249,0.138519,0.127499,0.052925,0.685577,0.808674
fire_total,fire_20101080272_2010,2010,2021,11,7,-0.016748,-0.017036,0.007956,0.035373,0.018295,-0.023664,-0.022817,0.009992,0.057496,0.033832,-0.027720,-0.027455,0.010948,0.049315,0.020385,-0.078747,-0.057980,0.049674,0.235793,0.157871,-0.128205,-0.106535,0.047878,0.189290,0.073006,-0.067884,-0.065446,0.028932,0.100781,0.033351,0.291871,0.269319,0.125369,0.390354,0.650632,0.121935,0.124878,0.041681,0.659250,0.778407
fire_total,fire_20101080272_2010,2010,2022,12,7,-0.019415,-0.016410,0.006630,0.036335,0.017140,-0.026840,-0.025809,0.012816,0.058734,0.031894,-0.030924,-0.028808,0.010766,0.050621,0.018542,-0.082472,-0.084718,0.075338,0.261464,0.179418,-0.116985,-0.109939,0.054225,0.195395,0.078410,-0.072050,-0.066057,0.031223,0.102308,0.034149,0.249519,0.216940,0.117750,0.427123,0.668755,0.113578,0.113473,0.047447,0.686721,0.801921
fire_total,fire_20101080272_2010,2010,2023,13,6,-0.015008,-0.013386,0.009471,0.033736,0.018006,-0.030078,-0.024850,0.014003,0.059386,0.029832,-0.028408,-0.025825,0.011687,0.049769,0.019759,-0.095790,-0.082015,0.080410,0.243348,0.153856,-0.116511,-0.096894,0.053722,0.187997,0.080238,-0.066083,-0.059134,0.031520,0.100039,0.036762,0.185699,0.183936,0.112153,0.428293,0.616409,0.078956,0.082028,0.032885,0.689855,0.765227
fire_total,fire_20101080272_2010,2010,2024,14,7,-0.026524,-0.024059,0.008474,0.047074,0.020399,-0.032904,-0.028300,0.011055,0.067699,0.034396,-0.031212,-0.027867,0.009864,0.054897,0.025060,-0.101366,-0.086065,0.071214,0.250258,0.148892,-0.111238,-0.097079,0.044827,0.190445,0.085368,-0.061710,-0.056852,0.027174,0.099516,0.041271,0.166506,0.151075,0.108307,0.420883,0.585456,0.070336,0.084303,0.046859,0.653383,0.733412
fire_total,fire_20101080272_2010,2010,2025,15,7,-0.025850,-0.023208,0.007786,0.045107,0.019285,-0.031460,-0.027822,0.010113,0.067163,0.033915,-0.030168,-0.028117,0.009860,0.052340,0.023080,-0.099605,-0.085753,0.071464,0.253613,0.153898,-0.123406,-0.100815,0.049910,0.196577,0.085120,-0.067787,-0.058139,0.028846,0.101166,0.041725,0.129051,0.144262,0.111227,0.446472,0.575523,0.060904,0.077162,0.051711,0.674715,0.742918
fire_total,fire_20101080280_2010,2010,2014,4,1,0.000426,0.000426,,0.019835,0.020261,0.003163,0.003163,,0.043292,0.046455,-0.004056,-0.004056,,0.031055,0.026999,-0.008071,-0.008071,,0.261395,0.253324,-0.067457,-0.067457,,0.174495,0.107038,-0.043959,-0.043959,,0.087870,0.043911,0.216595,0.216595,,0.483114,0.699709,0.014690,0.014690,,0.787093,0.801783
fire_total,fire_20101080280_2010,2010,2015,5,1,-0.006985,-0.006985,,0.025624,0.018639,-0.013269,-0.013269,,0.047500,0.034231,-0.008209,-0.008209,,0.031151,0.022942,-0.024034,-0.024034,,0.258012,0.233978,-0.074484,-0.074484,,0.170095,0.095611,-0.052126,-0.052126,,0.088915,0.036789,0.210863,0.210863,,0.506619,0.717482,0.019463,0.019463,,0.796854,0.816317
fire_total,fire_20101080280_2010,2010,2019,9,1,-0.009198,-0.009198,,0.028827,0.019629,-0.014039,-0.014039,,0.054100,0.040061,-0.009501,-0.009501,,0.033255,0.023754,-0.083669,-0.083669,,0.323848,0.240179,-0.090118,-0.090118,,0.192439,0.102321,-0.046723,-0.046723,,0.087719,0.040996,0.140775,0.140775,,0.574877,0.715652,0.019348,0.019348,,0.807663,0.827011
fire_total,fire_20101080280_2010,2010,2021,11,1,-0.009859,-0.009859,,0.037683,0.027824,-0.008305,-0.008305,,0.056493,0.048188,-0.013132,-0.013132,,0.043733,0.030601,-0.036891,-0.036891,,0.264530,0.227639,-0.075735,-0.075735,,0.165750,0.090015,-0.033729,-0.033729,,0.076705,0.042976,0.125229,0.125229,,0.556574,0.681803,0.046810,0.046810,,0.716265,0.763075
fire_total,fire_20101080282_2010,2010,2008,-2,10,-0.003128,-0.003367,0.004907,0.020453,0.017972,-0.005136,-0.002944,0.009868,0.038535,0.036273,-0.001168,-0.000998,0.009702,0.022316,0.021162,-0.036245,-0.026857,0.059979,0.298569,0.262757,-0.031453,-0.024343,0.033444,0.137851,0.114944,-0.012995,-0.011099,0.015987,0.058088,0.045987,0.037686,0.035613,0.078395,0.686289,0.720552,-0.027571,-0.006363,0.074719,0.868958,0.845584
fire_total,fire_20101080282_2010,2010,2010,0,6,-0.002873,-0.000103,0.006346,0.024434,0.022832,0.004097,0.004798,0.005398,0.031502,0.038913,-0.009199,-0.009483,0.004358,0.035125,0.024241,0.182264,0.166909,0.056349,0.131540,0.292635,-0.047314,-0.042073,0.027803,0.175581,0.133410,-0.067045,-0.085284,0.039933,0.129161,0.052808,0.575900,0.682541,0.270026,0.102492,0.701854,0.265295,0.266991,0.137118,0.574380,0.840275
fire_total,fire_20101080282_2010,2010,2011,1,9,-0.006779,-0.004507,0.006589,0.025184,0.018652,-0.001801,0.000261,0.010847,0.039525,0.039401,-0.012622,-0.010971,0.010415,0.033997,0.021650,0.083531,0.070924,0.085090,0.228807,0.298272,-0.089761,-0.070962,0.031264,0.200097,0.115576,-0.060747,-0.073061,0.029989,0.109843,0.046400,0.325976,0.424317,0.242885,0.368085,0.730725,0.099778,0.137655,0.129225,0.770318,0.864188
fire_total,fire_20101080282_2010,2010,2013,3,7,-0.006807,-0.007386,0.002666,0.024840,0.017442,-0.012787,-0.012353,0.005796,0.047830,0.034603,-0.010560,-0.010393,0.006266,0.031041,0.018144,-0.084342,-0.085641,0.050673,0.374929,0.275062,-0.086748,-0.091473,0.020777,0.203549,0.108467,-0.046269,-0.047929,0.010620,0.096106,0.044612,0.136423,0.119623,0.069450,0.584286,0.706359,0.029609,0.014566,0.042016,0.843061,0.855819
fire_total,fire_20101080282_2010,2010,2014,4,10,-0.008717,-0.009376,0.003578,0.029563,0.019292,-0.013242,-0.014711,0.005985,0.053006,0.037111,-0.010952,-0.012326,0.006364,0.035820,0.022213,-0.071444,-0.078854,0.085217,0.384079,0.277290,-0.082810,-0.087049,0.026593,0.203673,0.112558,-0.047898,-0.050167,0.013574,0.099317,0.045589,0.125999,0.144051,0.102757,0.588337,0.731985,0.023792,0.034757,0.070801,0.831848,0.860001
fire_total,fire_20101080282_2010,2010,2015,5,9,-0.013585,-0.014786,0.004077,0.032512,0.018350,-0.011879,-0.013256,0.005657,0.052972,0.039429,-0.010478,-0.013206,0.007459,0.034575,0.021485,-0.078760,-0.083022,0.091284,0.379026,0.283574,-0.103510,-0.099978,0.028199,0.214452,0.114366,-0.052745,-0.051613,0.016000,0.097055,0.043018,0.129677,0.155187,0.115895,0.605131,0.752225,0.032086,0.046595,0.072196,0.827940,0.858098
fire_total,fire_20101080282_2010,2010,2016,6,9,-0.009088,-0.009110,0.004201,0.025954,0.017869,-0.017160,-0.018931,0.007544,0.053729,0.036569,-0.011467,-0.014462,0.006450,0.032073,0.019051,-0.112888,-0.094408,0.110151,0.410528,0.306412,-0.096016,-0.098352,0.029952,0.216900,0.110599,-0.054010,-0.052079,0.013208,0.096381,0.044791,0.107917,0.139368,0.109822,0.617485,0.752784,0.030035,0.046984,0.069184,0.851082,0.881669
fire_total,fire_20101080282_2010,2010,2017,7,10,-0.011227,-0.010842,0.003906,0.029426,0.018804,-0.016575,-0.015561,0.006622,0.059015,0.041093,-0.011378,-0.012305,0.007199,0.034665,0.022805,-0.127648,-0.108173,0.097421,0.429689,0.290544,-0.105353,-0.103364,0.026871,0.221273,0.112544,-0.051432,-0.052056,0.015390,0.100465,0.049122,0.089403,0.104421,0.110672,0.643186,0.737011,-0.009409,0.011608,0.075782,0.859657,0.867069
fire_total,fire_20101080282_2010,2010,2018,8,7,-0.013969,-0.013296,0.004941,0.031880,0.017058,-0.014809,-0.015146,0.007305,0.060727,0.041313,-0.014067,-0.012076,0.009061,0.035194,0.020330,-0.157562,-0.114038,0.111547,0.424662,0.273083,-0.091452,-0.081538,0.029179,0.206093,0.115576,-0.042102,-0.037258,0.011819,0.087952,0.044901,0.048168,0.070114,0.109766,0.657657,0.712622,0.017999,0.020394,0.091024,0.841915,0.868414
fire_total,fire_20101080282_2010,2010,2019,9,10,-0.010739,-0.011177,0.004904,0.029048,0.018260,-0.017256,-0.018205,0.004251,0.056107,0.037277,-0.009501,-0.012090,0.007034,0.034011,0.021004,-0.134825,-0.124777,0.097048,0.419658,0.279263,-0.094964,-0.093867,0.026689,0.208176,0.109142,-0.044206,-0.044760,0.013726,0.090956,0.044289,0.059935,0.094829,0.126711,0.668699,0.731967,0.001962,0.015415,0.073240,0.862607,0.863354
fire_total,fire_20101080282_2010,2010,2020,10,9,-0.006490,-0.005460,0.004004,0.021416,0.014967,-0.014754,-0.013007,0.004591,0.040804,0.027672,-0.008732,-0.009855,0.003751,0.027109,0.016535,-0.122829,-0.113361,0.110462,0.383784,0.267871,-0.095287,-0.089325,0.037150,0.196385,0.103229,-0.037029,-0.040760,0.013853,0.082122,0.040652,0.066207,0.092837,0.089463,0.669265,0.739700,-0.002731,0.010464,0.058924,0.874779,0.865315
fire_total,fire_20101080282_2010,2010,2021,11,10,-0.010519,-0.011939,0.003847,0.030746,0.018570,-0.015978,-0.015479,0.004524,0.053013,0.036458,-0.006676,-0.009135,0.009048,0.031068,0.021285,-0.116360,-0.108068,0.084202,0.390336,0.267004,-0.078904,-0.083213,0.023604,0.197313,0.108090,-0.035584,-0.038550,0.014734,0.083786,0.043884,0.055392,0.077497,0.124960,0.668902,0.711282,-0.011870,0.001783,0.085168,0.863528,0.849884
fire_total,fire_20101080282_2010,2010,2022,12,9,-0.004964,-0.005663,0.004708,0.020976,0.015820,-0.014781,-0.016066,0.006437,0.048380,0.030422,-0.008511,-0.009352,0.005835,0.026861,0.018515,-0.163886,-0.152885,0.108496,0.412480,0.219719,-0.088839,-0.090681,0.026848,0.206560,0.104686,-0.040727,-0.039884,0.009818,0.084460,0.045850,0.017647,0.047452,0.097393,0.674472,0.692533,-0.024174,-0.008657,0.067762,0.879556,0.857168
fire_total,fire_20101080282_2010,2010,2023,13,8,-0.010477,-0.011335,0.004924,0.029783,0.018646,-0.015895,-0.015740,0.005549,0.055070,0.038040,-0.007742,-0.009969,0.008953,0.032052,0.024290,-0.158180,-0.148122,0.118295,0.419891,0.246057,-0.071410,-0.084992,0.025222,0.207543,0.125669,-0.033894,-0.036935,0.015155,0.087609,0.054038,-0.010349,0.025364,0.148932,0.671480,0.663065,-0.045644,-0.019964,0.108665,0.861595,0.813846
fire_total,fire_20101080282_2010,2010,2024,14,10,-0.003197,-0.004835,0.004792,0.024386,0.021732,-0.013516,-0.013092,0.005335,0.050071,0.035840,0.000728,-0.003452,0.008329,0.025981,0.025142,-0.196405,-0.184789,0.092962,0.427371,0.217869,-0.060047,-0.068116,0.022517,0.193759,0.127648,-0.020212,-0.024985,0.012364,0.080830,0.058981,-0.083767,-0.058627,0.122401,0.694839,0.608837,-0.077767,-0.063448,0.081587,0.882578,0.811686
fire_total,fire_20101080282_2010,2010,2025,15,10,-0.006668,-0.008297,0.004821,0.031289,0.024682,-0.014905,-0.016051,0.011676,0.064419,0.049425,-0.007219,-0.009237,0.008810,0.038817,0.029102,-0.189688,-0.170320,0.084077,0.441129,0.260213,-0.056891,-0.064340,0.022548,0.194288,0.135425,-0.024702,-0.028200,0.011706,0.085966,0.061766,-0.062829,-0.037260,0.106201,0.679941,0.631265,-0.054434,-0.036487,0.062483,0.853915,0.806532
fire_total,fire_20101080326_2010,2010,2008,-2,1,-0.008773,-0.008773,,0.028938,0.020165,-0.006077,-0.006077,,0.046620,0.040543,-0.008442,-0.008442,,0.040020,0.031578,0.049032,0.049032,,0.189510,0.238542,-0.016913,-0.016913,,0.115865,0.098952,-0.030249,-0.030249,,0.070792,0.040543,0.263828,0.263828,,0.457028,0.720856,0.107984,0.107984,,0.674510,0.782494
fire_total,fire_20101080326_2010,2010,2009,-1,2,-0.016871,-0.016871,0.003578,0.043918,0.027047,-0.016191,-0.016191,0.009926,0.059737,0.043547,-0.018102,-0.018102,0.005357,0.043540,0.025438,0.068399,0.068399,0.044345,0.199774,0.268174,-0.003863,-0.003863,0.040914,0.102410,0.098547,-0.009350,-0.009350,0.023548,0.051488,0.042137,0.131009,0.131009,0.097820,0.598000,0.729009,0.189216,0.189216,0.006862,0.638323,0.827539
fire_total,fire_20101080326_2010,2010,2011,1,2,-0.005761,-0.005761,0.008187,0.027452,0.021692,-0.003767,-0.003767,0.006806,0.038844,0.035077,-0.016878,-0.016878,0.006718,0.038137,0.021258,0.125201,0.125201,0.035439,0.142767,0.267968,-0.056403,-0.056403,0.019291,0.160567,0.104164,-0.063717,-0.063717,0.007544,0.103057,0.039339,0.562708,0.562708,0.013057,0.166136,0.728844,0.285262,0.285262,0.010483,0.571075,0.856337
fire_total,fire_20101080326_2010,2010,2012,2,2,-0.012402,-0.012402,0.006651,0.024579,0.012176,-0.009089,-0.009089,0.015614,0.036720,0.027631,-0.017312,-0.017312,0.009004,0.037724,0.020412,0.108103,0.108103,0.027457,0.140216,0.248319,-0.073191,-0.073191,0.010015,0.170343,0.097151,-0.072559,-0.072559,0.013670,0.111547,0.038988,0.618278,0.618278,0.046509,0.110374,0.728653,0.273644,0.273644,0.003999,0.574434,0.848078
fire_total,fire_20101080326_2010,2010,2014,4,2,-0.013049,-0.013049,0.003287,0.030176,0.017126,-0.008367,-0.008367,0.009091,0.043650,0.035283,-0.015530,-0.015530,0.005337,0.038453,0.022922,0.093515,0.093515,0.020942,0.143007,0.236521,-0.047809,-0.047809,0.007291,0.143393,0.095584,-0.049788,-0.049788,0.007214,0.091156,0.041368,0.429765,0.429765,0.008791,0.271150,0.700916,0.234818,0.234818,0.033506,0.588175,0.822994
fire_total,fire_20101080326_2010,2010,2015,5,2,-0.011928,-0.011928,0.003705,0.034258,0.022330,-0.006427,-0.006427,0.010665,0.049259,0.042832,-0.017813,-0.017813,0.002732,0.043705,0.025891,0.083964,0.083964,0.023383,0.158710,0.242675,-0.044214,-0.044214,0.008838,0.141922,0.097708,-0.047458,-0.047458,0.006679,0.087829,0.040371,0.434121,0.434121,0.002628,0.287015,0.721136,0.243324,0.243324,0.019711,0.568819,0.812143
fire_total,fire_20101080326_2010,2010,2018,8,2,-0.020996,-0.020996,0.010015,0.042701,0.021705,-0.016404,-0.016404,0.006203,0.065815,0.049411,-0.022854,-0.022854,0.011862,0.051131,0.028277,0.070950,0.070950,0.006495,0.196935,0.267885,-0.091932,-0.091932,0.045969,0.201554,0.109622,-0.080975,-0.080975,0.027438,0.120362,0.039387,0.470248,0.470248,0.061039,0.252848,0.723096,0.211740,0.211740,0.036202,0.571219,0.782959
fire_total,fire_20101080326_2010,2010,2021,11,2,-0.017359,-0.017359,0.001916,0.036699,0.019340,-0.020776,-0.020776,0.001245,0.057634,0.036858,-0.026277,-0.026277,0.002528,0.051240,0.024963,0.005534,0.005534,0.010549,0.201452,0.206986,-0.078520,-0.078520,0.025601,0.187675,0.109155,-0.059290,-0.059290,0.017287,0.106034,0.046744,0.321663,0.321663,0.060100,0.311152,0.632815,0.188976,0.188976,0.000363,0.598013,0.786989
fire_total,fire_20101080326_2010,2010,2022,12,2,-0.018776,-0.018776,0.004171,0.033393,0.014617,-0.028490,-0.028490,0.002469,0.053481,0.024991,-0.029906,-0.029906,0.004472,0.048022,0.018117,-0.034629,-0.034629,0.023033,0.200091,0.165461,-0.103208,-0.103208,0.021234,0.197464,0.094256,-0.070826,-0.070826,0.007020,0.115198,0.044372,0.284057,0.284057,0.021367,0.290766,0.574823,0.184907,0.184907,0.066296,0.617881,0.802788
fire_total,fire_20101080326_2010,2010,2024,14,2,-0.013565,-0.013565,0.003258,0.041492,0.027927,-0.024413,-0.024413,0.000962,0.064398,0.039986,-0.026758,-0.026758,0.001322,0.056273,0.029515,-0.028971,-0.028971,0.036461,0.215965,0.186993,-0.073830,-0.073830,0.015585,0.203672,0.129842,-0.056444,-0.056444,0.001945,0.121214,0.064770,0.217499,0.217499,0.059781,0.267507,0.485005,0.129953,0.129953,0.050498,0.590780,0.720733
fire_total,fire_20101080326_2010,2010,2025,15,2,-0.020790,-0.020790,0.001458,0.039402,0.018611,-0.028779,-0.028779,0.001071,0.062199,0.033420,-0.031631,-0.031631,0.000320,0.055158,0.023527,-0.028607,-0.028607,0.042110,0.221699,0.193092,-0.081139,-0.081139,0.011453,0.200991,0.119853,-0.061250,-0.061250,0.006096,0.121901,0.060652,0.248716,0.248716,0.112190,0.272844,0.521561,0.186142,0.186142,0.063125,0.596791,0.782933
fire_total,fire_20101080421_2010,2010,2007,-3,5,-0.002200,-0.002648,0.001937,0.029927,0.027727,-0.008057,-0.006955,0.008873,0.053605,0.045767,-0.006078,-0.005299,0.007875,0.038975,0.031660,-0.022962,-0.005239,0.056947,0.233098,0.224847,-0.015593,-0.006262,0.031522,0.131238,0.115645,-0.010862,-0.002645,0.017200,0.062377,0.054265,0.016445,0.021341,0.043699,0.588382,0.607573,0.033031,0.022468,0.021384,0.714400,0.747431
fire_total,fire_20101080421_2010,2010,2008,-2,1,-0.006518,-0.006518,,0.022585,0.016067,-0.008842,-0.008842,,0.038769,0.029927,-0.007893,-0.007893,,0.027728,0.019835,-0.017147,-0.017147,,0.202999,0.185852,-0.016184,-0.016184,,0.104879,0.088695,-0.002255,-0.002255,,0.044640,0.042385,0.015188,0.015188,,0.613401,0.628589,0.095093,0.095093,,0.712042,0.807135
fire_total,fire_20101080421_2010,2010,2010,0,4,-0.004593,-0.008229,0.011931,0.022572,0.017979,-0.002008,-0.001059,0.008029,0.034300,0.034231,-0.015332,-0.016315,0.003929,0.038219,0.022859,0.070029,0.078746,0.075956,0.117089,0.194873,-0.036479,-0.040900,0.019151,0.137371,0.094690,-0.060472,-0.062040,0.016309,0.099709,0.039429,0.558726,0.594145,0.305232,0.094218,0.654677,0.316886,0.311784,0.120726,0.473154,0.790039
fire_total,fire_20101080421_2010,2010,2011,1,4,0.001313,-0.000158,0.004436,0.036129,0.038350,0.006648,0.005049,0.014173,0.043994,0.050573,-0.009000,-0.010237,0.011908,0.045287,0.034589,0.077494,0.064511,0.106255,0.173766,0.231283,-0.063436,-0.053216,0.038984,0.175966,0.113960,-0.056045,-0.056337,0.011956,0.120939,0.059304,0.410726,0.436572,0.193486,0.179775,0.626710,0.150896,0.167364,0.111116,0.575010,0.753980
fire_total,fire_20101080421_2010,2010,2012,2,1,0.002351,0.002351,,0.036170,0.038521,0.012032,0.012032,,0.048407,0.060439,0.001980,0.001980,,0.043815,0.045795,0.086253,0.086253,,0.230843,0.317096,-0.022303,-0.022303,,0.188520,0.166217,-0.041332,-0.041332,,0.115645,0.074313,0.284729,0.284729,,0.332843,0.617572,0.081836,0.081836,,0.664614,0.746450
fire_total,fire_20101080421_2010,2010,2013,3,5,-0.015565,-0.011836,0.006346,0.036170,0.022943,-0.007672,-0.008335,0.008105,0.060865,0.048545,-0.013090,-0.010758,0.009569,0.041065,0.031275,0.001320,0.009144,0.043312,0.230073,0.230513,-0.055344,-0.051128,0.022009,0.173918,0.119165,-0.041415,-0.045243,0.020987,0.098787,0.058142,0.162191,0.204446,0.136512,0.449079,0.611270,0.033259,0.051514,0.071532,0.733809,0.798887
fire_total,fire_20101080421_2010,2010,2014,4,5,-0.005390,-0.004284,0.003865,0.026957,0.021567,-0.007672,-0.004645,0.006937,0.046207,0.039442,-0.011138,-0.008514,0.011832,0.034933,0.023795,-0.025932,-0.006773,0.049622,0.248690,0.217643,-0.067526,-0.056801,0.031129,0.177795,0.103270,-0.039490,-0.036259,0.017286,0.094745,0.046716,0.143510,0.182478,0.118583,0.444155,0.616319,0.040579,0.060999,0.057969,0.736221,0.796358
fire_total,fire_20101080421_2010,2010,2015,5,4,-0.002570,-0.006386,0.017527,0.027342,0.022860,-0.013159,-0.009532,0.020591,0.047239,0.035826,-0.012078,-0.007476,0.019537,0.033254,0.023492,-0.048586,-0.025142,0.076919,0.247357,0.205584,-0.071768,-0.053054,0.051939,0.162615,0.097489,-0.042413,-0.032199,0.026822,0.082232,0.040934,0.137049,0.134134,0.046234,0.502859,0.655728,0.056349,0.040431,0.049985,0.748879,0.800430
fire_total,fire_20101080421_2010,2010,2016,6,5,-0.006353,-0.005283,0.006801,0.023080,0.018831,-0.013708,-0.010920,0.009633,0.048930,0.034877,-0.012568,-0.009790,0.012669,0.034245,0.021677,-0.045581,-0.021778,0.049692,0.263334,0.236879,-0.054863,-0.051579,0.029804,0.173656,0.109636,-0.033027,-0.032618,0.020667,0.087320,0.050649,0.125351,0.139393,0.108267,0.506543,0.626867,0.047152,0.051556,0.054316,0.773294,0.813670
fire_total,fire_20101080421_2010,2010,2018,8,4,-0.010807,-0.013561,0.006235,0.037201,0.021553,-0.015833,-0.012756,0.010599,0.056740,0.039367,-0.012678,-0.012392,0.010938,0.038851,0.024675,-0.037427,-0.025692,0.061615,0.275029,0.244084,-0.062589,-0.060637,0.038214,0.186465,0.111658,-0.029535,-0.035530,0.024332,0.089562,0.050264,0.112147,0.136088,0.114952,0.530321,0.653841,0.034097,0.049331,0.057431,0.757901,0.796127
fire_total,fire_20101080421_2010,2010,2019,9,5,-0.005046,-0.006545,0.005604,0.029350,0.023204,-0.013530,-0.011476,0.008138,0.057372,0.043059,-0.011536,-0.011366,0.010017,0.038617,0.026174,-0.055357,-0.043302,0.044896,0.291288,0.215938,-0.064267,-0.060783,0.030272,0.181920,0.105498,-0.031983,-0.032634,0.016491,0.089685,0.053440,0.089184,0.100560,0.074491,0.529654,0.621969,0.036157,0.038876,0.037916,0.758238,0.779063
fire_total,fire_20101080421_2010,2010,2020,10,5,-0.006902,-0.006462,0.005233,0.023877,0.017305,-0.013888,-0.015056,0.006823,0.051790,0.032897,-0.011935,-0.013742,0.009311,0.033475,0.019422,-0.084521,-0.068731,0.048964,0.305973,0.199355,-0.064048,-0.058801,0.033642,0.171401,0.107092,-0.029177,-0.030710,0.020231,0.075921,0.046372,0.062571,0.061983,0.074421,0.595911,0.648445,0.021714,0.030784,0.033056,0.791582,0.811694
fire_total,fire_20101080421_2010,2010,2021,11,4,-0.006318,-0.006273,0.002419,0.030463,0.024146,-0.016596,-0.011859,0.011535,0.051501,0.037023,-0.016074,-0.011334,0.011228,0.037972,0.022117,-0.071596,-0.054154,0.056824,0.266744,0.212830,-0.062604,-0.052350,0.024458,0.169861,0.112393,-0.024551,-0.021849,0.010779,0.076087,0.051316,0.037822,0.042161,0.040273,0.562458,0.603130,0.016621,0.022986,0.018751,0.754608,0.770185
fire_total,fire_20101080421_2010,2010,2022,12,4,-0.005919,-0.009594,0.008229,0.033392,0.024462,-0.015916,-0.014691,0.013804,0.061050,0.043575,-0.014761,-0.012523,0.013622,0.040440,0.024970,-0.064769,-0.051157,0.060885,0.308392,0.253310,-0.049589,-0.054814,0.040114,0.186299,0.125023,-0.023547,-0.026672,0.023596,0.085842,0.055647,0.047050,0.065220,0.077187,0.580912,0.627962,0.021243,0.033357,0.053821,0.777218,0.799026
fire_total,fire_20101080421_2010,2010,2023,13,1,-0.002585,-0.002585,,0.031674,0.029089,0.002612,0.002612,,0.056479,0.059091,0.003878,0.003878,,0.038947,0.042825,0.027706,0.027706,,0.271763,0.299469,-0.009296,-0.009296,,0.169628,0.160332,-0.004785,-0.004785,,0.078836,0.074051,0.041796,0.041796,,0.565284,0.607080,-0.004594,-0.004594,,0.758589,0.753995
fire_total,fire_20101080421_2010,2010,2024,14,5,-0.004372,-0.006468,0.004987,0.028938,0.024551,-0.011412,-0.011162,0.008146,0.059187,0.044640,-0.007123,-0.007642,0.007576,0.038288,0.031165,-0.108405,-0.085817,0.065637,0.285650,0.187956,-0.059937,-0.056526,0.029775,0.177121,0.112991,-0.021945,-0.022869,0.014529,0.079565,0.054416,-0.005885,0.003247,0.036968,0.563704,0.570615,-0.015357,-0.027562,0.024860,0.766407,0.726225
fire_total,fire_20101080421_2010,2010,2025,15,5,-0.005637,-0.006512,0.004566,0.028828,0.022420,-0.012278,-0.012023,0.010021,0.059861,0.044860,-0.011894,-0.011465,0.010699,0.041326,0.028112,-0.077825,-0.060726,0.060782,0.288208,0.214425,-0.034677,-0.049904,0.040728,0.164320,0.112318,-0.016473,-0.022245,0.018268,0.077393,0.051790,0.023664,0.030567,0.068138,0.572904,0.621666,0.021760,0.024184,0.039544,0.744513,0.765354
fire_total,fire_20111080279_2011,2011,2008,-3,1,-0.002640,-0.002640,,0.023190,0.020550,0.000234,0.000234,,0.038851,0.039085,-0.003396,-0.003396,,0.034011,0.030615,0.075088,0.075088,,0.185949,0.261037,0.029728,0.029728,,0.102335,0.132063,0.006146,0.006146,,0.052629,0.058775,0.073559,0.073559,,0.552385,0.625944,0.099110,0.099110,,0.686584,0.785694
fire_total,fire_20111080279_2011,2011,2011,0,1,-0.010836,-0.010836,,0.026958,0.016122,-0.016816,-0.016816,,0.048160,0.031344,-0.016582,-0.016582,,0.037806,0.021224,-0.031501,-0.031501,,0.214329,0.182828,-0.009680,-0.009680,,0.118395,0.108715,-0.003438,-0.003438,,0.055420,0.051982,-0.029718,-0.029718,,0.590504,0.560786,0.077896,0.077896,,0.709657,0.787553
fire_total,fire_20111080279_2011,2011,2012,1,1,0.000660,0.000660,,0.033447,0.034107,-0.011454,-0.011454,,0.044681,0.033227,-0.024063,-0.024063,,0.047885,0.023822,0.032739,0.032739,,0.160236,0.192975,-0.014864,-0.014864,,0.164526,0.149662,-0.032107,-0.032107,,0.109884,0.077777,0.235734,0.235734,,0.186451,0.422185,0.240413,0.240413,,0.539820,0.780233
fire_total,fire_20111080279_2011,2011,2013,2,1,-0.002764,-0.002764,,0.025858,0.023094,-0.005019,-0.005019,,0.048325,0.043306,-0.013585,-0.013585,,0.040185,0.026600,0.105338,0.105338,,0.190858,0.296196,0.028421,0.028421,,0.137645,0.166066,-0.005321,-0.005321,,0.084405,0.079084,0.157488,0.157488,,0.416159,0.573647,0.170096,0.170096,,0.666052,0.836148
fire_total,fire_20111080279_2011,2011,2014,3,1,0.002626,0.002626,,0.024455,0.027081,-0.006036,-0.006036,,0.045011,0.038975,-0.006449,-0.006449,,0.033750,0.027301,0.052470,0.052470,,0.212033,0.264503,0.012898,0.012898,,0.135087,0.147985,-0.006600,-0.006600,,0.073639,0.067039,0.134114,0.134114,,0.480298,0.614412,0.073427,0.073427,,0.737064,0.810491
fire_total,fire_20111080279_2011,2011,2015,4,1,-0.005706,-0.005706,,0.027700,0.021994,-0.009625,-0.009625,,0.045561,0.035936,-0.011027,-0.011027,,0.033887,0.022860,0.032890,0.032890,,0.222991,0.255881,0.002970,0.002970,,0.141234,0.144204,-0.012582,-0.012582,,0.075344,0.062762,0.111159,0.111159,,0.494907,0.606066,0.098946,0.098946,,0.736160,0.835106
fire_total,fire_20111080279_2011,2011,2016,5,1,-0.008525,-0.008525,,0.033145,0.024620,-0.017958,-0.017958,,0.060453,0.042495,-0.016912,-0.016912,,0.042797,0.025885,0.056980,0.056980,,0.268765,0.325745,0.003217,0.003217,,0.149058,0.152275,-0.010588,-0.010588,,0.076100,0.065512,0.095489,0.095489,,0.567899,0.663388,0.118123,0.118123,,0.731157,0.849280
fire_total,fire_20111080279_2011,2011,2018,7,1,-0.008689,-0.008689,,0.031137,0.022448,-0.009350,-0.009350,,0.048545,0.039195,-0.009872,-0.009872,,0.032842,0.022970,0.067567,0.067567,,0.251138,0.318705,0.007260,0.007260,,0.140725,0.147985,-0.006077,-0.006077,,0.066777,0.060700,0.108326,0.108326,,0.579283,0.687609,0.086680,0.086680,,0.776727,0.863407
fire_total,fire_20111080279_2011,2011,2019,8,1,-0.007824,-0.007824,,0.032114,0.024290,-0.011894,-0.011894,,0.054196,0.042302,-0.009983,-0.009983,,0.037435,0.027452,0.068626,0.068626,,0.250574,0.319200,0.003163,0.003163,,0.150597,0.153760,-0.006709,-0.006709,,0.073212,0.066503,0.096862,0.096862,,0.558897,0.655759,0.080587,0.080587,,0.763443,0.844030
fire_total,fire_20111080279_2011,2011,2022,11,1,-0.001114,-0.001114,,0.024400,0.023286,-0.006160,-0.006160,,0.046826,0.040666,-0.007425,-0.007425,,0.029955,0.022530,0.051879,0.051879,,0.275255,0.327134,0.013242,0.013242,,0.141467,0.154709,-0.001417,-0.001417,,0.064234,0.062817,0.084194,0.084194,,0.601139,0.685333,0.074139,0.074139,,0.807197,0.881336
fire_total,fire_20111080279_2011,2011,2023,12,1,-0.001677,-0.001677,,0.028800,0.027123,-0.011687,-0.011687,,0.056437,0.044750,-0.009295,-0.009295,,0.036417,0.027122,0.032381,0.032381,,0.273055,0.305436,0.007714,0.007714,,0.153210,0.160924,-0.003561,-0.003561,,0.076650,0.073089,0.043998,0.043998,,0.594991,0.638989,0.074909,0.074909,,0.772348,0.847257
fire_total,fire_20111080279_2011,2011,2024,13,1,-0.002049,-0.002049,,0.025981,0.023932,-0.008017,-0.008017,,0.052849,0.044832,-0.008910,-0.008910,,0.035125,0.026215,0.020336,0.020336,,0.272904,0.293240,0.017683,0.017683,,0.141577,0.159260,0.003410,0.003410,,0.064935,0.068345,0.017447,0.017447,,0.612598,0.630045,0.063709,0.063709,,0.775644,0.839353
fire_total,fire_20111080279_2011,2011,2025,14,1,-0.004482,-0.004482,,0.023987,0.019505,-0.009184,-0.009184,,0.050057,0.040873,-0.009735,-0.009735,,0.032238,0.022503,0.044852,0.044852,,0.265025,0.309877,0.024668,0.024668,,0.135912,0.160580,-0.000495,-0.000495,,0.062762,0.062267,0.032174,0.032174,,0.637256,0.669430,0.073864,0.073864,,0.799579,0.873443
fire_total,fire_20111080283_2011,2011,2008,-3,1,-0.005981,-0.005981,,0.030326,0.024345,-0.004895,-0.004895,,0.045726,0.040831,-0.008855,-0.008855,,0.036390,0.027535,-0.043188,-0.043188,,0.225741,0.182553,-0.041676,-0.041676,,0.125132,0.083456,-0.017806,-0.017806,,0.060631,0.042825,0.043281,0.043281,,0.576621,0.619902,0.015442,0.015442,,0.722599,0.738041
fire_total,fire_20111080283_2011,2011,2009,-2,1,-0.001154,-0.001154,,0.021512,0.020358,-0.012430,-0.012430,,0.051432,0.039002,-0.003438,-0.003438,,0.028443,0.025005,-0.012347,-0.012347,,0.227185,0.214838,-0.034595,-0.034595,,0.123895,0.089300,-0.019086,-0.019086,,0.055173,0.036087,0.061373,0.061373,,0.624024,0.685397,0.011835,0.011835,,0.780534,0.792369
fire_total,fire_20111080283_2011,2011,2010,-1,1,-0.005321,-0.005321,,0.023176,0.017855,-0.006545,-0.006545,,0.043512,0.036967,-0.008827,-0.008827,,0.031165,0.022338,-0.035873,-0.035873,,0.224806,0.188933,-0.034829,-0.034829,,0.121049,0.086220,-0.013530,-0.013530,,0.051213,0.037683,0.035432,0.035432,,0.633974,0.669406,0.015625,0.015625,,0.762961,0.778586
fire_total,fire_20111080283_2011,2011,2011,0,1,-0.009900,-0.009900,,0.028030,0.018130,-0.014327,-0.014327,,0.049480,0.035153,-0.018205,-0.018205,,0.039250,0.021045,-0.056238,-0.056238,,0.255648,0.199410,-0.053928,-0.053928,,0.136490,0.082562,-0.022632,-0.022632,,0.056547,0.033915,0.074059,0.074059,,0.635231,0.709290,0.075271,0.075271,,0.733806,0.809077
fire_total,fire_20111080283_2011,2011,2013,2,1,-0.018439,-0.018439,,0.036156,0.017717,-0.017847,-0.017847,,0.051322,0.033475,-0.021367,-0.021367,,0.043677,0.022310,-0.039160,-0.039160,,0.210273,0.171113,-0.072917,-0.072917,,0.148109,0.075192,-0.049445,-0.049445,,0.085615,0.036170,0.240707,0.240707,,0.421236,0.661943,0.125144,0.125144,,0.656037,0.781181
fire_total,fire_20111080283_2011,2011,2014,3,1,-0.017407,-0.017407,,0.034712,0.017305,-0.012733,-0.012733,,0.054595,0.041862,-0.015730,-0.015730,,0.039415,0.023685,-0.042406,-0.042406,,0.241183,0.198777,-0.070015,-0.070015,,0.161680,0.091665,-0.053584,-0.053584,,0.091459,0.037875,0.226197,0.226197,,0.434398,0.660595,0.064029,0.064029,,0.718159,0.782188
fire_total,fire_20111080283_2011,2011,2015,4,1,-0.015001,-0.015001,,0.029336,0.014335,-0.011371,-0.011371,,0.047816,0.036445,-0.011825,-0.011825,,0.033475,0.021650,-0.050325,-0.050325,,0.232548,0.182223,-0.067004,-0.067004,,0.147779,0.080775,-0.040164,-0.040164,,0.075729,0.035565,0.159826,0.159826,,0.515317,0.675143,0.047364,0.047364,,0.745317,0.792681
fire_total,fire_20111080283_2011,2011,2017,6,1,-0.016747,-0.016747,,0.033750,0.017003,-0.016170,-0.016170,,0.058692,0.042522,-0.015043,-0.015043,,0.039580,0.024537,-0.076863,-0.076863,,0.271460,0.194597,-0.086845,-0.086845,,0.175265,0.088420,-0.043863,-0.043863,,0.085863,0.042000,0.128047,0.128047,,0.520370,0.648417,0.060134,0.060134,,0.726162,0.786296
fire_total,fire_20111080283_2011,2011,2019,8,1,-0.012788,-0.012788,,0.031055,0.018267,-0.009501,-0.009501,,0.051969,0.042468,-0.012457,-0.012457,,0.038246,0.025789,-0.076230,-0.076230,,0.274774,0.198544,-0.061146,-0.061146,,0.156771,0.095625,-0.033564,-0.033564,,0.075014,0.041450,0.082176,0.082176,,0.572755,0.654931,0.006931,0.006931,,0.755657,0.762588
fire_total,fire_20111080283_2011,2011,2021,10,1,-0.007783,-0.007783,,0.031358,0.023575,-0.009158,-0.009158,,0.048600,0.039442,-0.013997,-0.013997,,0.039662,0.025665,-0.069108,-0.069108,,0.249323,0.180215,-0.087793,-0.087793,,0.167702,0.079909,-0.041333,-0.041333,,0.075770,0.034437,0.144343,0.144343,,0.533856,0.678199,0.028592,0.028592,,0.723477,0.752069
fire_total,fire_20111080283_2011,2011,2022,11,1,-0.011192,-0.011192,,0.026572,0.015380,-0.018067,-0.018067,,0.051762,0.033695,-0.013283,-0.013283,,0.035153,0.021870,-0.099578,-0.099578,,0.272780,0.173202,-0.066798,-0.066798,,0.149938,0.083140,-0.037427,-0.037427,,0.069802,0.032375,0.061326,0.061326,,0.589479,0.650805,0.001394,0.001394,,0.773208,0.774602
fire_total,fire_20111080283_2011,2011,2023,12,1,-0.009020,-0.009020,,0.024785,0.015765,-0.011522,-0.011522,,0.050662,0.039140,-0.011523,-0.011523,,0.034768,0.023245,-0.091547,-0.091547,,0.270250,0.178703,-0.053006,-0.053006,,0.140257,0.087251,-0.022907,-0.022907,,0.063340,0.040433,-0.005228,-0.005228,,0.629454,0.624226,-0.010206,-0.010206,,0.774589,0.764383
fire_total,fire_20111080283_2011,2011,2024,13,1,-0.011109,-0.011109,,0.025142,0.014033,-0.014451,-0.014451,,0.047967,0.033516,-0.013723,-0.013723,,0.034933,0.021210,-0.079860,-0.079860,,0.241293,0.161433,-0.057283,-0.057283,,0.138690,0.081407,-0.027363,-0.027363,,0.065348,0.037985,0.031589,0.031589,,0.583020,0.614609,-0.003024,-0.003024,,0.754946,0.751922
fire_total,fire_20111080283_2011,2011,2025,14,1,-0.011509,-0.011509,,0.023465,0.011956,-0.013860,-0.013860,,0.046565,0.032705,-0.012581,-0.012581,,0.031165,0.018584,-0.107402,-0.107402,,0.271433,0.164031,-0.057695,-0.057695,,0.134647,0.076952,-0.027445,-0.027445,,0.062845,0.035400,0.022705,0.022705,,0.622286,0.644991,-0.000888,-0.000888,,0.789875,0.788987
fire_total,fire_20121080119_2012,2012,2010,-2,3,-0.015248,-0.011215,0.007358,0.041450,0.026133,-0.032972,-0.025575,0.013654,0.069830,0.044475,-0.033550,-0.026189,0.020631,0.062515,0.031385,-0.045004,-0.038083,0.073121,0.343620,0.332620,-0.088165,-0.080745,0.062091,0.246215,0.168115,-0.064199,-0.051879,0.036216,0.121805,0.064866,0.188788,0.146651,0.142565,0.495658,0.680361,0.087713,0.105381,0.113254,0.696346,0.834562
fire_total,fire_20121080119_2012,2012,2011,-1,7,-0.007851,-0.006847,0.007354,0.026669,0.019065,-0.014259,-0.013713,0.010696,0.049590,0.036940,-0.011660,-0.009442,0.010632,0.033805,0.023328,-0.140718,-0.142566,0.101442,0.417733,0.265575,-0.061902,-0.072140,0.063494,0.212225,0.158710,-0.037551,-0.027580,0.027049,0.085642,0.058748,0.014130,0.003469,0.079837,0.681035,0.685479,-0.035914,-0.019503,0.052049,0.862301,0.819288
fire_total,fire_20121080119_2012,2012,2012,0,1,-0.016775,-0.016775,,0.028222,0.011447,-0.038308,-0.038308,,0.055915,0.017607,-0.029150,-0.029150,,0.038865,0.009715,-0.269528,-0.269528,,0.438688,0.169160,-0.170417,-0.170417,,0.220035,0.049618,-0.087312,-0.087312,,0.100740,0.013428,0.226427,0.226427,,0.626493,0.852920,0.054144,0.054144,,0.837233,0.891377
fire_total,fire_20121080119_2012,2012,2013,1,7,-0.013393,-0.012361,0.008204,0.033887,0.022269,-0.031817,-0.026229,0.013306,0.067713,0.041478,-0.021162,-0.018567,0.014146,0.047912,0.022888,-0.160586,-0.129032,0.117730,0.410225,0.243479,-0.099110,-0.084376,0.061881,0.220062,0.134304,-0.049994,-0.042431,0.029124,0.102019,0.064481,0.087236,0.060902,0.076800,0.618914,0.677198,0.019147,0.015116,0.062476,0.808199,0.837031
fire_total,fire_20121080119_2012,2012,2014,2,7,-0.008649,-0.007904,0.004328,0.030230,0.021581,-0.016417,-0.014663,0.008333,0.056630,0.038769,-0.012966,-0.009817,0.008044,0.037105,0.025459,-0.122141,-0.121043,0.088242,0.395719,0.270044,-0.053226,-0.056719,0.052846,0.189372,0.147559,-0.036108,-0.025107,0.024321,0.079097,0.055585,0.039860,0.003567,0.074948,0.679409,0.695170,-0.014459,-0.010883,0.043601,0.852025,0.833930
fire_total,fire_20121080119_2012,2012,2015,3,7,-0.008621,-0.007378,0.007000,0.032265,0.023644,-0.016527,-0.012758,0.008385,0.058170,0.041917,-0.011138,-0.010570,0.009676,0.034795,0.023039,-0.114015,-0.113549,0.077472,0.389765,0.280150,-0.076037,-0.069339,0.056703,0.205900,0.146913,-0.042487,-0.030006,0.027702,0.086220,0.056685,0.063724,0.030065,0.105160,0.647761,0.681481,-0.016750,-0.000286,0.063131,0.824842,0.810894
fire_total,fire_20121080119_2012,2012,2016,4,7,-0.011550,-0.008421,0.009003,0.031344,0.025170,-0.024695,-0.017042,0.013672,0.063189,0.041395,-0.012843,-0.010587,0.011438,0.037146,0.024125,-0.153340,-0.156789,0.111695,0.448821,0.289335,-0.059345,-0.063997,0.062897,0.203109,0.154475,-0.037345,-0.028999,0.025997,0.091679,0.061085,-0.018539,-0.001765,0.076063,0.669012,0.667806,-0.028001,-0.016144,0.065877,0.848849,0.846598
fire_total,fire_20121080119_2012,2012,2017,5,7,-0.007315,-0.008248,0.013196,0.035441,0.023245,-0.011908,-0.015759,0.016987,0.067548,0.042907,-0.014107,-0.013483,0.021818,0.045864,0.027893,-0.156406,-0.132529,0.115828,0.421308,0.297516,-0.077564,-0.062480,0.063684,0.210685,0.131375,-0.025121,-0.031041,0.035958,0.094222,0.054623,-0.024563,-0.001819,0.128346,0.679466,0.654903,0.016247,-0.008406,0.109015,0.834573,0.817621
fire_total,fire_20121080119_2012,2012,2018,6,7,-0.011770,-0.010094,0.005525,0.035867,0.025775,-0.022605,-0.016759,0.010127,0.066007,0.047844,-0.016143,-0.012886,0.009860,0.043815,0.028360,-0.130460,-0.146169,0.087520,0.432720,0.287465,-0.085690,-0.073828,0.046044,0.203356,0.144960,-0.037001,-0.028354,0.019851,0.085175,0.063271,-0.012492,0.002297,0.059349,0.680748,0.659060,-0.030605,-0.016849,0.044234,0.822873,0.808720
fire_total,fire_20121080119_2012,2012,2019,7,7,-0.006765,-0.005773,0.006801,0.030065,0.023767,-0.012361,-0.012721,0.010467,0.059380,0.042193,-0.007398,-0.006590,0.007939,0.031729,0.025500,-0.150108,-0.146070,0.090865,0.452657,0.305533,-0.053859,-0.051215,0.046577,0.186403,0.146954,-0.033852,-0.020607,0.022193,0.082452,0.057180,-0.031776,-0.027537,0.061162,0.720739,0.662375,-0.037325,-0.029707,0.048948,0.869047,0.831444
fire_total,fire_20121080119_2012,2012,2020,8,3,-0.012856,-0.018232,0.010648,0.030849,0.014940,-0.023911,-0.024452,0.010378,0.061346,0.036527,-0.011605,-0.015395,0.009179,0.038040,0.020577,-0.194948,-0.193275,0.050050,0.410734,0.258095,-0.101476,-0.098638,0.018281,0.197238,0.095762,-0.037923,-0.043290,0.012699,0.084955,0.037985,0.029939,0.027020,0.038066,0.657262,0.714135,-0.026424,-0.018830,0.014325,0.831240,0.803481
fire_total,fire_20121080119_2012,2012,2021,9,7,-0.009473,-0.007649,0.009392,0.033283,0.030079,-0.012980,-0.009541,0.018251,0.060384,0.044777,-0.010244,-0.006523,0.016712,0.039195,0.027769,-0.114922,-0.133129,0.080907,0.418777,0.299153,-0.075048,-0.060481,0.057648,0.212253,0.147985,-0.036534,-0.023845,0.030188,0.089575,0.061126,-0.001476,-0.011972,0.100509,0.669424,0.654976,-0.025609,-0.036618,0.077895,0.833814,0.776129
fire_total,fire_20121080119_2012,2012,2022,10,7,-0.006270,-0.004697,0.004759,0.023300,0.020536,-0.011770,-0.011083,0.008710,0.049920,0.039594,-0.004923,-0.005671,0.009038,0.026105,0.023575,-0.158648,-0.158805,0.111185,0.443583,0.306935,-0.053584,-0.051119,0.052983,0.180215,0.136064,-0.028930,-0.018472,0.020159,0.072635,0.056932,-0.052998,-0.039317,0.060979,0.709977,0.659577,-0.037234,-0.034805,0.049375,0.871757,0.834523
fire_total,fire_20121080119_2012,2012,2023,11,6,-0.003891,-0.004139,0.007116,0.027858,0.026551,-0.012086,-0.009134,0.007660,0.056424,0.051598,-0.009040,-0.007581,0.008952,0.035166,0.031701,-0.080465,-0.088025,0.040091,0.375568,0.306006,-0.046668,-0.031710,0.042084,0.178262,0.138408,-0.020233,-0.015338,0.018847,0.068167,0.058995,-0.017885,-0.003417,0.071102,0.694184,0.657212,-0.029019,-0.011114,0.029855,0.831233,0.804925
fire_total,fire_20121080119_2012,2012,2024,12,7,-0.008607,-0.008405,0.006124,0.030972,0.024675,-0.017050,-0.014815,0.007740,0.057868,0.046318,-0.013227,-0.009910,0.007020,0.035922,0.031413,-0.123420,-0.141075,0.085185,0.400545,0.258233,-0.069286,-0.059860,0.044765,0.192700,0.139213,-0.028449,-0.022849,0.016544,0.082810,0.061057,-0.070732,-0.050365,0.032810,0.657704,0.621508,-0.035410,-0.038859,0.039484,0.823092,0.779747
fire_total,fire_20121080119_2012,2012,2025,13,7,-0.007026,-0.006694,0.003114,0.026256,0.020935,-0.016184,-0.013351,0.006779,0.056149,0.049177,-0.008635,-0.008036,0.005523,0.031179,0.028360,-0.136112,-0.141859,0.080160,0.413168,0.287162,-0.069148,-0.053601,0.044273,0.187007,0.134813,-0.026771,-0.021114,0.016583,0.077420,0.060590,-0.007807,-0.020308,0.032710,0.665558,0.649295,-0.026707,-0.025766,0.030897,0.839491,0.812784
fire_total,fire_20121080132_2012,2012,2009,-3,1,-0.002447,-0.002447,,0.024895,0.022448,-0.009913,-0.009913,,0.050882,0.040969,-0.002956,-0.002956,,0.026655,0.023699,-0.074126,-0.074126,,0.437684,0.363558,-0.046434,-0.046434,,0.182346,0.135912,-0.012966,-0.012966,,0.066420,0.053454,0.011788,0.011788,,0.736483,0.748271,0.000330,0.000330,,0.884750,0.885080
fire_total,fire_20121080132_2012,2012,2010,-2,1,-0.000577,-0.000577,,0.024482,0.023905,-0.009048,-0.009048,,0.047473,0.038425,-0.011701,-0.011701,,0.035647,0.023946,-0.017106,-0.017106,,0.331108,0.314002,-0.055179,-0.055179,,0.177300,0.122121,-0.020021,-0.020021,,0.066503,0.046482,0.066292,0.066292,,0.677786,0.744078,0.033362,0.033362,,0.822702,0.856064
fire_total,fire_20121080132_2012,2012,2011,-1,1,-0.000207,-0.000207,,0.027494,0.027287,-0.011798,-0.011798,,0.048875,0.037077,-0.010463,-0.010463,,0.036376,0.025913,-0.025809,-0.025809,,0.356064,0.330255,-0.037675,-0.037675,,0.173863,0.136188,-0.022866,-0.022866,,0.073721,0.050855,0.060713,0.060713,,0.672784,0.733497,0.040074,0.040074,,0.814562,0.854636
fire_total,fire_20121080132_2012,2012,2012,0,1,-0.012925,-0.012925,,0.032485,0.019560,-0.013723,-0.013723,,0.050828,0.037105,-0.014602,-0.014602,,0.034355,0.019753,-0.004070,-0.004070,,0.305945,0.301875,-0.072793,-0.072793,,0.192563,0.119770,-0.045898,-0.045898,,0.090895,0.044997,0.200438,0.200438,,0.538355,0.738793,0.079082,0.079082,,0.798090,0.877172
fire_total,fire_20121080132_2012,2012,2013,1,1,-0.008085,-0.008085,,0.025624,0.017539,-0.010629,-0.010629,,0.044833,0.034204,-0.010478,-0.010478,,0.031509,0.021031,-0.047231,-0.047231,,0.343221,0.295990,-0.063909,-0.063909,,0.177602,0.113693,-0.035131,-0.035131,,0.081545,0.046414,0.108965,0.108965,,0.619510,0.728475,0.040601,0.040601,,0.826314,0.866915
fire_total,fire_20121080132_2012,2012,2014,2,1,-0.009240,-0.009240,,0.029955,0.020715,-0.016802,-0.016802,,0.051157,0.034355,-0.014960,-0.014960,,0.034864,0.019904,-0.045444,-0.045444,,0.362444,0.317000,-0.063882,-0.063882,,0.183941,0.120059,-0.041387,-0.041387,,0.085505,0.044118,0.148459,0.148459,,0.606496,0.754955,0.057585,0.057585,,0.832889,0.890474
fire_total,fire_20121080132_2012,2012,2015,3,1,-0.011549,-0.011549,,0.031082,0.019533,-0.024447,-0.024447,,0.056107,0.031660,-0.014465,-0.014465,,0.036005,0.021540,-0.044468,-0.044468,,0.337350,0.292882,-0.062617,-0.062617,,0.182085,0.119468,-0.044110,-0.044110,,0.088090,0.043980,0.142629,0.142629,,0.585888,0.728517,0.060818,0.060818,,0.807127,0.867945
fire_total,fire_20121080132_2012,2012,2016,4,1,0.001279,0.001279,,0.029900,0.031179,-0.008924,-0.008924,,0.053935,0.045011,-0.001046,-0.001046,,0.032238,0.031192,-0.079338,-0.079338,,0.388033,0.308695,-0.071968,-0.071968,,0.186595,0.114627,-0.033646,-0.033646,,0.087540,0.053894,0.065307,0.065307,,0.637318,0.702625,-0.034803,-0.034803,,0.851190,0.816387
fire_total,fire_20121080132_2012,2012,2017,5,1,-0.010588,-0.010588,,0.034190,0.023602,-0.020007,-0.020007,,0.059614,0.039607,-0.015524,-0.015524,,0.042619,0.027095,-0.062948,-0.062948,,0.390673,0.327725,-0.089540,-0.089540,,0.215553,0.126013,-0.047644,-0.047644,,0.099709,0.052065,0.135735,0.135735,,0.593342,0.729077,0.059125,0.059125,,0.797294,0.856419
fire_total,fire_20121080132_2012,2012,2018,6,1,-0.011604,-0.011604,,0.034162,0.022558,-0.028518,-0.028518,,0.064330,0.035812,-0.015977,-0.015977,,0.038425,0.022448,-0.073123,-0.073123,,0.387098,0.313975,-0.073755,-0.073755,,0.193663,0.119908,-0.035228,-0.035228,,0.082398,0.047170,0.089389,0.089389,,0.650041,0.739430,0.023255,0.023255,,0.850496,0.873751
fire_total,fire_20121080132_2012,2012,2019,7,1,-0.015263,-0.015263,,0.035895,0.020632,-0.025767,-0.025767,,0.062982,0.037215,-0.018233,-0.018233,,0.042495,0.024262,-0.071266,-0.071266,,0.389050,0.317784,-0.082954,-0.082954,,0.210300,0.127346,-0.044055,-0.044055,,0.099228,0.055173,0.133058,0.133058,,0.565972,0.699030,0.051199,0.051199,,0.805689,0.856888
fire_total,fire_20121080132_2012,2012,2021,9,1,-0.006352,-0.006352,,0.031275,0.024923,-0.020199,-0.020199,,0.068125,0.047926,-0.010670,-0.010670,,0.039140,0.028470,-0.081249,-0.081249,,0.359350,0.278101,-0.078444,-0.078444,,0.201665,0.123221,-0.034843,-0.034843,,0.088888,0.054045,0.065002,0.065002,,0.603391,0.668393,-0.008508,-0.008508,,0.819252,0.810744
fire_total,fire_20121080132_2012,2012,2022,10,1,-0.007837,-0.007837,,0.023712,0.015875,-0.018329,-0.018329,,0.049246,0.030917,-0.012087,-0.012087,,0.030904,0.018817,-0.110976,-0.110976,,0.375506,0.264530,-0.056031,-0.056031,,0.174261,0.118230,-0.029054,-0.029054,,0.072374,0.043320,0.018379,0.018379,,0.674303,0.692682,-0.000058,-0.000058,,0.849226,0.849168
fire_total,fire_20121080132_2012,2012,2023,11,1,-0.008993,-0.008993,,0.031165,0.022172,-0.021876,-0.021876,,0.059944,0.038068,-0.013586,-0.013586,,0.035428,0.021842,-0.135905,-0.135905,,0.399060,0.263155,-0.073906,-0.073906,,0.194226,0.120320,-0.030181,-0.030181,,0.082411,0.052230,0.023474,0.023474,,0.662705,0.686179,0.023135,0.023135,,0.837274,0.860409
fire_total,fire_20121080132_2012,2012,2024,12,1,-0.003053,-0.003053,,0.028663,0.025610,-0.013310,-0.013310,,0.055585,0.042275,-0.008745,-0.008745,,0.037793,0.029048,-0.093638,-0.093638,,0.337350,0.243712,-0.046420,-0.046420,,0.181425,0.135005,-0.016912,-0.016912,,0.081352,0.064440,-0.030160,-0.030160,,0.610686,0.580526,-0.018756,-0.018756,,0.797331,0.778575
fire_total,fire_20121080132_2012,2012,2025,13,1,-0.003974,-0.003974,,0.025418,0.021444,-0.018122,-0.018122,,0.056437,0.038315,-0.009556,-0.009556,,0.034300,0.024744,-0.096607,-0.096607,,0.372990,0.276383,-0.047877,-0.047877,,0.181727,0.133850,-0.020240,-0.020240,,0.077530,0.057290,-0.023117,-0.023117,,0.672659,0.649542,-0.007976,-0.007976,,0.835619,0.827643
fire_total,fire_20121080221_2012,2012,2010,-2,8,0.004057,0.000456,0.011597,0.021636,0.026257,0.002544,0.000148,0.016219,0.042922,0.045115,0.003300,0.001277,0.014643,0.033846,0.038782,0.018453,0.013877,0.042661,0.197719,0.230121,0.015179,0.010283,0.031813,0.116889,0.135377,0.004599,0.002516,0.017254,0.059153,0.063244,0.036382,0.003486,0.069029,0.545265,0.566367,-0.000888,-0.007078,0.061905,0.725977,0.691456
fire_total,fire_20121080221_2012,2012,2012,0,10,-0.004083,-0.005355,0.005830,0.035517,0.029529,0.005459,0.003031,0.010124,0.043416,0.048524,-0.012753,-0.017938,0.015393,0.054898,0.039298,0.085573,0.087358,0.035941,0.141062,0.245156,-0.034863,-0.037767,0.029586,0.186622,0.154722,-0.076650,-0.075804,0.019223,0.152049,0.073006,0.534795,0.539491,0.078354,-0.002378,0.532192,0.276517,0.274173,0.065243,0.409733,0.698468
fire_total,fire_20121080221_2012,2012,2013,1,8,-0.009040,-0.009051,0.006305,0.032169,0.025142,-0.001553,-0.000875,0.010998,0.052271,0.050717,-0.009570,-0.011754,0.007853,0.048236,0.037546,0.055000,0.056452,0.042464,0.194158,0.250615,-0.040467,-0.041132,0.013051,0.176723,0.140161,-0.051239,-0.049658,0.009184,0.116092,0.069762,0.296283,0.330034,0.117904,0.259240,0.566838,0.137388,0.148775,0.043070,0.584785,0.728118
fire_total,fire_20121080221_2012,2012,2014,2,10,-0.000543,-0.001486,0.003893,0.028621,0.027638,0.000481,0.000531,0.009282,0.051708,0.051721,-0.004441,-0.005200,0.007907,0.042385,0.037772,0.027527,0.017948,0.048206,0.245122,0.257882,-0.041174,-0.042387,0.017437,0.193834,0.150172,-0.042213,-0.042613,0.011117,0.113898,0.076388,0.200106,0.216549,0.100515,0.352687,0.552484,0.060111,0.056977,0.031269,0.679561,0.738755
fire_total,fire_20121080221_2012,2012,2015,3,10,-0.014643,-0.015316,0.010146,0.042605,0.026091,-0.011640,-0.010462,0.012724,0.064632,0.050196,-0.017098,-0.016756,0.013962,0.054093,0.038748,0.006414,0.008210,0.034820,0.241856,0.244159,-0.044357,-0.051084,0.020149,0.192150,0.143626,-0.047252,-0.046732,0.014913,0.114118,0.069101,0.208050,0.217240,0.085452,0.346722,0.559357,0.104131,0.105389,0.064680,0.644661,0.747664
fire_total,fire_20121080221_2012,2012,2016,4,10,-0.001293,-0.002131,0.004531,0.027315,0.024496,0.001347,-0.000055,0.006149,0.053447,0.052477,-0.003025,-0.004800,0.007729,0.042866,0.038555,0.016823,0.008394,0.036191,0.261966,0.273427,-0.046228,-0.051201,0.022661,0.204635,0.154572,-0.034849,-0.042321,0.018917,0.112056,0.077241,0.144442,0.174758,0.083958,0.410934,0.559654,0.031424,0.039279,0.044869,0.709926,0.744722
fire_total,fire_20121080221_2012,2012,2018,6,9,-0.015702,-0.016359,0.003967,0.044200,0.027040,-0.008635,-0.009775,0.004368,0.060893,0.052175,-0.013448,-0.013128,0.005715,0.052532,0.035950,-0.004084,-0.006646,0.038925,0.249831,0.255290,-0.065477,-0.067572,0.015731,0.205570,0.140093,-0.045733,-0.047926,0.015325,0.110530,0.067644,0.168893,0.197364,0.104268,0.422897,0.586421,0.057874,0.063510,0.049968,0.682233,0.736135
fire_total,fire_20121080221_2012,2012,2019,7,10,-0.011715,-0.010942,0.008163,0.038473,0.027893,-0.008387,-0.008458,0.008145,0.066269,0.057558,-0.010457,-0.012268,0.009490,0.054622,0.042096,-0.017882,-0.015560,0.036189,0.282144,0.266737,-0.064777,-0.064477,0.022331,0.221891,0.160463,-0.040542,-0.043827,0.020275,0.114972,0.076361,0.123944,0.157824,0.096513,0.446608,0.567756,0.031695,0.039591,0.059584,0.694130,0.729168
fire_total,fire_20121080221_2012,2012,2020,8,3,-0.007288,-0.009708,0.004456,0.029240,0.019037,-0.009240,-0.008823,0.001561,0.052092,0.042852,-0.014602,-0.013979,0.005992,0.043182,0.028553,-0.029618,-0.024750,0.031237,0.253833,0.244290,-0.073425,-0.071023,0.020894,0.208980,0.125022,-0.045527,-0.046746,0.021751,0.108523,0.057620,0.107421,0.139467,0.145591,0.495917,0.603338,0.040021,0.059123,0.060210,0.751345,0.790231
fire_total,fire_20121080233_2012,2012,2010,-2,3,0.004015,0.002718,0.005728,0.022062,0.024895,-0.000289,-0.000353,0.002930,0.037256,0.039800,-0.002750,-0.002122,0.001980,0.029103,0.026572,0.016830,0.030085,0.023942,0.183185,0.200015,0.013888,0.011170,0.010116,0.092573,0.092545,0.006119,0.004033,0.007661,0.040969,0.040735,0.014696,0.021698,0.022931,0.638871,0.664550,0.049363,0.032742,0.046094,0.731825,0.748152
fire_total,fire_20121080233_2012,2012,2011,-1,1,-0.006710,-0.006710,,0.023891,0.017181,-0.007948,-0.007948,,0.039470,0.031522,-0.011041,-0.011041,,0.028772,0.017731,0.024640,0.024640,,0.174894,0.199534,-0.021643,-0.021643,,0.104728,0.083085,-0.013640,-0.013640,,0.048614,0.034974,0.137752,0.137752,,0.564966,0.702718,0.117574,0.117574,,0.720592,0.838166
fire_total,fire_20121080233_2012,2012,2012,0,2,-0.002722,-0.002722,0.002295,0.027095,0.024372,0.005060,0.005060,0.004627,0.031261,0.036321,-0.013007,-0.013007,0.000894,0.037971,0.024963,0.116022,0.116022,0.029363,0.098540,0.214562,-0.051425,-0.051425,0.008050,0.155231,0.103806,-0.085209,-0.085209,0.010559,0.128956,0.043746,0.794015,0.794015,0.025316,-0.130860,0.663155,0.346785,0.346785,0.030367,0.445777,0.792563
fire_total,fire_20121080233_2012,2012,2014,2,3,-0.013145,-0.013818,0.004391,0.032512,0.017772,-0.007645,-0.006568,0.006645,0.045245,0.032636,-0.020625,-0.018292,0.004041,0.043705,0.023712,0.024034,0.018626,0.044399,0.183460,0.183322,-0.086020,-0.085566,0.029284,0.180847,0.081958,-0.075900,-0.077005,0.013639,0.120953,0.036940,0.448225,0.447457,0.029237,0.185123,0.650707,0.155486,0.166545,0.033030,0.622537,0.782202
fire_total,fire_20121080233_2012,2012,2015,3,3,-0.016060,-0.015331,0.002788,0.033530,0.020605,-0.012251,-0.012040,0.006190,0.048848,0.039099,-0.016431,-0.016032,0.005284,0.040570,0.024634,0.017325,0.006270,0.046589,0.190940,0.191408,-0.078925,-0.087720,0.016794,0.191270,0.088227,-0.066165,-0.068434,0.006735,0.112991,0.040831,0.396305,0.376995,0.057591,0.252223,0.657882,0.132171,0.132320,0.044748,0.649270,0.781441
fire_total,fire_20121080233_2012,2012,2016,4,2,-0.013289,-0.013289,0.000321,0.033434,0.020144,-0.015551,-0.015551,0.001750,0.051852,0.036300,-0.021979,-0.021979,0.000981,0.046207,0.024228,-0.016218,-0.016218,0.075089,0.228512,0.212294,-0.102266,-0.102266,0.023791,0.197361,0.095095,-0.072029,-0.072029,0.001137,0.114923,0.042894,0.351272,0.351272,0.127991,0.323178,0.674450,0.115585,0.115585,0.090193,0.668648,0.784232
fire_total,fire_20121080233_2012,2012,2017,5,2,-0.014595,-0.014595,0.000087,0.030601,0.016005,-0.011935,-0.011935,0.003598,0.050945,0.039010,-0.020762,-0.020762,0.000544,0.043842,0.023081,0.011661,0.011661,0.005542,0.190603,0.202263,-0.099055,-0.099055,0.011531,0.192831,0.093775,-0.067795,-0.067795,0.007418,0.110764,0.042969,0.387633,0.387633,0.012266,0.273938,0.661571,0.196764,0.196764,0.024279,0.608246,0.805010
fire_total,fire_20121080233_2012,2012,2018,6,2,-0.022496,-0.022496,0.000136,0.038508,0.016012,-0.022303,-0.022303,0.004375,0.056424,0.034121,-0.023952,-0.023952,0.000098,0.044096,0.020144,-0.046647,-0.046647,0.058249,0.240811,0.194164,-0.097508,-0.097508,0.017939,0.190294,0.092785,-0.065587,-0.065587,0.003170,0.104865,0.039277,0.286783,0.286783,0.094561,0.384301,0.671084,0.110740,0.110740,0.077506,0.694173,0.804914
fire_total,fire_20121080233_2012,2012,2019,7,3,-0.019539,-0.020515,0.002021,0.040419,0.020536,-0.023031,-0.022004,0.005097,0.059957,0.034713,-0.026909,-0.026047,0.001637,0.050676,0.026517,0.003038,-0.022395,0.058144,0.225068,0.227982,-0.108116,-0.108584,0.010032,0.212184,0.093342,-0.074745,-0.075332,0.001518,0.116360,0.042165,0.346477,0.314404,0.062791,0.314351,0.642561,0.169904,0.139033,0.063019,0.617462,0.785103
fire_total,fire_20121080234_2012,2012,2012,0,1,0.001651,0.001651,,0.024702,0.026353,-0.013805,-0.013805,,0.041807,0.028002,0.001870,0.001870,,0.021650,0.023520,-0.016225,-0.016225,,0.175567,0.159342,-0.028545,-0.028545,,0.115205,0.086660,-0.020928,-0.020928,,0.057208,0.036280,0.120608,0.120608,,0.508474,0.629082,-0.037687,-0.037687,,0.780445,0.742758
fire_total,fire_20121080234_2012,2012,2014,2,1,-0.006765,-0.006765,,0.024895,0.018130,-0.006986,-0.006986,,0.040763,0.033777,-0.010946,-0.010946,,0.034768,0.023822,-0.004400,-0.004400,,0.181370,0.176970,-0.043120,-0.043120,,0.137398,0.094278,-0.028792,-0.028792,,0.076155,0.047363,0.200645,0.200645,,0.387718,0.588363,0.077884,0.077884,,0.695596,0.773480
fire_total,fire_20121080234_2012,2012,2015,3,1,-0.007838,-0.007838,,0.025390,0.017552,-0.008044,-0.008044,,0.041079,0.033035,-0.009983,-0.009983,,0.029969,0.019986,-0.013282,-0.013282,,0.185371,0.172089,-0.034815,-0.034815,,0.124019,0.089204,-0.024283,-0.024283,,0.069459,0.045176,0.158941,0.158941,,0.431935,0.590876,0.054826,0.054826,,0.723369,0.778195
fire_total,fire_20121080234_2012,2012,2016,4,1,-0.008126,-0.008126,,0.023905,0.015779,-0.013543,-0.013543,,0.041642,0.028099,-0.014630,-0.014630,,0.036225,0.021595,-0.033386,-0.033386,,0.200373,0.166987,-0.042956,-0.042956,,0.127883,0.084927,-0.027651,-0.027651,,0.071040,0.043389,0.139606,0.139606,,0.455948,0.595554,0.028932,0.028932,,0.719566,0.748498
fire_total,fire_20121080234_2012,2012,2017,5,1,-0.008635,-0.008635,,0.026792,0.018157,-0.010463,-0.010463,,0.045396,0.034933,-0.009171,-0.009171,,0.031866,0.022695,-0.041484,-0.041484,,0.208966,0.167482,-0.042667,-0.042667,,0.137989,0.095322,-0.022165,-0.022165,,0.067767,0.045602,0.099886,0.099886,,0.515088,0.614974,0.037200,0.037200,,0.723228,0.760428
fire_total,fire_20121080234_2012,2012,2018,6,1,-0.007218,-0.007218,,0.025252,0.018034,-0.011371,-0.011371,,0.045135,0.033764,-0.009350,-0.009350,,0.031330,0.021980,-0.039338,-0.039338,,0.216776,0.177438,-0.048194,-0.048194,,0.133974,0.085780,-0.023389,-0.023389,,0.065884,0.042495,0.073307,0.073307,,0.537521,0.610828,0.029682,0.029682,,0.749353,0.779035
fire_total,fire_20121080234_2012,2012,2019,7,1,-0.007796,-0.007796,,0.028057,0.020261,-0.010972,-0.010972,,0.048022,0.037050,-0.009666,-0.009666,,0.033447,0.023781,-0.041607,-0.041607,,0.228670,0.187063,-0.042391,-0.042391,,0.140037,0.097646,-0.026070,-0.026070,,0.071672,0.045602,0.101493,0.101493,,0.502689,0.604182,0.039480,0.039480,,0.734909,0.774389
fire_total,fire_20121080234_2012,2012,2020,8,1,-0.009377,-0.009377,,0.026105,0.016728,-0.012595,-0.012595,,0.043320,0.030725,-0.007893,-0.007893,,0.029350,0.021457,-0.070455,-0.070455,,0.227350,0.156895,-0.044413,-0.044413,,0.133383,0.088970,-0.021285,-0.021285,,0.064550,0.043265,0.031705,0.031705,,0.538917,0.570622,0.008462,0.008462,,0.756818,0.765280
fire_total,fire_20121080234_2012,2012,2022,10,1,-0.004895,-0.004895,,0.021512,0.016617,-0.013434,-0.013434,,0.041093,0.027659,-0.008030,-0.008030,,0.028745,0.020715,-0.076794,-0.076794,,0.229495,0.152701,-0.051700,-0.051700,,0.136298,0.084598,-0.023692,-0.023692,,0.065568,0.041876,-0.000033,-0.000033,,0.566044,0.566011,-0.004703,-0.004703,,0.765473,0.760770
fire_total,fire_20121080234_2012,2012,2023,11,1,-0.005844,-0.005844,,0.024359,0.018515,-0.006476,-0.006476,,0.037627,0.031151,-0.013118,-0.013118,,0.035318,0.022200,0.018054,0.018054,,0.128501,0.146555,-0.045169,-0.045169,,0.129491,0.084322,-0.036039,-0.036039,,0.078438,0.042399,0.237950,0.237950,,0.304807,0.542757,0.153615,0.153615,,0.583390,0.737005
fire_total,fire_20121080234_2012,2012,2024,12,1,-0.015372,-0.015372,,0.034685,0.019313,-0.017077,-0.017077,,0.047582,0.030505,-0.020212,-0.020212,,0.042715,0.022503,-0.036493,-0.036493,,0.177053,0.140560,-0.062672,-0.062672,,0.153595,0.090923,-0.056375,-0.056375,,0.103215,0.046840,0.230043,0.230043,,0.283665,0.513708,0.089149,0.089149,,0.630886,0.720035
fire_total,fire_20121080234_2012,2012,2025,13,1,-0.015235,-0.015235,,0.034217,0.018982,-0.020460,-0.020460,,0.055365,0.034905,-0.017765,-0.017765,,0.041780,0.024015,-0.063911,-0.063911,,0.224793,0.160882,-0.067224,-0.067224,,0.155025,0.087801,-0.044674,-0.044674,,0.088475,0.043801,0.152187,0.152187,,0.407592,0.559779,0.054325,0.054325,,0.687098,0.741423
fire_total,fire_20121080258_2012,2012,2010,-2,2,-0.033853,-0.033853,0.049819,0.054003,0.020151,-0.038755,-0.038755,0.050665,0.074732,0.035977,-0.039758,-0.039758,0.056091,0.064736,0.024977,-0.015097,-0.015097,0.021467,0.303917,0.288820,-0.042315,-0.042315,0.039834,0.162656,0.120341,-0.038012,-0.038012,0.044792,0.086783,0.048772,0.120622,0.120622,0.162238,0.588987,0.709610,0.140937,0.140937,0.233139,0.695419,0.836356
fire_total,fire_20121080258_2012,2012,2011,-1,3,-0.008607,-0.009253,0.002157,0.025142,0.017649,-0.019553,-0.020181,0.005123,0.050635,0.031082,-0.012128,-0.011679,0.003692,0.033090,0.018487,-0.064681,-0.067252,0.041083,0.331245,0.221685,-0.058080,-0.046667,0.025696,0.148920,0.090840,-0.022386,-0.021308,0.016451,0.059188,0.039360,0.006811,0.053291,0.084402,0.698646,0.720189,0.018803,0.018568,0.022952,0.823897,0.832404
fire_total,fire_20121080258_2012,2012,2012,0,1,-0.007549,-0.007549,,0.025184,0.017635,-0.005679,-0.005679,,0.036294,0.030615,-0.013668,-0.013668,,0.035084,0.021416,-0.007824,-0.007824,,0.248333,0.240509,-0.102837,-0.102837,,0.189964,0.087127,-0.079393,-0.079393,,0.116154,0.036761,0.374804,0.374804,,0.360067,0.734871,0.087368,0.087368,,0.749285,0.836653
fire_total,fire_20121080258_2012,2012,2013,1,3,-0.007356,-0.007553,0.004245,0.023451,0.016810,-0.004070,-0.006266,0.007538,0.034919,0.034850,-0.014272,-0.013952,0.002860,0.032664,0.018185,-0.038225,-0.029750,0.052838,0.267404,0.189579,-0.098725,-0.098363,0.009856,0.182676,0.074643,-0.069520,-0.063598,0.014598,0.101703,0.032183,0.230316,0.303713,0.167126,0.479799,0.714125,0.085282,0.100258,0.040268,0.786239,0.855862
fire_total,fire_20121080258_2012,2012,2014,2,3,-0.014080,-0.015634,0.003929,0.034754,0.017223,-0.020831,-0.021812,0.002694,0.056836,0.036005,-0.020845,-0.020240,0.003505,0.044503,0.021100,-0.045113,-0.050251,0.034123,0.303827,0.217175,-0.105641,-0.103936,0.018319,0.203301,0.084364,-0.062411,-0.062489,0.016810,0.099269,0.034300,0.195571,0.229352,0.080121,0.529432,0.725003,0.092828,0.075369,0.044783,0.783408,0.836016
fire_total,fire_20121080258_2012,2012,2015,3,2,-0.016665,-0.016665,0.000622,0.032636,0.015971,-0.022172,-0.022172,0.007924,0.055145,0.032973,-0.016755,-0.016755,0.005590,0.037009,0.020254,-0.087450,-0.087450,0.013379,0.344913,0.257463,-0.100485,-0.100485,0.013495,0.198942,0.098458,-0.052525,-0.052525,0.005133,0.094518,0.041994,0.173681,0.173681,0.011594,0.567270,0.740951,0.035120,0.035120,0.025583,0.813535,0.848656
fire_total,fire_20121080258_2012,2012,2016,4,2,-0.011234,-0.011234,0.006903,0.026476,0.015242,-0.017476,-0.017476,0.009353,0.052808,0.035331,-0.015126,-0.015126,0.006768,0.032691,0.017566,-0.110042,-0.110042,0.028624,0.386547,0.276506,-0.095886,-0.095886,0.023559,0.201713,0.105827,-0.054106,-0.054106,0.016918,0.096285,0.042179,0.129142,0.129142,0.058528,0.591148,0.720290,0.025935,0.025935,0.005356,0.840290,0.866225
fire_total,fire_20121080258_2012,2012,2017,5,2,-0.007377,-0.007377,0.010432,0.030415,0.023039,-0.011502,-0.011502,0.010355,0.057387,0.045885,-0.006882,-0.006882,0.009168,0.037015,0.030134,-0.078994,-0.078994,0.047370,0.345277,0.266284,-0.092634,-0.092634,0.032766,0.201336,0.108701,-0.041347,-0.041347,0.015575,0.089685,0.048338,0.066063,0.066063,0.075397,0.622063,0.688127,-0.018905,-0.018905,0.036130,0.819716,0.800810
fire_total,fire_20121080258_2012,2012,2019,7,2,-0.004475,-0.004475,0.002129,0.019656,0.015180,-0.011722,-0.011722,0.002421,0.044544,0.032822,-0.010800,-0.010800,0.006136,0.028291,0.017490,-0.108082,-0.108082,0.007633,0.343936,0.235854,-0.090537,-0.090537,0.011891,0.179858,0.089320,-0.041827,-0.041827,0.012678,0.077310,0.035483,0.085537,0.085537,0.042243,0.646010,0.731546,0.007921,0.007921,0.023581,0.854053,0.861974
fire_total,fire_20121080258_2012,2012,2020,8,2,-0.002489,-0.002489,0.007408,0.019258,0.016769,-0.007700,-0.007700,0.019368,0.037077,0.029378,-0.006270,-0.006270,0.008361,0.024936,0.018666,-0.059524,-0.059524,0.121982,0.297737,0.238212,-0.068131,-0.068131,0.071268,0.158793,0.090662,-0.028297,-0.028297,0.028740,0.066447,0.038150,0.079273,0.079273,0.006474,0.638603,0.717877,0.000151,0.000151,0.016082,0.844518,0.844669
fire_total,fire_20121080258_2012,2012,2021,9,3,-0.017861,-0.014332,0.006485,0.031990,0.016177,-0.014273,-0.015313,0.007773,0.049645,0.035372,-0.012320,-0.013241,0.005619,0.033640,0.020866,-0.106095,-0.075607,0.063287,0.298974,0.195477,-0.080699,-0.071917,0.043907,0.169435,0.088736,-0.037607,-0.034953,0.020691,0.076128,0.038672,0.088784,0.090830,0.037890,0.579298,0.668082,0.027297,0.019375,0.021901,0.806758,0.802561
fire_total,fire_20121080258_2012,2012,2022,10,3,-0.006848,-0.005679,0.002744,0.022365,0.014885,-0.016912,-0.013603,0.008320,0.045630,0.027040,-0.013035,-0.011894,0.005487,0.031082,0.016728,-0.151470,-0.099692,0.093699,0.319557,0.170067,-0.093032,-0.070436,0.052780,0.183075,0.090043,-0.036026,-0.031772,0.021615,0.078603,0.035359,0.054268,0.038943,0.048100,0.617841,0.652053,0.006518,0.008644,0.037978,0.826571,0.811508
fire_total,fire_20121080258_2012,2012,2023,11,3,-0.016637,-0.015432,0.003416,0.033489,0.016975,-0.027060,-0.025749,0.002660,0.057537,0.032018,-0.018397,-0.023178,0.008376,0.039112,0.020825,-0.152941,-0.104646,0.084352,0.322266,0.175183,-0.089486,-0.068191,0.047937,0.178868,0.089382,-0.041415,-0.034636,0.016913,0.082590,0.041175,0.033241,0.059742,0.057551,0.596146,0.616362,0.018025,0.072286,0.114712,0.772489,0.790514
fire_total,fire_20121080258_2012,2012,2024,12,3,-0.009268,-0.008315,0.002793,0.026710,0.017525,-0.021560,-0.016335,0.009385,0.052560,0.031000,-0.012952,-0.011284,0.003678,0.033722,0.020248,-0.158593,-0.088770,0.128948,0.315653,0.159755,-0.082445,-0.046915,0.062160,0.176145,0.100685,-0.033330,-0.021881,0.023220,0.078933,0.044695,-0.045616,-0.027794,0.043830,0.620937,0.575321,-0.042673,0.003551,0.093051,0.790693,0.771930
fire_total,fire_20121080258_2012,2012,2025,13,3,-0.007866,-0.008750,0.002065,0.025803,0.017937,-0.015317,-0.012755,0.009389,0.053220,0.039676,-0.008965,-0.010858,0.004179,0.030972,0.022007,-0.147153,-0.082862,0.121323,0.337295,0.190142,-0.068310,-0.044995,0.049759,0.163605,0.104343,-0.028160,-0.023008,0.020404,0.072663,0.047225,-0.030723,-0.006081,0.054281,0.637128,0.620682,-0.033184,0.006717,0.092891,0.798619,0.772237
fire_total,fire_20121080261_2012,2012,2010,-2,10,-0.003878,-0.005877,0.005602,0.023039,0.020200,-0.005390,-0.008093,0.010568,0.044049,0.037607,-0.007267,-0.008855,0.009752,0.030863,0.023616,-0.042213,-0.037807,0.059883,0.269755,0.187763,-0.025692,-0.042317,0.044478,0.123744,0.089176,-0.013097,-0.022902,0.024752,0.052147,0.038927,0.039919,0.070113,0.096510,0.652702,0.678173,0.021832,0.015750,0.060093,0.778239,0.777891
fire_total,fire_20121080261_2012,2012,2011,-1,1,0.011137,0.011137,,0.017058,0.028195,0.016445,0.016445,,0.032760,0.049205,0.012842,0.012842,,0.016893,0.029735,0.068668,0.068668,,0.262412,0.331080,0.024172,0.024172,,0.092215,0.116387,0.010698,0.010698,,0.036417,0.047115,-0.015822,-0.015822,,0.756266,0.740444,-0.043860,-0.043860,,0.879039,0.835179
fire_total,fire_20121080261_2012,2012,2012,0,4,-0.016541,-0.016466,0.007506,0.044970,0.028112,-0.016087,-0.016685,0.012631,0.053220,0.037132,-0.033962,-0.035523,0.011205,0.057579,0.025692,0.036217,0.044481,0.092022,0.173120,0.214425,-0.109340,-0.112235,0.029531,0.197719,0.091225,-0.120588,-0.116023,0.018155,0.159892,0.039305,0.605585,0.647286,0.183518,0.079177,0.692822,0.266822,0.313009,0.113127,0.486830,0.776005
fire_total,fire_20121080261_2012,2012,2013,1,10,-0.013674,-0.015691,0.006540,0.031007,0.016611,-0.014245,-0.016090,0.006514,0.044736,0.031000,-0.025190,-0.026847,0.006203,0.045286,0.019711,0.006696,0.011439,0.076948,0.206285,0.184972,-0.094009,-0.098466,0.020084,0.184574,0.088723,-0.086886,-0.085749,0.014943,0.124286,0.038892,0.438646,0.461034,0.161276,0.234873,0.664648,0.176608,0.205806,0.100776,0.612335,0.807438
fire_total,fire_20121080261_2012,2012,2014,2,2,-0.006387,-0.006387,0.002421,0.024998,0.018611,-0.016960,-0.016960,0.002227,0.048167,0.031207,-0.014898,-0.014898,0.002557,0.034073,0.019175,-0.099509,-0.099509,0.033699,0.276162,0.176654,-0.108811,-0.108811,0.024277,0.190892,0.082082,-0.064041,-0.064041,0.013427,0.100321,0.036280,0.182019,0.182019,0.011174,0.463624,0.645643,0.018060,0.018060,0.008062,0.783874,0.801934
fire_total,fire_20121080261_2012,2012,2015,3,10,-0.011625,-0.011992,0.006710,0.034327,0.025336,-0.016314,-0.017507,0.004907,0.052450,0.036638,-0.017985,-0.019526,0.006633,0.038941,0.021416,-0.073611,-0.064501,0.043804,0.276266,0.183048,-0.108130,-0.110190,0.019397,0.192933,0.088626,-0.069809,-0.071210,0.018861,0.104783,0.037806,0.262105,0.259224,0.077716,0.441431,0.686267,0.073704,0.083279,0.051490,0.728265,0.796087
fire_total,fire_20121080261_2012,2012,2016,4,8,-0.007508,-0.009227,0.004331,0.024229,0.016720,-0.016604,-0.016337,0.004472,0.052161,0.036679,-0.014692,-0.016899,0.006778,0.034445,0.020172,-0.079351,-0.074265,0.051396,0.319399,0.232946,-0.103648,-0.100190,0.012840,0.196124,0.096217,-0.059847,-0.060416,0.012240,0.099798,0.041573,0.165020,0.181288,0.063681,0.522170,0.710174,0.051206,0.053888,0.053375,0.795403,0.839561
fire_total,fire_20121080261_2012,2012,2017,5,8,-0.015936,-0.018305,0.006964,0.032245,0.015173,-0.019718,-0.019061,0.007637,0.056932,0.038411,-0.017738,-0.022456,0.010245,0.040646,0.020962,-0.130295,-0.115197,0.044648,0.315920,0.177582,-0.111753,-0.112825,0.025252,0.192665,0.085911,-0.056292,-0.061763,0.017471,0.094326,0.038033,0.173813,0.168327,0.061769,0.545808,0.696541,0.055454,0.054816,0.049247,0.771794,0.805983
fire_total,fire_20121080261_2012,2012,2018,6,8,-0.014175,-0.016025,0.004124,0.031674,0.016838,-0.015888,-0.018246,0.005155,0.053797,0.036858,-0.014884,-0.016704,0.004569,0.037160,0.021657,-0.106205,-0.096819,0.049199,0.330283,0.237621,-0.081847,-0.085881,0.011709,0.182745,0.096037,-0.046063,-0.047695,0.007974,0.086797,0.041870,0.129789,0.121026,0.063829,0.590247,0.702701,0.042741,0.050428,0.043862,0.782306,0.829157
fire_total,fire_20121080261_2012,2012,2019,7,10,-0.015730,-0.016079,0.004659,0.033902,0.019030,-0.024434,-0.024057,0.004541,0.065134,0.042097,-0.018349,-0.020569,0.007102,0.041560,0.022702,-0.103346,-0.096578,0.036932,0.324748,0.206450,-0.092950,-0.094105,0.015051,0.190830,0.097502,-0.053226,-0.053701,0.011743,0.094409,0.043945,0.130351,0.132273,0.063647,0.556356,0.673978,0.040569,0.037247,0.040287,0.774408,0.807771
fire_total,fire_20121080261_2012,2012,2024,12,10,-0.007067,-0.006512,0.004150,0.030339,0.024290,-0.018872,-0.019126,0.003326,0.056513,0.036342,-0.008414,-0.006476,0.005021,0.034974,0.028498,-0.171923,-0.184431,0.043108,0.356614,0.162629,-0.060500,-0.058076,0.020080,0.180360,0.117419,-0.021787,-0.018655,0.010582,0.080514,0.058939,-0.162366,-0.164521,0.065092,0.622374,0.467616,-0.122608,-0.112048,0.054075,0.818597,0.707451
fire_total,fire_20121080261_2012,2012,2025,13,10,-0.002227,-0.002768,0.004351,0.028560,0.026085,-0.010422,-0.009252,0.009988,0.059476,0.051460,-0.004200,-0.004125,0.008013,0.036685,0.031667,-0.171016,-0.156474,0.038892,0.350324,0.189757,-0.052883,-0.055701,0.021385,0.168239,0.109244,-0.019236,-0.018767,0.010406,0.075839,0.056719,-0.106096,-0.105933,0.055462,0.638690,0.539311,-0.078360,-0.094842,0.058036,0.821373,0.717270
fire_total,fire_20121080264_2012,2012,2010,-2,1,0.003217,0.003217,,0.023108,0.026325,0.005500,0.005500,,0.040680,0.046180,0.002502,0.002502,,0.032073,0.034575,0.025410,0.025410,,0.193140,0.218550,0.002942,0.002942,,0.120320,0.123262,0.000000,0.000000,,0.055970,0.055970,-0.007287,-0.007287,,0.578167,0.570880,-0.018677,-0.018677,,0.747687,0.729010
fire_total,fire_20121080264_2012,2012,2011,-1,1,-0.001609,-0.001609,,0.022241,0.020632,-0.001403,-0.001403,,0.041340,0.039937,0.000922,0.000922,,0.028071,0.028993,0.019869,0.019869,,0.199259,0.219128,-0.010147,-0.010147,,0.121915,0.111768,-0.003189,-0.003189,,0.056767,0.053578,0.052816,0.052816,,0.556535,0.609351,-0.046274,-0.046274,,0.753356,0.707082
fire_total,fire_20121080264_2012,2012,2012,0,1,-0.005665,-0.005665,,0.033090,0.027425,0.005555,0.005555,,0.044063,0.049618,-0.014121,-0.014121,,0.052051,0.037930,0.098739,0.098739,,0.140436,0.239175,-0.044412,-0.044412,,0.190307,0.145895,-0.078650,-0.078650,,0.147462,0.068812,0.574347,0.574347,,-0.021200,0.553147,0.267106,0.267106,,0.459135,0.726241
fire_total,fire_20121080264_2012,2012,2013,1,1,-0.005954,-0.005954,,0.032018,0.026064,0.008319,0.008319,,0.048160,0.056479,0.002764,0.002764,,0.039470,0.042234,0.071995,0.071995,,0.173808,0.245803,-0.043051,-0.043051,,0.186870,0.143819,-0.042611,-0.042611,,0.116057,0.073446,0.351823,0.351823,,0.206980,0.558803,0.083982,0.083982,,0.633030,0.717012
fire_total,fire_20121080264_2012,2012,2014,2,1,-0.004153,-0.004153,,0.028910,0.024757,0.008332,0.008332,,0.049700,0.058032,-0.005610,-0.005610,,0.042082,0.036472,0.045127,0.045127,,0.225233,0.270360,-0.047163,-0.047163,,0.194323,0.147160,-0.049170,-0.049170,,0.120430,0.071260,0.278417,0.278417,,0.310972,0.589389,0.053555,0.053555,,0.685147,0.738702
fire_total,fire_20121080264_2012,2012,2015,3,1,-0.001292,-0.001292,,0.027837,0.026545,0.002008,0.002008,,0.045822,0.047830,-0.000605,-0.000605,,0.035483,0.034878,0.009432,0.009432,,0.223363,0.232795,-0.041415,-0.041415,,0.180655,0.139240,-0.045072,-0.045072,,0.110447,0.065375,0.228583,0.228583,,0.332909,0.561492,0.028975,0.028975,,0.710427,0.739402
fire_total,fire_20121080264_2012,2012,2016,4,1,-0.002736,-0.002736,,0.027920,0.025184,0.002132,0.002132,,0.051061,0.053193,-0.003204,-0.003204,,0.041876,0.038672,0.014218,0.014218,,0.251756,0.265974,-0.039958,-0.039958,,0.201074,0.161116,-0.037015,-0.037015,,0.114064,0.077049,0.166806,0.166806,,0.386346,0.553152,0.028262,0.028262,,0.719166,0.747428
fire_total,fire_20121080264_2012,2012,2018,6,1,-0.013585,-0.013585,,0.038727,0.025142,-0.006656,-0.006656,,0.059408,0.052752,-0.008085,-0.008085,,0.044887,0.036802,-0.010147,-0.010147,,0.259470,0.249323,-0.057942,-0.057942,,0.197622,0.139680,-0.039242,-0.039242,,0.107202,0.067960,0.164498,0.164498,,0.409467,0.573965,0.033066,0.033066,,0.709686,0.742752
fire_total,fire_20121080264_2012,2012,2019,7,1,-0.007975,-0.007975,,0.033530,0.025555,0.002722,0.002722,,0.059930,0.062652,-0.002365,-0.002365,,0.046235,0.043870,0.017682,0.017682,,0.266813,0.284495,-0.037262,-0.037262,,0.202105,0.164843,-0.033027,-0.033027,,0.111602,0.078575,0.161959,0.161959,,0.402256,0.564215,0.045165,0.045165,,0.690816,0.735981
fire_total,fire_20121080264_2012,2012,2022,10,1,-0.007947,-0.007947,,0.031055,0.023108,-0.005898,-0.005898,,0.052807,0.046909,-0.009818,-0.009818,,0.043224,0.033406,-0.028256,-0.028256,,0.279215,0.250959,-0.069190,-0.069190,,0.193511,0.124321,-0.036781,-0.036781,,0.095680,0.058899,0.147661,0.147661,,0.475915,0.623576,0.047935,0.047935,,0.728631,0.776566
fire_total,fire_20121080264_2012,2012,2023,11,1,-0.004771,-0.004771,,0.032677,0.027906,0.016061,0.016061,,0.037407,0.053468,-0.004125,-0.004125,,0.041519,0.037394,0.153670,0.153670,,0.087471,0.241141,-0.021931,-0.021931,,0.165612,0.143681,-0.088619,-0.088619,,0.158559,0.069940,0.905193,0.905193,,-0.340249,0.564944,0.387430,0.387430,,0.354567,0.741997
fire_total,fire_20121080264_2012,2012,2024,12,1,-0.017133,-0.017133,,0.046318,0.029185,-0.002008,-0.002008,,0.061360,0.059352,-0.024090,-0.024090,,0.065815,0.041725,0.067183,0.067183,,0.195065,0.262248,-0.078430,-0.078430,,0.226195,0.147765,-0.101640,-0.101640,,0.171140,0.069500,0.498437,0.498437,,0.065332,0.563769,0.278051,0.278051,,0.476511,0.754562
fire_total,fire_20121080264_2012,2012,2025,13,1,-0.029067,-0.029067,,0.054650,0.025583,-0.010546,-0.010546,,0.066007,0.055461,-0.019663,-0.019663,,0.056905,0.037242,0.016417,0.016417,,0.239505,0.255922,-0.086254,-0.086254,,0.222923,0.136669,-0.077220,-0.077220,,0.143943,0.066723,0.324009,0.324009,,0.258930,0.582939,0.141526,0.141526,,0.606966,0.748492
fire_total,fire_20121080266_2012,2012,2012,0,5,-0.046613,-0.038511,0.020466,0.061635,0.014610,-0.045760,-0.038225,0.026033,0.074037,0.028690,-0.063085,-0.060627,0.032177,0.084047,0.020687,0.084810,0.092554,0.035161,0.142072,0.226470,-0.094215,-0.084799,0.047600,0.205460,0.111272,-0.127902,-0.119268,0.043546,0.175320,0.047418,0.786035,0.769535,0.102145,-0.160847,0.662851,0.564113,0.567665,0.118418,0.264431,0.828544
fire_total,fire_20121080266_2012,2012,2014,2,6,-0.051096,-0.050538,0.023425,0.067919,0.018550,-0.055219,-0.049550,0.020552,0.096312,0.042447,-0.082534,-0.073184,0.029022,0.106467,0.026050,0.001980,0.003243,0.017916,0.209083,0.222015,-0.148707,-0.140573,0.034081,0.242124,0.104548,-0.152515,-0.136359,0.039727,0.192590,0.045245,0.648580,0.578220,0.162576,0.039582,0.671708,0.470492,0.410969,0.163208,0.322875,0.778663
fire_total,fire_20121080266_2012,2012,2015,3,6,-0.051845,-0.048824,0.020364,0.069081,0.018253,-0.067622,-0.061000,0.022045,0.100052,0.031990,-0.087670,-0.079356,0.032744,0.108282,0.020894,-0.015159,-0.008427,0.021943,0.221019,0.213896,-0.148871,-0.143337,0.029624,0.248099,0.104040,-0.151278,-0.138046,0.037405,0.189909,0.042811,0.592850,0.570849,0.142813,0.092556,0.677648,0.462009,0.430666,0.158248,0.354322,0.808014
fire_total,fire_20121080266_2012,2012,2018,6,6,-0.049362,-0.045086,0.021638,0.088846,0.040859,-0.062432,-0.055639,0.028368,0.127016,0.062666,-0.083008,-0.073276,0.036366,0.131073,0.046118,-0.044412,-0.043097,0.021907,0.283945,0.234198,-0.125785,-0.125024,0.017195,0.233950,0.116208,-0.121145,-0.114845,0.031127,0.170439,0.055063,0.482088,0.450494,0.136097,0.163725,0.639451,0.295699,0.274042,0.130358,0.388664,0.699947
fire_total,fire_20121080337_2012,2012,2010,-2,9,-0.000385,-0.000150,0.002268,0.018721,0.019821,0.000757,0.001629,0.005100,0.033035,0.034204,-0.001003,0.000625,0.004057,0.023644,0.022654,0.066082,0.066898,0.035455,0.162285,0.225810,0.020308,0.022848,0.022789,0.080005,0.099049,0.004193,0.009003,0.014442,0.034314,0.041464,0.034339,0.034105,0.065516,0.657188,0.701025,0.064199,0.061911,0.030928,0.753756,0.817955
fire_total,fire_20121080337_2012,2012,2011,-1,9,-0.000014,0.000869,0.005020,0.021677,0.022668,0.004208,0.004128,0.008992,0.036087,0.036197,-0.000563,0.000379,0.007335,0.025486,0.024469,0.048428,0.052226,0.047780,0.162312,0.212376,0.012484,0.014887,0.025143,0.079084,0.087196,-0.001994,0.004052,0.011085,0.035565,0.036445,0.063726,0.059199,0.038866,0.632889,0.696084,0.046618,0.044449,0.046108,0.728085,0.771152
fire_total,fire_20121080337_2012,2012,2012,0,10,-0.012657,-0.011299,0.005330,0.038659,0.027123,-0.000220,0.000136,0.007243,0.039580,0.039332,-0.017476,-0.015985,0.007840,0.045658,0.029824,0.137933,0.128685,0.034198,0.091940,0.226401,-0.060239,-0.063760,0.022939,0.164375,0.104446,-0.101393,-0.107613,0.016820,0.154929,0.046902,0.929736,0.905085,0.096756,-0.284380,0.655421,0.453450,0.435625,0.059602,0.314075,0.768176
fire_total,fire_20121080337_2012,2012,2013,1,6,-0.019112,-0.019117,0.003688,0.036575,0.017085,-0.005012,-0.006832,0.004687,0.039250,0.033778,-0.021588,-0.021952,0.004155,0.043203,0.021925,0.115837,0.108355,0.025061,0.091294,0.205164,-0.075082,-0.079931,0.018347,0.166321,0.090984,-0.104129,-0.104454,0.014097,0.142231,0.038796,0.884851,0.878388,0.050982,-0.195748,0.680744,0.440731,0.431965,0.043022,0.362293,0.809757
fire_total,fire_20121080337_2012,2012,2014,2,10,-0.016431,-0.015979,0.005646,0.036885,0.020303,-0.009501,-0.008818,0.007670,0.046716,0.036720,-0.019732,-0.020385,0.005236,0.045307,0.024564,0.071926,0.057508,0.045431,0.162622,0.223796,-0.079990,-0.080798,0.018123,0.179583,0.100541,-0.079888,-0.082280,0.012761,0.125318,0.045224,0.542543,0.521106,0.089623,0.137684,0.673138,0.232583,0.229477,0.050880,0.566646,0.795416
fire_total,fire_20121080337_2012,2012,2015,3,10,-0.017435,-0.016954,0.004886,0.037964,0.019492,-0.010787,-0.009980,0.007116,0.047706,0.036713,-0.019621,-0.017661,0.005942,0.044145,0.024187,0.049898,0.036567,0.040754,0.174783,0.219052,-0.081765,-0.087442,0.020572,0.182195,0.092593,-0.073804,-0.075975,0.010781,0.119680,0.041367,0.472224,0.465572,0.061615,0.207686,0.679366,0.181174,0.173348,0.069018,0.603845,0.801926
fire_total,fire_20121080337_2012,2012,2016,4,7,-0.017407,-0.016129,0.004652,0.036940,0.017085,-0.017380,-0.015379,0.008317,0.052601,0.033777,-0.025122,-0.022497,0.008527,0.047514,0.021292,0.029878,0.023440,0.038868,0.205487,0.230361,-0.103826,-0.101522,0.020592,0.202435,0.096643,-0.088371,-0.085046,0.015653,0.129959,0.038727,0.458360,0.430731,0.077865,0.260059,0.705350,0.197423,0.181053,0.061463,0.632330,0.829127
fire_total,fire_20121080337_2012,2012,2017,5,8,-0.023602,-0.022313,0.006757,0.042302,0.017910,-0.022014,-0.019680,0.007655,0.059916,0.037215,-0.026159,-0.026322,0.004787,0.050140,0.022668,-0.005349,-0.007998,0.034176,0.219994,0.211854,-0.105965,-0.100435,0.019226,0.198200,0.092242,-0.070001,-0.070440,0.011851,0.111135,0.039896,0.352565,0.344230,0.059081,0.343947,0.687349,0.194515,0.169279,0.049806,0.620389,0.812437
fire_total,fire_20121080337_2012,2012,2018,6,6,-0.024434,-0.021446,0.006512,0.041917,0.018453,-0.021931,-0.020765,0.008364,0.063216,0.040391,-0.025445,-0.023829,0.006436,0.050593,0.025094,0.004455,-0.006284,0.048840,0.231228,0.229605,-0.093589,-0.089212,0.020211,0.190376,0.096952,-0.068998,-0.064219,0.011429,0.109622,0.040212,0.321155,0.321643,0.075292,0.350411,0.693633,0.144813,0.146325,0.057670,0.624210,0.779405
fire_total,fire_20121080337_2012,2012,2019,7,10,-0.021298,-0.019916,0.004604,0.039511,0.019485,-0.024262,-0.022958,0.008036,0.062625,0.039662,-0.031274,-0.029912,0.004853,0.054155,0.023499,-0.008470,-0.022983,0.048545,0.252960,0.230849,-0.123427,-0.121330,0.020748,0.224421,0.099007,-0.087106,-0.083208,0.010663,0.129587,0.042886,0.339512,0.345355,0.061979,0.335033,0.683813,0.152558,0.150906,0.045791,0.644840,0.809117
fire_total,fire_20121080337_2012,2012,2020,8,5,-0.016266,-0.020507,0.008009,0.038796,0.016136,-0.023870,-0.022632,0.006733,0.056108,0.031811,-0.025534,-0.025069,0.004548,0.049892,0.021952,-0.050545,-0.051538,0.054610,0.251330,0.186306,-0.109491,-0.104120,0.017376,0.200950,0.091459,-0.068132,-0.067878,0.009480,0.110173,0.042041,0.265538,0.246796,0.046875,0.400032,0.639645,0.119415,0.112316,0.045355,0.676558,0.792204
fire_total,fire_20121080337_2012,2012,2022,10,10,-0.017077,-0.015874,0.003092,0.031674,0.014967,-0.029383,-0.027952,0.005669,0.056575,0.027225,-0.025526,-0.025161,0.005038,0.045204,0.018446,-0.093617,-0.098476,0.045438,0.274224,0.170040,-0.104548,-0.102451,0.015842,0.195705,0.089995,-0.059346,-0.061802,0.009816,0.103937,0.040920,0.144404,0.159650,0.062582,0.455218,0.612070,0.087045,0.084254,0.040999,0.719414,0.798222
fire_total,fire_20121080337_2012,2012,2023,11,2,-0.014025,-0.014025,0.005289,0.037593,0.023568,-0.017057,-0.017057,0.001779,0.057599,0.040542,-0.018576,-0.018576,0.000525,0.047473,0.028896,-0.063896,-0.063896,0.033077,0.256885,0.192989,-0.071418,-0.071418,0.008128,0.187365,0.115947,-0.041491,-0.041491,0.003490,0.099812,0.058321,0.109370,0.109370,0.060189,0.444289,0.553659,0.082016,0.082016,0.054670,0.676191,0.758207
fire_total,fire_20121080337_2012,2012,2024,12,10,-0.017469,-0.017579,0.003230,0.041952,0.025087,-0.026599,-0.025843,0.005385,0.064777,0.038013,-0.021031,-0.022004,0.004703,0.050429,0.028656,-0.105002,-0.103060,0.043023,0.282020,0.170370,-0.077467,-0.081627,0.013066,0.190342,0.110935,-0.047933,-0.047790,0.009890,0.101373,0.056451,0.070868,0.065395,0.084087,0.463452,0.529167,0.032645,0.036676,0.044916,0.699189,0.735336
fire_total,fire_20121080337_2012,2012,2025,13,10,-0.013647,-0.013940,0.004685,0.037064,0.022523,-0.020130,-0.019698,0.006506,0.063188,0.042474,-0.017937,-0.018726,0.006381,0.048834,0.028738,-0.088516,-0.082397,0.034796,0.283396,0.201582,-0.071294,-0.076496,0.012644,0.183020,0.110021,-0.042096,-0.042409,0.009566,0.093989,0.053020,0.085527,0.092731,0.069885,0.510578,0.596863,0.032622,0.037381,0.043264,0.718356,0.757717
fire_total,fire_20131080240_2013,2013,2011,-2,1,-0.007810,-0.007810,,0.028635,0.020825,-0.009157,-0.009157,,0.052945,0.043788,-0.010313,-0.010313,,0.034630,0.024317,-0.017792,-0.017792,,0.272615,0.254823,-0.038693,-0.038693,,0.144163,0.105470,-0.017711,-0.017711,,0.062928,0.045217,0.055689,0.055689,,0.642919,0.698608,0.034207,0.034207,,0.779189,0.813396
fire_total,fire_20131080240_2013,2013,2012,-1,1,-0.005253,-0.005253,,0.020055,0.014802,-0.011743,-0.011743,,0.037848,0.026105,-0.014437,-0.014437,,0.027617,0.013180,-0.039710,-0.039710,,0.259470,0.219760,-0.040947,-0.040947,,0.129615,0.088668,-0.022248,-0.022248,,0.058005,0.035757,0.085532,0.085532,,0.634585,0.720117,0.079236,0.079236,,0.807602,0.886838
fire_total,fire_20131080240_2013,2013,2013,0,1,-0.022962,-0.022962,,0.034437,0.011475,-0.023224,-0.023224,,0.046991,0.023767,-0.036781,-0.036781,,0.049136,0.012355,0.034073,0.034073,,0.155437,0.189510,-0.082927,-0.082927,,0.155864,0.072937,-0.087890,-0.087890,,0.114655,0.026765,0.597667,0.597667,,0.154824,0.752491,0.319193,0.319193,,0.535893,0.855086
fire_total,fire_20131080240_2013,2013,2014,1,1,-0.017257,-0.017257,,0.034768,0.017511,-0.005761,-0.005761,,0.045630,0.039869,-0.019593,-0.019593,,0.042247,0.022654,0.048757,0.048757,,0.210823,0.259580,-0.086226,-0.086226,,0.187970,0.101744,-0.067801,-0.067801,,0.109760,0.041959,0.405682,0.405682,,0.315246,0.720928,0.175102,0.175102,,0.666663,0.841765
fire_total,fire_20131080240_2013,2013,2015,2,1,-0.016679,-0.016679,,0.033035,0.016356,-0.014314,-0.014314,,0.049260,0.034946,-0.015249,-0.015249,,0.037408,0.022159,-0.007631,-0.007631,,0.235380,0.227749,-0.085732,-0.085732,,0.176283,0.090551,-0.056321,-0.056321,,0.094058,0.037737,0.294537,0.294537,,0.428981,0.723518,0.126066,0.126066,,0.703253,0.829319
fire_total,fire_20131080240_2013,2013,2016,3,1,-0.015895,-0.015895,,0.036802,0.020907,-0.020433,-0.020433,,0.057070,0.036637,-0.014217,-0.014217,,0.039167,0.024950,-0.033770,-0.033770,,0.270305,0.236535,-0.080245,-0.080245,,0.176640,0.096395,-0.044028,-0.044028,,0.092325,0.048297,0.168832,0.168832,,0.492039,0.660871,0.070969,0.070969,,0.738198,0.809167
fire_total,fire_20131080240_2013,2013,2017,4,1,-0.017917,-0.017917,,0.033269,0.015352,-0.016802,-0.016802,,0.057895,0.041093,-0.020611,-0.020611,,0.043334,0.022723,-0.033179,-0.033179,,0.251564,0.218385,-0.079420,-0.079420,,0.172460,0.093040,-0.051866,-0.051866,,0.091253,0.039387,0.239122,0.239122,,0.454985,0.694107,0.127418,0.127418,,0.696733,0.824151
fire_total,fire_20131080240_2013,2013,2018,5,1,-0.010340,-0.010340,,0.029845,0.019505,-0.014520,-0.014520,,0.052615,0.038095,-0.013832,-0.013832,,0.033777,0.019945,-0.074938,-0.074938,,0.292443,0.217505,-0.095136,-0.095136,,0.183941,0.088805,-0.056279,-0.056279,,0.092999,0.036720,0.184892,0.184892,,0.525917,0.710809,0.032500,0.032500,,0.792494,0.824994
fire_total,fire_20131080240_2013,2013,2019,6,1,-0.015509,-0.015509,,0.029597,0.014088,-0.023031,-0.023031,,0.054196,0.031165,-0.021341,-0.021341,,0.039333,0.017992,-0.095576,-0.095576,,0.290614,0.195038,-0.077742,-0.077742,,0.165750,0.088008,-0.045169,-0.045169,,0.081834,0.036665,0.128371,0.128371,,0.551358,0.679729,0.067624,0.067624,,0.763456,0.831080
fire_total,fire_20131080240_2013,2013,2020,7,1,-0.016968,-0.016968,,0.032403,0.015435,-0.026125,-0.026125,,0.055860,0.029735,-0.018768,-0.018768,,0.036692,0.017924,-0.100114,-0.100114,,0.306798,0.206684,-0.087863,-0.087863,,0.181590,0.093727,-0.049102,-0.049102,,0.086193,0.037091,0.128487,0.128487,,0.570210,0.698697,0.048495,0.048495,,0.781409,0.829904
fire_total,fire_20131080240_2013,2013,2021,8,1,-0.008470,-0.008470,,0.024757,0.016287,-0.018095,-0.018095,,0.052120,0.034025,-0.018013,-0.018013,,0.038233,0.020220,-0.058644,-0.058644,,0.256968,0.198324,-0.088715,-0.088715,,0.175980,0.087265,-0.043546,-0.043546,,0.082562,0.039016,0.161493,0.161493,,0.512284,0.673777,0.070418,0.070418,,0.746569,0.816987
fire_total,fire_20131080240_2013,2013,2022,9,1,-0.009789,-0.009789,,0.026682,0.016893,-0.020914,-0.020914,,0.053454,0.032540,-0.014231,-0.014231,,0.033571,0.019340,-0.115197,-0.115197,,0.309300,0.194103,-0.071500,-0.071500,,0.171030,0.099530,-0.031859,-0.031859,,0.077516,0.045657,0.049044,0.049044,,0.592209,0.641253,0.022647,0.022647,,0.796679,0.819326
fire_total,fire_20131080240_2013,2013,2023,10,1,-0.013035,-0.013035,,0.031330,0.018295,-0.020130,-0.020130,,0.051625,0.031495,-0.014437,-0.014437,,0.037325,0.022888,-0.115362,-0.115362,,0.288290,0.172928,-0.071528,-0.071528,,0.168473,0.096945,-0.032477,-0.032477,,0.075935,0.043458,0.004449,0.004449,,0.600157,0.604606,0.008773,0.008773,,0.754976,0.763749
fire_total,fire_20131080240_2013,2013,2024,11,1,-0.010711,-0.010711,,0.031192,0.020481,-0.020748,-0.020748,,0.058912,0.038164,-0.011028,-0.011028,,0.039965,0.028937,-0.146080,-0.146080,,0.316340,0.170260,-0.062741,-0.062741,,0.174577,0.111836,-0.022536,-0.022536,,0.079207,0.056671,-0.083739,-0.083739,,0.579506,0.495767,-0.065125,-0.065125,,0.758662,0.693537
fire_total,fire_20131080240_2013,2013,2025,12,1,-0.007012,-0.007012,,0.028057,0.021045,-0.016088,-0.016088,,0.061663,0.045575,-0.012292,-0.012292,,0.041065,0.028773,-0.105243,-0.105243,,0.297888,0.192645,-0.055852,-0.055852,,0.165585,0.109733,-0.024887,-0.024887,,0.076952,0.052065,-0.011317,-0.011317,,0.584482,0.573165,0.018654,0.018654,,0.740795,0.759449
fire_total,fire_20141080107_2014,2014,2011,-3,2,-0.009653,-0.009653,0.006534,0.044255,0.034602,-0.005597,-0.005597,0.017364,0.056740,0.051143,-0.019277,-0.019277,0.012833,0.053344,0.034066,0.089285,0.089285,0.058502,0.185254,0.274539,-0.037482,-0.037482,0.099910,0.140890,0.103408,-0.040713,-0.040713,0.050850,0.082920,0.042207,0.333481,0.333481,0.311587,0.401458,0.734939,0.218729,0.218729,0.073295,0.566043,0.784772
fire_total,fire_20141080107_2014,2014,2012,-2,2,-0.000935,-0.000935,0.011123,0.029336,0.028401,-0.006331,-0.006331,0.008255,0.045080,0.038749,-0.015964,-0.015964,0.020068,0.041072,0.025108,0.111231,0.111231,0.055216,0.188211,0.299441,-0.055901,-0.055901,0.119521,0.175024,0.119123,-0.053447,-0.053447,0.085968,0.100685,0.047239,0.376048,0.376048,0.386169,0.347776,0.723823,0.201136,0.201136,0.134829,0.641302,0.842438
fire_total,fire_20141080107_2014,2014,2013,-1,1,-0.014933,-0.014933,,0.031963,0.017030,-0.008222,-0.008222,,0.044722,0.036500,-0.028820,-0.028820,,0.048270,0.019450,0.063979,0.063979,,0.178675,0.242654,-0.120821,-0.120821,,0.208732,0.087911,-0.091849,-0.091849,,0.126947,0.035098,0.566145,0.566145,,0.180762,0.746907,0.259855,0.259855,,0.587031,0.846886
fire_total,fire_20141080107_2014,2014,2014,0,2,-0.022564,-0.022564,0.005697,0.039745,0.017181,-0.010608,-0.010608,0.004890,0.049728,0.039120,-0.041237,-0.041237,0.012989,0.061030,0.019793,0.178757,0.178757,0.060738,0.126742,0.305499,-0.070662,-0.070662,0.026874,0.184003,0.113342,-0.116991,-0.116991,0.002771,0.161955,0.044964,0.893790,0.893790,0.096809,-0.152728,0.741062,0.530363,0.530363,0.128169,0.348776,0.879139
fire_total,fire_20141080107_2014,2014,2015,1,2,-0.027652,-0.027652,0.015575,0.053867,0.026215,-0.031192,-0.031192,0.026495,0.075570,0.044379,-0.056554,-0.056554,0.039319,0.084020,0.027466,0.080465,0.080465,0.044627,0.198083,0.278548,-0.137843,-0.137843,0.041555,0.241004,0.103161,-0.151580,-0.151580,0.058413,0.189929,0.038350,0.729962,0.729962,0.179327,0.031095,0.761057,0.396622,0.396622,0.238559,0.417491,0.814113
fire_total,fire_20141080107_2014,2014,2016,2,2,-0.031928,-0.031928,0.033192,0.045988,0.014060,-0.032409,-0.032409,0.034671,0.066888,0.034478,-0.056808,-0.056808,0.050121,0.075110,0.018302,0.075611,0.075611,0.076771,0.214006,0.289617,-0.113933,-0.113933,0.031618,0.219932,0.105999,-0.115438,-0.115438,0.058191,0.156950,0.041512,0.567808,0.567808,0.223078,0.177924,0.745732,0.368097,0.368097,0.282343,0.505618,0.873715
fire_total,fire_20141080107_2014,2014,2017,3,2,-0.030676,-0.030676,0.021954,0.049315,0.018639,-0.030958,-0.030958,0.019319,0.073501,0.042543,-0.050806,-0.050806,0.034244,0.072896,0.022090,0.064714,0.064714,0.088351,0.246022,0.310737,-0.105016,-0.105016,0.018542,0.217134,0.112118,-0.097006,-0.097006,0.041710,0.142636,0.045630,0.486628,0.486628,0.211337,0.249067,0.735696,0.323814,0.323814,0.189446,0.534594,0.858407
fire_total,fire_20141080107_2014,2014,2018,4,2,-0.033042,-0.033042,0.031521,0.052437,0.019395,-0.034114,-0.034114,0.027243,0.071576,0.037462,-0.043203,-0.043203,0.033875,0.064316,0.021114,0.018274,0.018274,0.076480,0.254726,0.273000,-0.115006,-0.115006,0.022673,0.222662,0.107656,-0.101874,-0.101874,0.051005,0.144767,0.042894,0.416667,0.416667,0.207492,0.314149,0.730816,0.266109,0.266109,0.229644,0.594769,0.860878
fire_total,fire_20141080107_2014,2014,2019,5,2,-0.029212,-0.029212,0.017939,0.047802,0.018590,-0.032918,-0.032918,0.019407,0.073048,0.040130,-0.049376,-0.049376,0.032920,0.071260,0.021884,0.019168,0.019168,0.067554,0.269163,0.288331,-0.112317,-0.112317,0.015761,0.226264,0.113947,-0.100953,-0.100953,0.043247,0.148192,0.047239,0.416153,0.416153,0.213304,0.312744,0.728897,0.271889,0.271889,0.226112,0.579481,0.851370
fire_total,fire_20141080107_2014,2014,2021,7,2,-0.023203,-0.023203,0.043353,0.041361,0.018158,-0.021848,-0.021848,0.050772,0.057826,0.035977,-0.031913,-0.031913,0.060844,0.054065,0.022152,0.086563,0.086563,0.063480,0.162979,0.249543,-0.029156,-0.029156,0.133795,0.143619,0.114462,-0.054182,-0.054182,0.107388,0.099846,0.045664,0.324348,0.324348,0.295267,0.352478,0.676826,0.242027,0.242027,0.237474,0.584933,0.826960
fire_total,fire_20141080107_2014,2014,2022,8,2,-0.023740,-0.023740,0.016577,0.046517,0.022777,-0.029398,-0.029398,0.012367,0.068373,0.038974,-0.039834,-0.039834,0.010871,0.064110,0.024276,-0.011440,-0.011440,0.029382,0.246291,0.234850,-0.108714,-0.108714,0.034661,0.230113,0.121399,-0.079214,-0.079214,0.008770,0.131375,0.052161,0.338814,0.338814,0.035983,0.289166,0.627980,0.227456,0.227456,0.017751,0.579094,0.806550
fire_total,fire_20161080195_2016,2016,2013,-3,1,0.001458,0.001458,,0.017992,0.019450,-0.002832,-0.002832,,0.036747,0.033915,-0.003713,-0.003713,,0.022833,0.019120,0.002063,0.002063,,0.332180,0.334243,0.002695,0.002695,,0.167372,0.170067,0.005225,0.005225,,0.063670,0.068895,-0.043064,-0.043064,,0.709264,0.666200,0.014459,0.014459,,0.877324,0.891783
fire_total,fire_20161080195_2016,2016,2014,-2,1,0.000289,0.000289,,0.030574,0.030863,-0.000605,-0.000605,,0.057221,0.056616,-0.001966,-0.001966,,0.030890,0.028924,-0.045966,-0.045966,,0.449701,0.403735,0.008594,0.008594,,0.184986,0.193580,0.005720,0.005720,,0.075687,0.081407,-0.056804,-0.056804,,0.717603,0.660799,-0.005710,-0.005710,,0.868249,0.862539
fire_total,fire_20161080195_2016,2016,2015,-1,1,0.003808,0.003808,,0.022723,0.026531,-0.002158,-0.002158,,0.045712,0.043554,0.001746,0.001746,,0.024455,0.026201,-0.045348,-0.045348,,0.397630,0.352282,-0.003493,-0.003493,,0.187063,0.183570,-0.001389,-0.001389,,0.075688,0.074299,-0.038437,-0.038437,,0.678202,0.639765,-0.004473,-0.004473,,0.859952,0.855479
fire_total,fire_20161080195_2016,2016,2016,0,1,-0.002558,-0.002558,,0.035263,0.032705,-0.007893,-0.007893,,0.058473,0.050580,-0.009804,-0.009804,,0.037944,0.028140,-0.013475,-0.013475,,0.443472,0.429997,0.010161,0.010161,,0.181439,0.191600,-0.003946,-0.003946,,0.087829,0.083883,-0.012912,-0.012912,,0.696020,0.683108,0.025276,0.025276,,0.856269,0.881545
fire_total,fire_20161080195_2016,2016,2019,3,1,-0.000371,-0.000371,,0.032059,0.031688,-0.005211,-0.005211,,0.056946,0.051735,-0.004881,-0.004881,,0.035056,0.030175,-0.055881,-0.055881,,0.454748,0.398867,-0.003740,-0.003740,,0.194790,0.191050,-0.001691,-0.001691,,0.084859,0.083168,-0.036113,-0.036113,,0.677376,0.641263,0.014277,0.014277,,0.840306,0.854583
fire_total,fire_20161080195_2016,2016,2020,4,1,0.000467,0.000467,,0.033640,0.034107,-0.005664,-0.005664,,0.056217,0.050553,-0.003574,-0.003574,,0.032897,0.029323,-0.074113,-0.074113,,0.453648,0.379535,-0.002213,-0.002213,,0.202462,0.200249,0.003396,0.003396,,0.083278,0.086674,-0.066313,-0.066313,,0.689798,0.623485,-0.008723,-0.008723,,0.865290,0.856567
fire_total,fire_20161080195_2016,2016,2021,5,1,-0.001266,-0.001266,,0.025473,0.024207,-0.010409,-0.010409,,0.050910,0.040501,-0.002048,-0.002048,,0.027397,0.025349,-0.101599,-0.101599,,0.426120,0.324521,-0.004675,-0.004675,,0.177850,0.173175,0.001554,0.001554,,0.072195,0.073749,-0.093666,-0.093666,,0.720872,0.627206,-0.004310,-0.004310,,0.858141,0.853831
fire_total,fire_20161080195_2016,2016,2023,7,1,0.004854,0.004854,,0.028112,0.032966,-0.003519,-0.003519,,0.055337,0.051818,-0.002956,-0.002956,,0.033227,0.030271,-0.044110,-0.044110,,0.404395,0.360285,0.000990,0.000990,,0.186623,0.187613,0.003108,0.003108,,0.077777,0.080885,-0.056791,-0.056791,,0.707655,0.650864,-0.006788,-0.006788,,0.858748,0.851960
fire_total,fire_20161080195_2016,2016,2024,8,1,-0.000440,-0.000440,,0.029735,0.029295,-0.007178,-0.007178,,0.054980,0.047802,-0.007343,-0.007343,,0.036940,0.029597,0.008002,0.008002,,0.329705,0.337707,-0.004373,-0.004373,,0.189565,0.185192,-0.000935,-0.000935,,0.081352,0.080417,0.017798,0.017798,,0.598909,0.616707,0.046653,0.046653,,0.798179,0.844832
fire_total,fire_20161080195_2016,2016,2025,9,1,0.006545,0.006545,,0.025528,0.032073,-0.002393,-0.002393,,0.055723,0.053330,-0.004936,-0.004936,,0.033502,0.028566,-0.033137,-0.033137,,0.401920,0.368783,-0.000770,-0.000770,,0.191352,0.190582,0.000138,0.000138,,0.079455,0.079593,-0.049364,-0.049364,,0.677906,0.628542,0.013543,0.013543,,0.843709,0.857252
fire_total,fire_20161080226_2016,2016,2013,-3,1,-0.006848,-0.006848,,0.026243,0.019395,-0.013283,-0.013283,,0.054403,0.041120,-0.015400,-0.015400,,0.040295,0.024895,-0.053790,-0.053790,,0.251468,0.197678,-0.034925,-0.034925,,0.131402,0.096477,-0.019415,-0.019415,,0.064000,0.044585,0.049330,0.049330,,0.582598,0.631928,0.055921,0.055921,,0.720377,0.776298
fire_total,fire_20161080226_2016,2016,2014,-2,1,-0.002351,-0.002351,,0.026861,0.024510,-0.012361,-0.012361,,0.059201,0.046840,-0.011784,-0.011784,,0.042454,0.030670,-0.058877,-0.058877,,0.262742,0.203865,-0.031749,-0.031749,,0.133231,0.101482,-0.016294,-0.016294,,0.065554,0.049260,0.025490,0.025490,,0.590551,0.616041,0.015065,0.015065,,0.723396,0.738461
fire_total,fire_20161080226_2016,2016,2015,-1,1,-0.008786,-0.008786,,0.026682,0.017896,-0.013365,-0.013365,,0.052615,0.039250,-0.016143,-0.016143,,0.040020,0.023877,-0.058919,-0.058919,,0.250698,0.191779,-0.058314,-0.058314,,0.144520,0.086206,-0.029287,-0.029287,,0.070132,0.040845,0.095468,0.095468,,0.569430,0.664898,0.052775,0.052775,,0.726380,0.779155
fire_total,fire_20161080226_2016,2016,2018,2,1,-0.014960,-0.014960,,0.034905,0.019945,-0.020488,-0.020488,,0.062075,0.041587,-0.024516,-0.024516,,0.052422,0.027906,-0.074058,-0.074058,,0.275228,0.201170,-0.076588,-0.076588,,0.166768,0.090180,-0.037771,-0.037771,,0.082452,0.044681,0.108964,0.108964,,0.538877,0.647841,0.076172,0.076172,,0.703409,0.779581
fire_total,fire_20161080226_2016,2016,2019,3,1,-0.012389,-0.012389,,0.032760,0.020371,-0.017133,-0.017133,,0.061745,0.044612,-0.023321,-0.023321,,0.050333,0.027012,-0.101062,-0.101062,,0.313425,0.212363,-0.074965,-0.074965,,0.180325,0.105360,-0.045443,-0.045443,,0.092847,0.047404,0.095686,0.095686,,0.539387,0.635073,0.055293,0.055293,,0.725525,0.780818
fire_total,fire_20161080226_2016,2016,2020,4,1,-0.008690,-0.008690,,0.032402,0.023712,-0.016142,-0.016142,,0.062611,0.046469,-0.024007,-0.024007,,0.054691,0.030684,-0.128522,-0.128522,,0.336663,0.208141,-0.106040,-0.106040,,0.202297,0.096257,-0.055165,-0.055165,,0.100355,0.045190,0.094740,0.094740,,0.541143,0.635883,0.024057,0.024057,,0.722075,0.746132
fire_total,fire_20161080226_2016,2016,2021,5,1,-0.015936,-0.015936,,0.034327,0.018391,-0.021863,-0.021863,,0.065155,0.043292,-0.026442,-0.026442,,0.053193,0.026751,-0.122471,-0.122471,,0.309465,0.186994,-0.094009,-0.094009,,0.183103,0.089094,-0.053446,-0.053446,,0.091239,0.037793,0.106400,0.106400,,0.549722,0.656122,0.042015,0.042015,,0.712435,0.754450
fire_total,fire_20161080226_2016,2016,2022,6,1,-0.011550,-0.011550,,0.027672,0.016122,-0.019003,-0.019003,,0.051735,0.032732,-0.018782,-0.018782,,0.039277,0.020495,-0.148032,-0.148032,,0.308997,0.160965,-0.079722,-0.079722,,0.158737,0.079015,-0.037208,-0.037208,,0.075770,0.038562,-0.002249,-0.002249,,0.605658,0.603409,0.014809,0.014809,,0.754831,0.769640
fire_total,fire_20161080226_2016,2016,2023,7,1,-0.007233,-0.007233,,0.028140,0.020907,-0.019016,-0.019016,,0.065471,0.046455,-0.021272,-0.021272,,0.049109,0.027837,-0.111609,-0.111609,,0.296581,0.184972,-0.092784,-0.092784,,0.166877,0.074093,-0.046846,-0.046846,,0.080596,0.033750,0.077318,0.077318,,0.575183,0.652501,0.037957,0.037957,,0.718108,0.756065
fire_total,fire_20161080226_2016,2016,2024,8,1,-0.014837,-0.014837,,0.029804,0.014967,-0.023953,-0.023953,,0.061718,0.037765,-0.026497,-0.026497,,0.050264,0.023767,-0.141295,-0.141295,,0.313617,0.172322,-0.087601,-0.087601,,0.166836,0.079235,-0.046310,-0.046310,,0.083222,0.036912,0.017740,0.017740,,0.590338,0.608078,0.021944,0.021944,,0.726614,0.748558
fire_total,fire_20161080226_2016,2016,2025,9,1,-0.013145,-0.013145,,0.030725,0.017580,-0.025767,-0.025767,,0.067327,0.041560,-0.026744,-0.026744,,0.052340,0.025596,-0.166086,-0.166086,,0.349505,0.183419,-0.071486,-0.071486,,0.166795,0.095309,-0.038417,-0.038417,,0.082782,0.044365,-0.001237,-0.001237,,0.612058,0.610821,0.009449,0.009449,,0.745883,0.755332
fire_total,fire_20161080308_2016,2016,2013,-3,7,0.001677,0.000079,0.003329,0.020962,0.023190,0.000935,0.002455,0.003189,0.033805,0.038150,0.000467,0.000691,0.003156,0.026435,0.028195,0.003355,0.003371,0.036096,0.204250,0.205543,0.014217,0.006372,0.019034,0.107615,0.108825,0.005335,0.005076,0.004824,0.042687,0.051020,-0.016130,-0.020366,0.051365,0.611097,0.585147,0.002924,-0.004232,0.025754,0.749347,0.753888
fire_total,fire_20161080308_2016,2016,2015,-1,7,0.002860,0.002017,0.004357,0.024262,0.027260,0.000688,0.000935,0.002549,0.037848,0.040928,0.000303,0.001163,0.001714,0.025418,0.026408,0.004867,0.004027,0.034812,0.197925,0.201418,0.002956,0.009590,0.015031,0.103036,0.106542,0.004840,0.006388,0.005252,0.047651,0.051460,-0.027916,-0.026704,0.045362,0.622900,0.586072,-0.007310,-0.010716,0.049256,0.761980,0.751091
fire_total,fire_20161080308_2016,2016,2017,1,2,-0.013283,-0.013283,0.010481,0.040219,0.026937,-0.005878,-0.005878,0.011502,0.047005,0.041127,-0.010670,-0.010670,0.007078,0.040577,0.029907,0.042817,0.042817,0.008498,0.157246,0.200063,-0.053158,-0.053158,0.006748,0.165736,0.112578,-0.055921,-0.055921,0.001730,0.109128,0.053207,0.374482,0.374482,0.071252,0.206588,0.581070,0.148526,0.148526,0.048351,0.589444,0.737970
fire_total,fire_20161080308_2016,2016,2018,2,6,-0.012651,-0.012410,0.005070,0.034190,0.020722,-0.005637,-0.005126,0.003269,0.045121,0.040040,-0.011454,-0.011241,0.004675,0.038363,0.026023,0.014836,0.027617,0.043348,0.185138,0.210342,-0.046378,-0.047790,0.006689,0.161274,0.113005,-0.044035,-0.046822,0.011590,0.094278,0.049589,0.276075,0.309150,0.139056,0.345166,0.605747,0.114302,0.135153,0.083248,0.648505,0.772550
fire_total,fire_20161080308_2016,2016,2019,3,7,-0.006888,-0.004844,0.004029,0.029419,0.025142,0.000743,-0.000801,0.004364,0.045589,0.044599,-0.009267,-0.007559,0.005340,0.037641,0.030587,-0.006380,0.005954,0.049041,0.209736,0.204250,-0.045691,-0.042564,0.020002,0.164402,0.124995,-0.040054,-0.037877,0.016174,0.096175,0.059944,0.184262,0.201181,0.140654,0.397198,0.586420,0.043664,0.057582,0.077117,0.705854,0.749773
fire_total,fire_20161080308_2016,2016,2020,4,2,-0.004709,-0.004709,0.006213,0.027314,0.022606,-0.007115,-0.007115,0.000282,0.043870,0.036755,-0.008037,-0.008037,0.000475,0.034437,0.026401,-0.028593,-0.028593,0.011715,0.219829,0.191236,-0.041586,-0.041586,0.007496,0.158421,0.116835,-0.030745,-0.030745,0.009003,0.086385,0.055640,0.086763,0.086763,0.104247,0.456425,0.543187,0.020639,0.020639,0.025481,0.731662,0.752301
fire_total,fire_20161080308_2016,2016,2024,8,7,-0.010381,-0.010861,0.005782,0.040818,0.028195,-0.013750,-0.012503,0.006271,0.058720,0.044434,-0.021340,-0.015757,0.008737,0.048875,0.029831,-0.068117,-0.055974,0.026547,0.263361,0.198173,-0.074594,-0.065207,0.025787,0.191311,0.123895,-0.052360,-0.043739,0.019585,0.104741,0.054513,0.116380,0.119904,0.107189,0.410807,0.560291,0.035161,0.041209,0.064400,0.677643,0.736594
fire_total,fire_20161080308_2016,2016,2025,9,7,-0.009158,-0.009974,0.007572,0.041807,0.028112,-0.018782,-0.014133,0.015026,0.066255,0.047473,-0.014768,-0.015233,0.009522,0.053605,0.032458,-0.081606,-0.065397,0.035488,0.269315,0.199039,-0.068598,-0.058927,0.026600,0.179362,0.115851,-0.042432,-0.034076,0.016251,0.098017,0.054897,0.083951,0.095673,0.082139,0.436581,0.566913,0.048772,0.035391,0.052971,0.671473,0.727166
fire_total,fire_20181080368_2018,2018,2015,-3,4,0.005376,0.005424,0.002721,0.037462,0.041945,0.009102,0.008573,0.002842,0.053990,0.063092,0.011509,0.010588,0.005729,0.039140,0.050648,0.042584,0.044289,0.007191,0.215002,0.257559,0.049788,0.047609,0.010808,0.096822,0.141412,0.031199,0.029164,0.009845,0.039827,0.071026,-0.107413,-0.094321,0.044565,0.668212,0.568413,-0.019692,-0.017632,0.033496,0.696933,0.673956
fire_total,fire_20181080368_2018,2018,2019,1,2,-0.001795,-0.001795,0.000904,0.031722,0.029927,0.010842,0.010842,0.006563,0.042625,0.053468,0.002104,0.002104,0.001964,0.039690,0.041794,0.108790,0.108790,0.045288,0.135060,0.243850,0.023423,0.023423,0.001877,0.151925,0.175347,-0.010319,-0.010319,0.001468,0.106411,0.096092,0.317767,0.317767,0.122686,0.130892,0.448659,0.183247,0.183247,0.044884,0.536910,0.720157
fire_total,fire_20181080368_2018,2018,2020,2,2,-0.011214,-0.011214,0.014945,0.042922,0.031708,0.004875,0.004875,0.012980,0.049060,0.053935,-0.006118,-0.006118,0.016470,0.045554,0.039436,0.133465,0.133465,0.002343,0.149896,0.283361,0.008793,0.008793,0.064063,0.163728,0.172522,-0.021608,-0.021608,0.059105,0.112977,0.091369,0.340378,0.340378,0.200101,0.168357,0.508736,0.207066,0.207066,0.086056,0.546401,0.753467
fire_total,fire_20181080368_2018,2018,2021,3,2,-0.003665,-0.003665,0.007166,0.030457,0.026792,0.008697,0.008697,0.005319,0.042660,0.051357,-0.003026,-0.003026,0.009062,0.039141,0.036115,0.110742,0.110742,0.012251,0.163069,0.273811,-0.041656,-0.041656,0.036043,0.175464,0.133808,-0.053845,-0.053845,0.041029,0.118594,0.064750,0.456936,0.456936,0.192113,0.164377,0.621314,0.162073,0.162073,0.071998,0.603888,0.765961
fire_total,fire_20181080368_2018,2018,2022,4,3,0.000591,-0.000133,0.003278,0.026641,0.025390,0.012155,0.012201,0.002874,0.037958,0.053055,0.003465,0.001558,0.005427,0.032732,0.036170,0.109312,0.103748,0.020071,0.174935,0.279985,-0.000495,-0.015024,0.029954,0.159232,0.144657,-0.011921,-0.028165,0.030657,0.091074,0.069692,0.225887,0.288393,0.156522,0.354518,0.616865,0.072404,0.100946,0.054043,0.701909,0.791773
fire_total,fire_20181080480_2018,2018,2015,-3,8,0.012058,0.013858,0.016791,0.023499,0.038019,0.004951,0.008233,0.017143,0.039655,0.053034,0.001905,0.003060,0.014203,0.029082,0.036431,-0.021891,-0.017886,0.037711,0.211558,0.200276,-0.023038,-0.025066,0.020384,0.109814,0.092648,-0.011818,-0.012196,0.011581,0.048408,0.042275,0.051715,0.052397,0.045359,0.601178,0.657385,-0.034414,-0.039853,0.040140,0.756396,0.683758
fire_total,fire_20181080480_2018,2018,2016,-2,7,-0.008126,-0.005960,0.008580,0.020550,0.018377,-0.008855,-0.010094,0.009709,0.043994,0.036445,-0.010766,-0.010974,0.009230,0.032994,0.022448,-0.032230,-0.022550,0.037588,0.215855,0.204168,-0.016830,-0.020377,0.016606,0.118890,0.105030,-0.010614,-0.011277,0.009113,0.059957,0.049810,0.050767,0.044085,0.056401,0.562292,0.590084,0.065150,0.051534,0.050886,0.762128,0.787787
fire_total,fire_20181080480_2018,2018,2017,-1,8,-0.002110,-0.002081,0.004412,0.021946,0.021705,-0.005816,-0.004522,0.009793,0.042227,0.040267,-0.006483,-0.006415,0.009208,0.028566,0.026792,-0.017023,-0.019621,0.036731,0.213133,0.200400,-0.018514,-0.020082,0.028502,0.125895,0.110448,-0.012265,-0.010878,0.012716,0.062013,0.053893,0.033800,0.043595,0.059626,0.559051,0.609191,0.031095,0.029882,0.039971,0.754838,0.766958
fire_total,fire_20181080480_2018,2018,2018,0,6,-0.006882,-0.007308,0.002172,0.029872,0.024489,-0.002867,-0.002349,0.002918,0.044928,0.043980,-0.010670,-0.009971,0.003547,0.036830,0.028539,0.071905,0.073861,0.031735,0.141894,0.205921,-0.016369,-0.018054,0.014578,0.125476,0.107650,-0.028772,-0.030445,0.007932,0.075990,0.050270,0.474618,0.454170,0.102640,0.153474,0.605424,0.279525,0.256808,0.057486,0.499555,0.766041
fire_total,fire_20181080480_2018,2018,2019,1,7,-0.011743,-0.011220,0.003578,0.029102,0.018763,-0.006435,-0.002958,0.006852,0.040075,0.037009,-0.024516,-0.022809,0.009919,0.048297,0.023781,0.067650,0.071168,0.046526,0.128240,0.193690,-0.082005,-0.072746,0.029657,0.179555,0.093714,-0.079090,-0.076729,0.027392,0.122795,0.044516,0.616839,0.565557,0.166442,0.031680,0.629875,0.354869,0.305315,0.109187,0.467289,0.799398
fire_total,fire_20181080480_2018,2018,2020,2,8,-0.010595,-0.011629,0.003445,0.031075,0.019656,-0.008422,-0.009029,0.005541,0.045376,0.036713,-0.017558,-0.015990,0.005522,0.040529,0.026085,0.022743,0.026161,0.045190,0.167152,0.193057,-0.079860,-0.074540,0.028430,0.182058,0.109973,-0.057447,-0.058788,0.022657,0.105683,0.050896,0.367270,0.344655,0.119465,0.248147,0.603119,0.140322,0.148258,0.064498,0.622980,0.764589
fire_total,fire_20181080480_2018,2018,2021,3,8,-0.018790,-0.017715,0.004994,0.035627,0.016260,-0.012828,-0.013159,0.007575,0.049067,0.035517,-0.021416,-0.018681,0.007942,0.041395,0.022055,-0.002227,-0.005352,0.047371,0.190940,0.184437,-0.085312,-0.083349,0.028742,0.186327,0.100685,-0.063849,-0.060394,0.016448,0.107216,0.044936,0.323202,0.310077,0.104567,0.286514,0.597619,0.148628,0.134910,0.055664,0.643741,0.779050
fire_total,fire_20181080480_2018,2018,2022,4,8,-0.014994,-0.015147,0.003542,0.033536,0.017483,-0.017511,-0.016077,0.009148,0.055331,0.035373,-0.016947,-0.018504,0.006082,0.044489,0.023775,-0.014252,-0.018900,0.055473,0.209207,0.192906,-0.077172,-0.072266,0.026137,0.185990,0.104143,-0.050359,-0.050103,0.015067,0.099172,0.048600,0.283293,0.260190,0.118882,0.341841,0.601226,0.110504,0.106601,0.059644,0.681405,0.784150
fire_total,fire_20181080480_2018,2018,2023,5,7,-0.014850,-0.012988,0.004758,0.031880,0.018845,-0.011412,-0.011212,0.006579,0.046345,0.034933,-0.017765,-0.015695,0.005968,0.038123,0.022117,-0.010092,-0.027635,0.060866,0.194818,0.172048,-0.084219,-0.085425,0.027968,0.177630,0.094195,-0.059152,-0.057662,0.018141,0.101703,0.044365,0.269813,0.263580,0.127891,0.299693,0.585290,0.107968,0.093396,0.066206,0.664003,0.760786
fire_total,fire_20181080480_2018,2018,2024,6,8,-0.015991,-0.016725,0.004115,0.034849,0.019306,-0.015489,-0.014102,0.007671,0.056561,0.039793,-0.017765,-0.017034,0.006028,0.043451,0.026807,-0.035853,-0.038710,0.046949,0.206705,0.171278,-0.088199,-0.080523,0.024762,0.187812,0.102720,-0.055825,-0.054466,0.019140,0.104913,0.048820,0.204988,0.212633,0.129408,0.346365,0.561226,0.072659,0.073635,0.076984,0.683927,0.741449
fire_total,fire_20181080480_2018,2018,2025,7,8,-0.015482,-0.015263,0.003883,0.034052,0.019491,-0.011633,-0.012992,0.005998,0.059242,0.047253,-0.016995,-0.016993,0.005973,0.044379,0.027796,-0.025369,-0.031285,0.047214,0.213112,0.183556,-0.091898,-0.084270,0.022849,0.182092,0.095446,-0.058678,-0.057552,0.018330,0.102679,0.044503,0.219941,0.220813,0.125322,0.375495,0.588776,0.078697,0.081854,0.072844,0.659333,0.744139
fire_total,fire_20201080318_2020,2020,2018,-2,1,-0.000302,-0.000302,,0.023231,0.022929,0.001636,0.001636,,0.046441,0.048077,-0.000715,-0.000715,,0.032320,0.031605,0.008622,0.008622,,0.242777,0.251399,-0.000096,-0.000096,,0.125889,0.125793,-0.002584,-0.002584,,0.059022,0.056438,0.023387,0.023387,,0.612475,0.635862,0.009886,0.009886,,0.764154,0.774040
fire_total,fire_20201080318_2020,2020,2019,-1,1,0.001691,0.001691,,0.022489,0.024180,0.000027,0.000027,,0.049439,0.049466,0.000949,0.000949,,0.031302,0.032251,0.009886,0.009886,,0.239808,0.249694,0.004840,0.004840,,0.122231,0.127071,0.001389,0.001389,,0.055571,0.056960,0.018808,0.018808,,0.616023,0.634831,0.004559,0.004559,,0.773445,0.778004
fire_total,fire_20201080318_2020,2020,2020,0,1,-0.004731,-0.004731,,0.025693,0.020962,0.011467,0.011467,,0.034603,0.046070,-0.018288,-0.018288,,0.043485,0.025197,0.144898,0.144898,,0.112592,0.257490,-0.048950,-0.048950,,0.168995,0.120045,-0.073618,-0.073618,,0.125408,0.051790,0.718827,0.718827,,-0.047337,0.671490,0.339705,0.339705,,0.479227,0.818932
fire_total,fire_20201080318_2020,2020,2022,2,1,-0.005472,-0.005472,,0.029762,0.024290,0.008483,0.008483,,0.047308,0.055791,-0.003685,-0.003685,,0.036555,0.032870,0.024613,0.024613,,0.251660,0.276273,-0.042144,-0.042144,,0.176173,0.134029,-0.046352,-0.046352,,0.106708,0.060356,0.222926,0.222926,,0.404571,0.627497,0.071881,0.071881,,0.703110,0.774991
fire_total,fire_20201080318_2020,2020,2024,4,1,-0.018164,-0.018164,,0.042014,0.023850,-0.009350,-0.009350,,0.059407,0.050057,-0.014534,-0.014534,,0.046414,0.031880,-0.013104,-0.013104,,0.237484,0.224380,-0.058258,-0.058258,,0.184491,0.126233,-0.043821,-0.043821,,0.099874,0.056053,0.195572,0.195572,,0.397796,0.593368,0.077867,0.077867,,0.686992,0.764859
fire_total,fire_20201080318_2020,2020,2025,5,1,-0.017875,-0.017875,,0.038755,0.020880,-0.013199,-0.013199,,0.060122,0.046923,-0.018109,-0.018109,,0.046386,0.028277,-0.010671,-0.010671,,0.245198,0.234527,-0.083477,-0.083477,,0.197059,0.113582,-0.053268,-0.053268,,0.106708,0.053440,0.224541,0.224541,,0.404306,0.628847,0.086453,0.086453,,0.677698,0.764151
fire_total,fire_20201080518_2020,2020,2017,-3,2,-0.002771,-0.002771,0.006952,0.022503,0.019731,0.000199,0.000199,0.022742,0.043953,0.044152,0.002585,0.002585,0.027068,0.034025,0.036610,0.086412,0.086412,0.000146,0.232272,0.318684,0.016101,0.016101,0.035293,0.134607,0.150707,-0.000041,-0.000041,0.021021,0.066599,0.066558,0.116785,0.116785,0.093175,0.545540,0.662325,0.060898,0.060898,0.144032,0.742058,0.802956
fire_total,fire_20201080518_2020,2020,2018,-2,2,-0.002296,-0.002296,0.003014,0.022654,0.020358,-0.006723,-0.006723,0.013475,0.048779,0.042056,-0.006256,-0.006256,0.013592,0.033654,0.027398,0.108034,0.108034,0.002819,0.231338,0.339372,0.026152,0.026152,0.006457,0.125532,0.151684,-0.001925,-0.001925,0.009761,0.062762,0.060838,0.123753,0.123753,0.022398,0.579046,0.702798,0.107218,0.107218,0.061811,0.747653,0.854872
fire_total,fire_20201080518_2020,2020,2019,-1,2,-0.000942,-0.000942,0.003821,0.020825,0.019883,-0.003046,-0.003046,0.013913,0.046606,0.043561,-0.003411,-0.003411,0.013262,0.031963,0.028552,0.090826,0.090826,0.034643,0.231688,0.322514,0.012871,0.012871,0.020671,0.128171,0.141041,-0.003822,-0.003822,0.009353,0.062652,0.058830,0.126817,0.126817,0.011565,0.574211,0.701029,0.084813,0.084813,0.062874,0.753279,0.838092
fire_total,fire_20201080518_2020,2020,2020,0,2,0.002777,0.002777,0.011220,0.028519,0.031296,0.021121,0.021121,0.026387,0.034348,0.055469,-0.002805,-0.002805,0.026699,0.041725,0.038920,0.249996,0.249996,0.021342,0.085835,0.335831,-0.018418,-0.018418,0.016771,0.170851,0.152433,-0.084858,-0.084858,0.017140,0.157053,0.072195,0.961491,0.961491,0.036307,-0.283696,0.677795,0.478837,0.478837,0.078618,0.337576,0.816413
fire_total,fire_20201080518_2020,2020,2021,1,2,-0.011977,-0.011977,0.004958,0.032004,0.020027,-0.003857,-0.003857,0.010860,0.045520,0.041663,-0.019897,-0.019897,0.009664,0.048573,0.028676,0.162546,0.162546,0.026184,0.140931,0.303477,-0.065456,-0.065456,0.007983,0.199341,0.133885,-0.092572,-0.092572,0.004230,0.150006,0.057434,0.705456,0.705456,0.045210,-0.017684,0.687771,0.336644,0.336644,0.001945,0.494389,0.831033
fire_total,fire_20201080518_2020,2020,2022,2,1,-0.011179,-0.011179,,0.031014,0.019835,-0.020021,-0.020021,,0.052808,0.032787,-0.021271,-0.021271,,0.041106,0.019835,0.045649,0.045649,,0.241733,0.287382,-0.060775,-0.060775,,0.191820,0.131045,-0.057928,-0.057928,,0.112441,0.054513,0.330895,0.330895,,0.357001,0.687896,0.166804,0.166804,,0.709559,0.876363
fire_total,fire_20201080518_2020,2020,2023,3,2,-0.023065,-0.023065,0.014925,0.046407,0.023342,-0.010999,-0.010999,0.009859,0.053639,0.042639,-0.026159,-0.026159,0.007108,0.058493,0.032334,0.195834,0.195834,0.013545,0.097398,0.293233,-0.032849,-0.032849,0.028235,0.176585,0.143736,-0.089444,-0.089444,0.017092,0.153320,0.063877,0.838137,0.838137,0.031587,-0.188217,0.649921,0.517346,0.517346,0.050286,0.289129,0.806474
fire_total,fire_20201080518_2020,2020,2024,4,2,-0.056670,-0.056670,0.019494,0.080610,0.023940,-0.053989,-0.053989,0.016791,0.099942,0.045953,-0.076271,-0.076271,0.030393,0.109264,0.032994,0.092888,0.092888,0.009460,0.205529,0.298417,-0.103470,-0.103470,0.038483,0.255181,0.151711,-0.150865,-0.150865,0.039551,0.218880,0.068015,0.659787,0.659787,0.030080,-0.028526,0.631261,0.493231,0.493231,0.042313,0.313370,0.806601
fire_total,fire_20201080518_2020,2020,2025,5,2,-0.049115,-0.049115,0.016256,0.070820,0.021705,-0.054739,-0.054739,0.018105,0.102019,0.047280,-0.077701,-0.077701,0.029265,0.108935,0.031234,0.057956,0.057956,0.009431,0.249048,0.307004,-0.112296,-0.112296,0.037822,0.260845,0.148549,-0.132742,-0.132742,0.036869,0.198791,0.066049,0.519074,0.519074,0.031767,0.128500,0.647574,0.411949,0.411949,0.043559,0.405019,0.816968
fire_total,fire_20211080077_2021,2021,2018,-3,1,-0.010835,-0.010835,,0.038067,0.027232,-0.015070,-0.015070,,0.070627,0.055557,-0.020419,-0.020419,,0.050786,0.030367,-0.005981,-0.005981,,0.393546,0.387565,-0.048222,-0.048222,,0.220544,0.172322,-0.040576,-0.040576,,0.109444,0.068868,0.112475,0.112475,,0.585015,0.697490,0.092146,0.092146,,0.761047,0.853193
fire_total,fire_20211080077_2021,2021,2019,-2,1,-0.015730,-0.015730,,0.040460,0.024730,-0.016761,-0.016761,,0.069651,0.052890,-0.027197,-0.027197,,0.056300,0.029103,-0.019484,-0.019484,,0.397974,0.378490,-0.031130,-0.031130,,0.206560,0.175430,-0.032739,-0.032739,,0.107546,0.074807,0.118149,0.118149,,0.555581,0.673730,0.127965,0.127965,,0.730720,0.858685
fire_total,fire_20211080077_2021,2021,2020,-1,1,-0.018906,-0.018906,,0.041395,0.022489,-0.024516,-0.024516,,0.068125,0.043609,-0.028627,-0.028627,,0.052821,0.024194,-0.029219,-0.029219,,0.376771,0.347552,-0.032147,-0.032147,,0.204030,0.171883,-0.030979,-0.030979,,0.100603,0.069624,0.088684,0.088684,,0.577553,0.666237,0.116753,0.116753,,0.753480,0.870233
fire_total,fire_20211080077_2021,2021,2022,1,1,-0.012622,-0.012622,,0.032705,0.020083,-0.024007,-0.024007,,0.068015,0.044008,-0.024641,-0.024641,,0.052038,0.027397,-0.026098,-0.026098,,0.362430,0.336332,-0.016281,-0.016281,,0.179968,0.163687,-0.026731,-0.026731,,0.094058,0.067327,0.081578,0.081578,,0.591882,0.673460,0.091165,0.091165,,0.760978,0.852143
fire_total,fire_20211080077_2021,2021,2023,2,1,-0.012733,-0.012733,,0.038288,0.025555,-0.025273,-0.025273,,0.072003,0.046730,-0.029219,-0.029219,,0.057950,0.028731,-0.016102,-0.016102,,0.355748,0.339646,-0.052717,-0.052717,,0.217697,0.164980,-0.043642,-0.043642,,0.114270,0.070628,0.143396,0.143396,,0.513763,0.657159,0.116389,0.116389,,0.729880,0.846269
fire_total,fire_20211080077_2021,2021,2024,3,1,-0.008443,-0.008443,,0.032238,0.023795,-0.025355,-0.025355,,0.070820,0.045465,-0.023568,-0.023568,,0.051735,0.028167,-0.043779,-0.043779,,0.335232,0.291453,-0.044633,-0.044633,,0.198008,0.153375,-0.033055,-0.033055,,0.101730,0.068675,0.079530,0.079530,,0.557035,0.636565,0.106968,0.106968,,0.731137,0.838105
fire_total,fire_20211080077_2021,2021,2025,4,1,-0.010835,-0.010835,,0.038700,0.027865,-0.024310,-0.024310,,0.078630,0.054320,-0.021299,-0.021299,,0.052615,0.031316,-0.029782,-0.029782,,0.376785,0.347003,-0.021560,-0.021560,,0.189428,0.167868,-0.021931,-0.021931,,0.094882,0.072951,0.063202,0.063202,,0.597672,0.660874,0.086697,0.086697,,0.759760,0.846457
fire_total,fire_20211080400_2021,2021,2018,-3,10,0.004407,0.004033,0.004304,0.020908,0.025315,0.006387,0.006622,0.004312,0.044825,0.050388,0.008601,0.007682,0.005876,0.027349,0.035633,0.041869,0.041073,0.032579,0.197189,0.244331,0.025602,0.023728,0.016785,0.096353,0.123613,0.009611,0.009295,0.009071,0.045974,0.057406,0.000240,0.003619,0.057389,0.622000,0.625490,-0.003521,-0.006686,0.046692,0.759669,0.750673
fire_total,fire_20211080400_2021,2021,2019,-2,10,0.002963,0.004509,0.004358,0.020708,0.024221,0.009268,0.008400,0.005624,0.041559,0.050889,0.008724,0.008192,0.007171,0.025871,0.034651,0.044681,0.053848,0.031532,0.196632,0.240543,0.030676,0.029990,0.016427,0.104549,0.132007,0.017600,0.014342,0.010759,0.047397,0.062893,-0.006479,-0.006608,0.061784,0.616132,0.616246,-0.009291,-0.003575,0.033925,0.762041,0.753059
fire_total,fire_20211080400_2021,2021,2020,-1,5,0.006009,0.006996,0.003972,0.021925,0.028140,0.010107,0.010775,0.006126,0.038604,0.052367,0.009405,0.010296,0.007919,0.022970,0.036486,0.069135,0.066811,0.020342,0.187723,0.246586,0.036933,0.043882,0.015047,0.089726,0.140203,0.015111,0.019932,0.007454,0.040350,0.061360,-0.031422,-0.029109,0.042592,0.631019,0.599597,-0.011394,0.001680,0.030501,0.761360,0.763186
fire_total,fire_20211080400_2021,2021,2021,0,3,-0.012705,-0.010977,0.004628,0.034066,0.021760,0.010450,0.008149,0.009883,0.038178,0.048628,-0.012705,-0.010033,0.011840,0.042839,0.030918,0.130378,0.118672,0.021066,0.084199,0.196688,-0.009625,-0.019094,0.019155,0.121833,0.104013,-0.071307,-0.068713,0.009189,0.113046,0.047940,0.774984,0.809393,0.086278,-0.139529,0.608057,0.426643,0.408827,0.044350,0.325796,0.752439
fire_total,fire_20211080400_2021,2021,2022,1,10,-0.007383,-0.008484,0.006540,0.027061,0.020378,0.005411,0.004486,0.009665,0.038955,0.046029,-0.015339,-0.015924,0.010291,0.043437,0.028759,0.108247,0.121279,0.044238,0.117625,0.221533,-0.047788,-0.052231,0.020369,0.164073,0.114738,-0.076891,-0.084519,0.020193,0.131974,0.048779,0.684422,0.696017,0.089271,-0.042994,0.640842,0.355312,0.341372,0.053394,0.433299,0.776836
fire_total,fire_20211080400_2021,2021,2023,2,7,-0.021917,-0.021318,0.006295,0.042797,0.020976,-0.007123,-0.003129,0.012521,0.051377,0.049975,-0.017256,-0.017060,0.012132,0.049095,0.029680,0.061146,0.080923,0.054962,0.155878,0.224435,-0.051287,-0.058380,0.030493,0.186815,0.116663,-0.069341,-0.076703,0.018691,0.140147,0.057290,0.533441,0.534023,0.104185,0.070235,0.615381,0.244054,0.245918,0.064187,0.517696,0.754747
fire_total,fire_20211080400_2021,2021,2024,3,10,-0.016679,-0.017858,0.005940,0.038844,0.021733,-0.004063,-0.005571,0.009866,0.051955,0.048518,-0.013097,-0.015362,0.010589,0.045527,0.031564,0.025596,0.041260,0.044140,0.194673,0.226278,-0.055475,-0.065799,0.025066,0.183233,0.122286,-0.061703,-0.067383,0.020855,0.118168,0.055942,0.352582,0.382291,0.102270,0.247477,0.613304,0.150459,0.160264,0.057935,0.631066,0.766294
fire_total,fire_20211080400_2021,2021,2025,4,10,-0.012864,-0.014523,0.005000,0.036115,0.023046,-0.002950,-0.002995,0.007707,0.055557,0.053275,-0.011124,-0.012789,0.008020,0.045520,0.034286,0.006957,0.016738,0.042179,0.232795,0.236508,-0.060521,-0.067140,0.019961,0.189648,0.124156,-0.053418,-0.058510,0.017180,0.111781,0.059105,0.247431,0.278052,0.090576,0.353299,0.614363,0.078407,0.091534,0.048851,0.678095,0.756650
fire_total,fire_20211080467_2021,2021,2018,-3,1,0.010986,0.010986,,0.019821,0.030807,-0.002200,-0.002200,,0.041697,0.039497,-0.003561,-0.003561,,0.028731,0.025170,0.049129,0.049129,,0.197856,0.246985,0.021065,0.021065,,0.101428,0.122493,0.005459,0.005459,,0.046441,0.051900,0.051564,0.051564,,0.619323,0.670887,0.068661,0.068661,,0.746371,0.815032
fire_total,fire_20211080467_2021,2021,2019,-2,1,-0.004015,-0.004015,,0.023616,0.019601,-0.009391,-0.009391,,0.047967,0.038576,-0.008113,-0.008113,,0.031055,0.022942,0.012843,0.012843,,0.226786,0.239629,-0.003369,-0.003369,,0.122795,0.119426,-0.004936,-0.004936,,0.055915,0.050979,0.046304,0.046304,,0.606900,0.653204,0.062099,0.062099,,0.771116,0.833215
fire_total,fire_20211080467_2021,2021,2022,1,1,-0.015208,-0.015208,,0.029570,0.014362,-0.010779,-0.010779,,0.038122,0.027343,-0.023815,-0.023815,,0.041849,0.018034,0.090159,0.090159,,0.105772,0.195931,-0.072160,-0.072160,,0.169435,0.097275,-0.092234,-0.092234,,0.137507,0.045273,0.764346,0.764346,,-0.125213,0.639133,0.366478,0.366478,,0.461094,0.827572
fire_total,fire_20211080467_2021,2021,2024,3,1,-0.028462,-0.028462,,0.046812,0.018350,-0.021904,-0.021904,,0.055750,0.033846,-0.031364,-0.031364,,0.054045,0.022681,0.043285,0.043285,,0.143668,0.186953,-0.069548,-0.069548,,0.182993,0.113445,-0.100526,-0.100526,,0.152426,0.051900,0.589400,0.589400,,-0.020033,0.569367,0.327780,0.327780,,0.465859,0.793639
fire_total,fire_20211080467_2021,2021,2025,4,1,-0.031075,-0.031075,,0.046345,0.015270,-0.021973,-0.021973,,0.055063,0.033090,-0.031047,-0.031047,,0.051460,0.020413,0.037070,0.037070,,0.161185,0.198255,-0.097103,-0.097103,,0.206450,0.109347,-0.101475,-0.101475,,0.148095,0.046620,0.586974,0.586974,,0.042324,0.629298,0.307552,0.307552,,0.516001,0.823553
fire_total,fire_20231080041_2023,2023,2020,-3,3,-0.041167,-0.040489,0.002463,0.060480,0.022007,-0.043422,-0.043230,0.002357,0.087210,0.043925,-0.070703,-0.071051,0.007157,0.097523,0.028938,-0.064131,-0.063938,0.044867,0.298988,0.234857,-0.214692,-0.210631,0.010805,0.342575,0.129698,-0.144952,-0.147015,0.010697,0.201830,0.056878,0.416519,0.412802,0.073994,0.193555,0.617407,0.256041,0.275886,0.052085,0.525113,0.793649
fire_total,fire_20231080041_2023,2023,2021,-2,1,-0.019538,-0.019538,,0.042632,0.023094,-0.027665,-0.027665,,0.076568,0.048903,-0.007315,-0.007315,,0.041175,0.033860,-0.209275,-0.209275,,0.448478,0.239203,-0.096153,-0.096153,,0.227982,0.131829,-0.037084,-0.037084,,0.095983,0.058899,-0.093297,-0.093297,,0.674572,0.581275,-0.089914,-0.089914,,0.835737,0.745823
fire_total,fire_20231080041_2023,2023,2022,-1,3,-0.003341,-0.003910,0.001033,0.024482,0.021141,-0.012980,-0.012618,0.002967,0.056919,0.041532,-0.004249,-0.005000,0.001672,0.032361,0.025995,-0.199155,-0.210288,0.024556,0.461224,0.222923,-0.043808,-0.045311,0.013305,0.161804,0.113885,-0.012086,-0.014635,0.005532,0.065842,0.052038,-0.098555,-0.104768,0.017704,0.741788,0.631060,-0.072611,-0.067887,0.014026,0.865054,0.803273
fire_total,fire_20231080041_2023,2023,2023,0,3,-0.002365,-0.002461,0.002800,0.025500,0.023135,-0.010161,-0.011500,0.002330,0.060095,0.048339,-0.002585,-0.003107,0.001408,0.032952,0.030615,-0.199994,-0.218318,0.040248,0.467645,0.235806,-0.036437,-0.034962,0.010596,0.166878,0.132667,-0.007192,-0.008342,0.005056,0.066530,0.059201,-0.150237,-0.133414,0.034728,0.752570,0.603782,-0.095167,-0.092152,0.017593,0.868591,0.778482
fire_total,fire_20231080041_2023,2023,2024,1,3,-0.006985,-0.009497,0.004566,0.028415,0.021182,-0.020075,-0.022623,0.004874,0.064055,0.041642,-0.014135,-0.015254,0.004184,0.042412,0.028277,-0.108845,-0.116783,0.041223,0.326625,0.218055,-0.077165,-0.078210,0.017980,0.195835,0.119715,-0.033138,-0.036823,0.010402,0.088558,0.055805,-0.046333,-0.029906,0.055541,0.644121,0.600557,0.008627,0.005465,0.009505,0.768206,0.781191
fire_total,fire_20231080041_2023,2023,2025,2,3,-0.023746,-0.023100,0.002423,0.044406,0.019491,-0.034306,-0.036112,0.004016,0.081449,0.042385,-0.043340,-0.047098,0.007162,0.074120,0.026078,-0.131381,-0.116847,0.036020,0.343854,0.227845,-0.134104,-0.129108,0.016872,0.241513,0.123620,-0.076986,-0.077105,0.009296,0.123565,0.054554,0.175598,0.178579,0.005934,0.468489,0.643216,0.144903,0.145582,0.017628,0.650748,0.792322
fire_total,fire_20231080044_2023,2023,2022,-1,1,-0.005101,-0.005101,,0.021182,0.016081,-0.019085,-0.019085,,0.051295,0.032210,-0.011729,-0.011729,,0.030120,0.018391,-0.190768,-0.190768,,0.440420,0.249652,-0.064584,-0.064584,,0.182800,0.118216,-0.024791,-0.024791,,0.076760,0.051969,-0.040983,-0.040983,,0.704324,0.663341,-0.003273,-0.003273,,0.870618,0.867345
fire_total,fire_20231080044_2023,2023,2024,1,1,-0.010766,-0.010766,,0.033406,0.022640,-0.016281,-0.016281,,0.061773,0.045492,-0.006077,-0.006077,,0.036802,0.030725,-0.250580,-0.250580,,0.491075,0.240495,-0.051494,-0.051494,,0.211194,0.159700,-0.011866,-0.011866,,0.090441,0.078575,-0.159350,-0.159350,,0.704240,0.544890,-0.099313,-0.099313,,0.871264,0.771951
fire_total,fire_20231080044_2023,2023,2025,2,1,-0.007879,-0.007879,,0.026435,0.018556,-0.017394,-0.017394,,0.067011,0.049617,-0.016060,-0.016060,,0.040570,0.024510,-0.227494,-0.227494,,0.496960,0.269466,-0.070827,-0.070827,,0.201198,0.130371,-0.031034,-0.031034,,0.089094,0.058060,-0.052577,-0.052577,,0.698046,0.645469,-0.009671,-0.009671,,0.850060,0.840389
fire_total,fire_20231080165_2023,2023,2020,-3,6,-0.002791,-0.004455,0.011960,0.022557,0.022681,0.002200,0.000199,0.016398,0.041140,0.046338,0.001602,-0.000809,0.018113,0.025424,0.030271,0.008395,0.013517,0.073803,0.211043,0.224098,0.006242,0.001811,0.037681,0.110503,0.117948,0.000742,-0.002567,0.028918,0.054485,0.059380,-0.010442,-0.014080,0.054381,0.583343,0.553302,-0.002800,-0.002222,0.043391,0.758312,0.737739
fire_total,fire_20231080165_2023,2023,2021,-2,10,-0.001945,-0.009464,0.018073,0.024242,0.022289,-0.003926,-0.008484,0.022162,0.042867,0.041354,-0.004805,-0.011611,0.025444,0.030003,0.028697,0.005919,0.011733,0.054857,0.205364,0.214975,0.008429,-0.008536,0.046932,0.113122,0.119618,0.003754,-0.014136,0.036982,0.053206,0.055949,0.066249,0.079411,0.120148,0.571264,0.571571,0.028248,0.074731,0.113031,0.738339,0.758058
fire_total,fire_20231080165_2023,2023,2022,-1,8,-0.000008,-0.009666,0.018633,0.021319,0.021430,-0.001588,-0.007298,0.023444,0.042123,0.041821,0.002606,-0.009480,0.027212,0.026888,0.028188,0.012959,0.017395,0.062010,0.211517,0.231523,0.005315,-0.007688,0.051380,0.121881,0.123964,0.003479,-0.015362,0.043467,0.054265,0.058095,0.022354,0.069575,0.128628,0.601388,0.599198,0.005655,0.057874,0.100426,0.764208,0.776257
fire_total,fire_20231080165_2023,2023,2023,0,9,-0.006779,-0.011827,0.011572,0.032485,0.023190,-0.004386,-0.006174,0.020193,0.042660,0.041986,-0.006614,-0.015745,0.021160,0.036170,0.027095,0.036341,0.045546,0.073190,0.165778,0.200799,-0.020624,-0.031363,0.036454,0.142320,0.113720,-0.038624,-0.043449,0.026367,0.098980,0.055283,0.280867,0.305799,0.098768,0.280772,0.578338,0.163539,0.182244,0.076257,0.607084,0.761569
fire_total,fire_20231080165_2023,2023,2024,1,10,-0.014624,-0.018835,0.011968,0.041162,0.026895,-0.007844,-0.011651,0.019617,0.059057,0.053935,-0.012004,-0.020393,0.020784,0.046792,0.035221,0.030649,0.028746,0.058462,0.203714,0.222613,-0.033337,-0.037332,0.037098,0.164960,0.132722,-0.035063,-0.045388,0.032952,0.098863,0.062804,0.235296,0.261209,0.114029,0.346630,0.565311,0.154333,0.172528,0.065342,0.604591,0.756282
fire_total,fire_20231080165_2023,2023,2025,2,10,-0.020667,-0.022410,0.009476,0.044550,0.024496,-0.023705,-0.026275,0.021233,0.082493,0.057895,-0.019560,-0.025550,0.018939,0.059422,0.037105,0.009055,0.002246,0.054783,0.228890,0.235318,-0.049857,-0.062161,0.040716,0.186169,0.126838,-0.038872,-0.050033,0.031881,0.104398,0.061112,0.207208,0.226031,0.092125,0.384439,0.588660,0.158123,0.150452,0.042354,0.577141,0.728219
fire_total,fire_20231080200_2023,2023,2020,-3,5,-0.004620,-0.004466,0.002999,0.026435,0.021980,-0.007205,-0.009501,0.009375,0.049370,0.038617,-0.004621,-0.005322,0.005654,0.028415,0.023025,-0.109876,-0.086908,0.083656,0.411696,0.307100,-0.031762,-0.025982,0.023881,0.162533,0.121970,-0.014424,-0.013508,0.009384,0.069706,0.053632,-0.010535,0.004053,0.052224,0.702564,0.712607,0.006593,-0.003491,0.025502,0.868874,0.862702
fire_total,fire_20231080200_2023,2023,2021,-2,3,-0.008222,-0.007833,0.003707,0.030395,0.019918,-0.012952,-0.008566,0.009883,0.054017,0.044997,-0.007164,-0.007503,0.005865,0.030395,0.027095,-0.056168,-0.022586,0.075935,0.343056,0.368494,-0.024103,-0.029727,0.012516,0.171291,0.149099,-0.017106,-0.016340,0.004103,0.072993,0.055887,-0.008260,0.022128,0.069829,0.643470,0.717748,-0.004566,0.001803,0.020917,0.824371,0.819805
fire_total,fire_20231080200_2023,2023,2022,-1,5,-0.005651,-0.004562,0.003268,0.023630,0.019753,-0.014121,-0.014773,0.005047,0.053880,0.037215,-0.010243,-0.011162,0.004579,0.031632,0.020550,-0.124754,-0.109879,0.057495,0.416137,0.283120,-0.049706,-0.047118,0.014083,0.171016,0.133520,-0.025465,-0.021717,0.008656,0.073102,0.051790,-0.002867,0.010179,0.039122,0.698923,0.714763,0.001796,0.010488,0.024224,0.860485,0.856183
fire_total,fire_20231080200_2023,2023,2023,0,5,-0.009941,-0.010346,0.003188,0.034080,0.020481,-0.016142,-0.017643,0.008730,0.059627,0.042316,-0.013488,-0.013530,0.005728,0.039387,0.025899,-0.136194,-0.111394,0.122917,0.437161,0.300967,-0.054023,-0.052775,0.020439,0.181205,0.123978,-0.030291,-0.030643,0.007743,0.083800,0.054733,0.038527,0.053056,0.084584,0.685011,0.721165,0.020861,0.018000,0.033342,0.847504,0.849982
fire_total,fire_20231080200_2023,2023,2024,1,5,-0.007150,-0.009350,0.006605,0.031027,0.021430,-0.017958,-0.017903,0.008011,0.058913,0.042852,-0.011550,-0.013948,0.010122,0.041546,0.029487,-0.171311,-0.139609,0.055657,0.385819,0.220062,-0.056554,-0.063797,0.034247,0.188630,0.126040,-0.023678,-0.029799,0.021166,0.088090,0.062213,-0.064052,-0.012584,0.096707,0.641727,0.578180,-0.021588,-0.002989,0.059629,0.812276,0.782261
fire_total,fire_20231080200_2023,2023,2025,2,5,-0.007549,-0.006770,0.002108,0.025692,0.019120,-0.015235,-0.015131,0.004639,0.059902,0.044942,-0.010271,-0.010670,0.005964,0.034396,0.026009,-0.125194,-0.103323,0.045634,0.366252,0.286475,-0.043766,-0.046626,0.022159,0.186155,0.123991,-0.024255,-0.023260,0.014607,0.084982,0.053632,0.009925,0.003907,0.067863,0.629897,0.660563,0.017820,0.002510,0.025710,0.825797,0.831584
fire_total,fire_20231080245_2023,2023,2022,-1,10,-0.002090,-0.001888,0.003618,0.019092,0.017545,0.001822,-0.000600,0.009066,0.039305,0.042501,-0.000289,-0.001834,0.006736,0.027831,0.028085,0.008023,0.005196,0.065395,0.220393,0.240702,0.005053,-0.002339,0.025133,0.118808,0.122548,-0.005019,-0.003589,0.012230,0.054025,0.054705,0.018019,0.030393,0.064348,0.611811,0.640053,0.012806,0.016289,0.035532,0.782441,0.792473
fire_total,fire_20231080245_2023,2023,2023,0,5,-0.001829,-0.002393,0.003142,0.023410,0.020687,0.009817,0.007766,0.004179,0.031330,0.042770,-0.006573,-0.005148,0.008753,0.031110,0.028071,0.132439,0.121338,0.049622,0.097055,0.216213,-0.002832,0.003075,0.023631,0.104191,0.118643,-0.035173,-0.031284,0.029864,0.090675,0.055502,0.470233,0.467711,0.280706,0.117944,0.615826,0.300707,0.243378,0.139323,0.491669,0.778921
fire_total,fire_20231080245_2023,2023,2024,1,10,-0.010408,-0.010924,0.005697,0.030546,0.021223,-0.000598,-0.004135,0.009841,0.048717,0.048133,-0.007810,-0.008382,0.006408,0.038755,0.033310,0.042398,0.038246,0.061899,0.192933,0.253681,-0.028085,-0.033524,0.026565,0.163584,0.132145,-0.038446,-0.041168,0.023770,0.103092,0.061683,0.321327,0.272070,0.167653,0.279709,0.599716,0.132356,0.118792,0.068261,0.640309,0.775226
fire_total,fire_20231080245_2023,2023,2025,2,10,-0.010231,-0.009879,0.006957,0.029179,0.020371,-0.004159,-0.006296,0.008349,0.052526,0.048036,-0.007507,-0.007884,0.008819,0.039112,0.032670,0.019195,0.018542,0.062946,0.224621,0.257194,-0.033289,-0.035460,0.030187,0.174193,0.134091,-0.033832,-0.035245,0.020120,0.099124,0.062900,0.187352,0.197827,0.116260,0.415438,0.616914,0.067424,0.076497,0.055875,0.701045,0.777244
fire_total,fire_20231080251_2023,2023,2020,-3,5,-0.002516,-0.000916,0.002995,0.018680,0.019739,-0.000660,-0.004254,0.008073,0.044640,0.042880,-0.001746,-0.004551,0.004517,0.027232,0.024744,0.008099,0.020617,0.063157,0.222757,0.233812,0.004854,0.010453,0.037635,0.112647,0.122767,0.001389,0.004029,0.017430,0.050057,0.052766,-0.008011,-0.007544,0.038214,0.634230,0.638835,0.041553,0.043412,0.027750,0.777607,0.795185
fire_total,fire_20231080251_2023,2023,2021,-2,5,0.004345,0.001532,0.004593,0.017360,0.021705,0.000618,-0.001252,0.005775,0.038288,0.041175,0.000798,-0.000418,0.003224,0.024152,0.026201,0.000921,0.022094,0.066892,0.202710,0.212473,0.005665,0.014740,0.035211,0.094828,0.113871,0.004785,0.007717,0.012295,0.042467,0.049769,-0.012322,-0.020180,0.031805,0.661262,0.647700,0.002334,0.023666,0.044131,0.765203,0.778113
fire_total,fire_20231080251_2023,2023,2022,-1,5,0.001430,0.001202,0.002958,0.016260,0.018405,0.001320,-0.002010,0.005229,0.033255,0.034575,-0.000468,-0.001441,0.004391,0.019423,0.020907,0.019498,0.022077,0.062231,0.187640,0.209448,0.007672,0.019574,0.031904,0.095542,0.110695,0.006216,0.008231,0.011719,0.043430,0.046400,-0.034790,-0.039909,0.033383,0.678472,0.631207,0.019087,0.027913,0.027276,0.792605,0.811110
fire_total,fire_20231080251_2023,2023,2023,0,5,-0.005500,-0.007950,0.008026,0.029460,0.022722,-0.002365,-0.006058,0.009228,0.041629,0.039264,-0.016857,-0.017141,0.011980,0.039896,0.025569,0.076656,0.076161,0.048572,0.136490,0.216611,-0.008759,-0.013318,0.056668,0.123249,0.119825,-0.028037,-0.029282,0.036479,0.080473,0.052849,0.330378,0.284089,0.114491,0.268984,0.607799,0.183594,0.198052,0.039273,0.541276,0.774788
fire_total,fire_20231080251_2023,2023,2024,1,5,-0.007480,-0.005976,0.003739,0.030972,0.025252,-0.001429,-0.004633,0.007631,0.042577,0.041148,-0.010395,-0.011024,0.004770,0.038810,0.028443,0.069974,0.057200,0.067964,0.144066,0.222125,-0.037291,-0.028771,0.044065,0.151588,0.116470,-0.041951,-0.033828,0.024094,0.095419,0.053468,0.285252,0.297805,0.079133,0.327035,0.601903,0.194500,0.179304,0.065614,0.594142,0.788019
fire_total,fire_20231080251_2023,2023,2025,2,5,-0.006119,-0.006339,0.001452,0.030642,0.022901,-0.001788,-0.003963,0.007101,0.046730,0.044942,-0.008580,-0.010180,0.003090,0.037297,0.028057,0.046929,0.037898,0.085145,0.176337,0.225205,-0.051494,-0.036352,0.036533,0.164210,0.114284,-0.040906,-0.034292,0.015586,0.092847,0.053261,0.307095,0.246636,0.100498,0.349305,0.622081,0.134475,0.122396,0.091092,0.655944,0.790419
fire_total,fire_20231080256_2023,2023,2020,-3,9,-0.001925,-0.000952,0.005118,0.020674,0.019202,-0.004167,-0.003221,0.003744,0.039896,0.036857,-0.000220,-0.001141,0.005003,0.023465,0.023080,-0.002749,0.014464,0.082412,0.274870,0.319393,-0.004593,-0.003392,0.025462,0.123537,0.122135,-0.001595,-0.001635,0.008794,0.051405,0.049810,0.004320,0.014652,0.058117,0.713165,0.722246,0.016232,0.019429,0.044905,0.832613,0.868685
fire_total,fire_20231080256_2023,2023,2021,-2,10,-0.000584,-0.001178,0.002858,0.020474,0.019835,-0.003238,-0.003330,0.003480,0.040557,0.036555,-0.002221,-0.002534,0.002891,0.025459,0.022709,0.029218,0.022588,0.046524,0.229812,0.261622,0.003623,0.005229,0.018910,0.108275,0.116318,-0.001120,0.000259,0.005673,0.046345,0.045940,0.016655,0.020573,0.038512,0.677221,0.707447,0.021605,0.028180,0.038595,0.799838,0.836236
fire_total,fire_20231080256_2023,2023,2022,-1,10,0.000715,0.001209,0.003441,0.014912,0.015683,-0.001973,-0.001451,0.003374,0.029763,0.028793,-0.000694,-0.000730,0.002291,0.019643,0.019058,0.026592,0.031372,0.050359,0.186952,0.238411,0.005830,0.006219,0.019129,0.107767,0.118409,0.000152,0.000411,0.006496,0.047685,0.049199,0.038995,0.049138,0.046395,0.599355,0.652813,0.016197,0.034685,0.043704,0.818617,0.847069
fire_total,fire_20231080274_2023,2023,2020,-3,9,0.000412,-0.001444,0.003814,0.024510,0.022681,-0.001018,-0.000941,0.005471,0.044777,0.045204,0.001072,-0.001574,0.005682,0.031935,0.030849,0.006737,0.007213,0.031461,0.222373,0.235572,-0.005651,-0.002186,0.016359,0.128873,0.124761,0.001265,-0.000315,0.006519,0.062391,0.059875,0.034718,0.024621,0.034390,0.555922,0.590216,0.024607,0.022885,0.012542,0.741558,0.765918
fire_total,fire_20231080274_2023,2023,2021,-2,9,-0.001623,-0.001280,0.003664,0.025431,0.025032,-0.003699,-0.001809,0.007132,0.049219,0.045492,-0.004318,-0.002713,0.007903,0.034548,0.031137,-0.016115,-0.004739,0.040076,0.228189,0.219774,0.001032,-0.003705,0.016187,0.126397,0.123455,-0.000179,-0.001965,0.006713,0.060411,0.059146,0.002364,0.007194,0.039198,0.575951,0.567441,0.013083,0.016645,0.020656,0.731802,0.751975
fire_total,fire_20231080274_2023,2023,2022,-1,9,0.001897,0.001450,0.002962,0.021320,0.024235,-0.002751,-0.002632,0.005310,0.049233,0.046139,-0.001498,-0.001821,0.004379,0.034328,0.030340,0.011523,0.011162,0.034215,0.238322,0.249845,0.014809,0.012590,0.013538,0.125435,0.138167,0.004786,0.003583,0.007015,0.060012,0.064275,-0.002632,0.010320,0.030931,0.596486,0.597356,0.010584,0.015234,0.020215,0.766561,0.779364
fire_total,fire_20231080297_2023,2023,2023,0,2,-0.021657,-0.021657,0.009470,0.041320,0.019663,-0.002661,-0.002661,0.011095,0.041402,0.038741,-0.015799,-0.015799,0.015595,0.041567,0.025768,0.109821,0.109821,0.033601,0.071913,0.181734,-0.035426,-0.035426,0.044520,0.128082,0.092655,-0.087058,-0.087058,0.014943,0.130866,0.043808,0.903497,0.903497,0.078124,-0.283191,0.620306,0.471030,0.471030,0.041524,0.271097,0.742126
fire_total,fire_20231080297_2023,2023,2024,1,10,-0.020426,-0.020255,0.003065,0.045108,0.024833,-0.012636,-0.013018,0.007858,0.054712,0.039518,-0.019277,-0.020763,0.006274,0.047988,0.028257,0.007465,0.020170,0.056527,0.154496,0.172529,-0.066495,-0.067127,0.013313,0.169648,0.105615,-0.074423,-0.073603,0.016482,0.131004,0.049851,0.508157,0.459352,0.194633,0.071945,0.580910,0.219516,0.206790,0.112264,0.503931,0.727126
fire_total,fire_20231080297_2023,2023,2025,2,10,-0.027603,-0.027479,0.005328,0.046627,0.018790,-0.020433,-0.021051,0.007837,0.057627,0.037214,-0.023636,-0.023074,0.006219,0.046682,0.023094,-0.028305,-0.025443,0.062640,0.208168,0.185048,-0.089898,-0.089814,0.019534,0.180229,0.094243,-0.066186,-0.068734,0.012649,0.107828,0.041642,0.313896,0.326004,0.138024,0.293122,0.649248,0.119677,0.139004,0.091800,0.621979,0.759043
fire_total,fire_20231080314_2023,2023,2020,-3,10,-0.000034,-0.001129,0.005737,0.020426,0.018625,0.001493,-0.001331,0.008014,0.032560,0.033289,0.000680,-0.000520,0.004671,0.020846,0.020770,0.000495,-0.023716,0.096475,0.236851,0.210417,0.005211,-0.010003,0.042009,0.114854,0.099557,0.003073,-0.003384,0.018218,0.046813,0.044028,-0.006485,-0.008929,0.039383,0.665639,0.661952,0.001685,-0.001165,0.035895,0.836394,0.824414
fire_total,fire_20231080314_2023,2023,2021,-2,10,-0.000838,-0.002687,0.006654,0.019697,0.018000,-0.000592,-0.004331,0.009106,0.034245,0.032506,0.000226,-0.002727,0.007282,0.021746,0.020543,-0.004888,-0.027253,0.083935,0.214934,0.188266,-0.002709,-0.018007,0.048101,0.101579,0.094367,-0.000488,-0.009230,0.023360,0.045266,0.043011,0.008760,0.009713,0.048976,0.642453,0.642522,0.011021,-0.003064,0.043927,0.809540,0.809004
fire_total,fire_20231080314_2023,2023,2022,-1,10,0.000674,0.000592,0.004181,0.015558,0.015435,0.000605,-0.002322,0.010906,0.029261,0.028119,-0.000556,-0.001716,0.007528,0.018982,0.018920,-0.000371,-0.035058,0.101198,0.209674,0.172192,0.003108,-0.019389,0.052698,0.106137,0.096979,-0.000783,-0.008576,0.022698,0.047637,0.043691,-0.008470,-0.005803,0.040891,0.607525,0.595683,-0.011499,-0.015365,0.045046,0.824709,0.805342
fire_total,fire_20231080315_2023,2023,2020,-3,1,-0.004207,-0.004207,,0.020687,0.016480,-0.008112,-0.008112,,0.046042,0.037930,-0.008497,-0.008497,,0.029982,0.021485,-0.044797,-0.044797,,0.220942,0.176145,-0.033688,-0.033688,,0.106295,0.072607,-0.017380,-0.017380,,0.047830,0.030450,0.067245,0.067245,,0.637975,0.705220,0.021550,0.021550,,0.761024,0.782574
fire_total,fire_20231080315_2023,2023,2021,-2,1,-0.006174,-0.006174,,0.023383,0.017209,-0.005982,-0.005982,,0.052258,0.046276,-0.008209,-0.008209,,0.034080,0.025871,-0.058699,-0.058699,,0.241595,0.182896,-0.035063,-0.035063,,0.127470,0.092407,-0.019044,-0.019044,,0.059655,0.040611,0.029447,0.029447,,0.603950,0.633397,0.000699,0.000699,,0.752752,0.753451
fire_total,fire_20231080315_2023,2023,2022,-1,1,-0.005033,-0.005033,,0.019615,0.014582,-0.013971,-0.013971,,0.044173,0.030202,-0.008717,-0.008717,,0.028222,0.019505,-0.065381,-0.065381,,0.220351,0.154970,-0.030552,-0.030552,,0.106020,0.075468,-0.014726,-0.014726,,0.048751,0.034025,0.011789,0.011789,,0.650233,0.662022,0.003613,0.003613,,0.767203,0.770816
fire_total,fire_20231080315_2023,2023,2023,0,1,-0.031900,-0.031900,,0.051405,0.019505,-0.019442,-0.019442,,0.063092,0.043650,-0.046172,-0.046172,,0.072277,0.026105,0.026524,0.026524,,0.152797,0.179321,-0.103826,-0.103826,,0.194487,0.090661,-0.123928,-0.123928,,0.163247,0.039319,0.696557,0.696557,,-0.042957,0.653600,0.372844,0.372844,,0.368617,0.741461
fire_total,fire_20231080315_2023,2023,2024,1,1,-0.019580,-0.019580,,0.037957,0.018377,-0.023087,-0.023087,,0.056809,0.033722,-0.028875,-0.028875,,0.053000,0.024125,-0.044742,-0.044742,,0.201005,0.156263,-0.103799,-0.103799,,0.188809,0.085010,-0.086116,-0.086116,,0.126521,0.040405,0.356245,0.356245,,0.233394,0.589639,0.164512,0.164512,,0.569205,0.733717
fire_total,fire_20231080315_2023,2023,2025,2,1,-0.013296,-0.013296,,0.030876,0.017580,-0.015689,-0.015689,,0.053564,0.037875,-0.017627,-0.017627,,0.040872,0.023245,-0.077316,-0.077316,,0.241746,0.164430,-0.086529,-0.086529,,0.167881,0.081352,-0.059427,-0.059427,,0.097495,0.038068,0.201409,0.201409,,0.429242,0.630651,0.031108,0.031108,,0.721177,0.752285
fire_total,fire_20231080344_2023,2023,2021,-2,1,-0.000577,-0.000577,,0.022406,0.021829,-0.011922,-0.011922,,0.049728,0.037806,-0.006367,-0.006367,,0.030904,0.024537,-0.059427,-0.059427,,0.305257,0.245830,-0.001719,-0.001719,,0.145455,0.143736,0.000248,0.000248,,0.061497,0.061745,-0.068186,-0.068186,,0.665083,0.596897,-0.000061,-0.000061,,0.816294,0.816233
fire_total,fire_20231080429_2023,2023,2022,-1,1,-0.004785,-0.004785,,0.017085,0.012300,0.001540,0.001540,,0.027590,0.029130,0.004042,0.004042,,0.017003,0.021045,0.038308,0.038308,,0.151587,0.189895,0.013805,0.013805,,0.077722,0.091527,0.009570,0.009570,,0.033200,0.042770,-0.007887,-0.007887,,0.665957,0.658070,0.015789,0.015789,,0.798298,0.814087
fire_total,fire_20231080429_2023,2023,2024,1,1,-0.009844,-0.009844,,0.029542,0.019698,-0.006463,-0.006463,,0.043953,0.037490,-0.020048,-0.020048,,0.043925,0.023877,0.052167,0.052167,,0.149168,0.201335,-0.053116,-0.053116,,0.159356,0.106240,-0.048097,-0.048097,,0.102720,0.054623,0.388934,0.388934,,0.185491,0.574425,0.236314,0.236314,,0.552339,0.788653
fire_total,fire_20231080429_2023,2023,2025,2,1,-0.009762,-0.009762,,0.026765,0.017003,-0.008470,-0.008470,,0.044832,0.036362,-0.015978,-0.015978,,0.037435,0.021457,0.034925,0.034925,,0.174440,0.209365,-0.067760,-0.067760,,0.169490,0.101730,-0.049198,-0.049198,,0.098430,0.049232,0.349860,0.349860,,0.266389,0.616249,0.167447,0.167447,,0.646631,0.814078
harvest_total,harvest_2002_01683,2002,1999,-3,2,0.002200,0.002200,0.000330,0.017745,0.019945,-0.001135,-0.001135,0.005221,0.036369,0.035235,0.001285,0.001285,0.002596,0.023128,0.024413,0.045657,0.045657,0.011328,0.253015,0.298671,0.005940,0.005940,0.011297,0.136174,0.142114,0.002330,0.002330,0.006426,0.053475,0.055804,0.039499,0.039499,0.031588,0.653304,0.692802,0.014852,0.014852,0.009227,0.832009,0.846861
harvest_total,harvest_2002_01683,2002,2001,-1,2,-0.002021,-0.002021,0.000136,0.019848,0.017828,-0.003175,-0.003175,0.003092,0.040954,0.037779,-0.002049,-0.002049,0.004026,0.022159,0.020110,0.029150,0.029150,0.033407,0.286420,0.315570,-0.002736,-0.002736,0.015030,0.144107,0.141372,-0.008415,-0.008415,0.015013,0.058830,0.050415,0.068042,0.068042,0.062286,0.649595,0.717637,0.022703,0.022703,0.036647,0.845900,0.868602
harvest_total,harvest_2002_01683,2002,2002,0,2,-0.001822,-0.001822,0.002927,0.021574,0.019752,-0.003534,-0.003534,0.002353,0.039718,0.036184,-0.004345,-0.004345,0.004239,0.023637,0.019292,0.051177,0.051177,0.000797,0.291480,0.342658,0.009329,0.009329,0.002576,0.143853,0.153182,0.002220,0.002220,0.008391,0.059724,0.061944,0.034102,0.034102,0.039929,0.668490,0.702592,0.036890,0.036890,0.012579,0.850637,0.887526
harvest_total,harvest_2002_01683,2002,2003,1,1,-0.004620,-0.004620,,0.030354,0.025734,-0.002626,-0.002626,,0.047857,0.045231,-0.020323,-0.020323,,0.046400,0.026077,0.094036,0.094036,,0.249804,0.343840,-0.035640,-0.035640,,0.186031,0.150391,-0.039806,-0.039806,,0.098595,0.058789,0.267999,0.267999,,0.438123,0.706122,0.173592,0.173592,,0.685417,0.859009
harvest_total,harvest_2002_01683,2002,2004,2,2,-0.011626,-0.011626,0.001332,0.032100,0.020474,-0.013523,-0.013523,0.006466,0.052161,0.038638,-0.017545,-0.017545,0.001887,0.042275,0.024730,0.055990,0.055990,0.012698,0.268559,0.324549,-0.056575,-0.056575,0.019105,0.188603,0.132028,-0.047561,-0.047561,0.009294,0.099578,0.052017,0.246206,0.246206,0.038807,0.475035,0.721240,0.133508,0.133508,0.036044,0.726892,0.860399
harvest_total,harvest_2002_01683,2002,2005,3,2,-0.005349,-0.005349,0.005385,0.029460,0.024111,-0.007294,-0.007294,0.005143,0.051137,0.043842,-0.007452,-0.007452,0.002469,0.032354,0.024902,-0.027548,-0.027548,0.023169,0.359418,0.331870,-0.065092,-0.065092,0.017502,0.205804,0.140711,-0.035826,-0.035826,0.014069,0.091706,0.055880,0.105605,0.105605,0.008526,0.595453,0.701058,0.018558,0.018558,0.012257,0.840086,0.858644
harvest_total,harvest_2002_01683,2002,2006,4,2,-0.006738,-0.006738,0.002449,0.028112,0.021374,-0.009446,-0.009446,0.002820,0.048036,0.038590,-0.005734,-0.005734,0.000914,0.030849,0.025115,-0.024406,-0.024406,0.022499,0.344417,0.320011,-0.034526,-0.034526,0.015692,0.176928,0.142402,-0.017284,-0.017284,0.004181,0.074574,0.057290,0.030280,0.030280,0.009680,0.659054,0.689334,0.018451,0.018451,0.002375,0.836849,0.855300
harvest_total,harvest_2002_01683,2002,2007,5,2,-0.000695,-0.000695,0.001331,0.023472,0.022777,-0.006944,-0.006944,0.004084,0.048772,0.041828,-0.006421,-0.006421,0.002916,0.032196,0.025775,-0.046867,-0.046867,0.041350,0.389965,0.343097,-0.047362,-0.047362,0.004813,0.194467,0.147105,-0.019711,-0.019711,0.004793,0.076079,0.056369,0.037685,0.037685,0.000962,0.677755,0.715440,0.004234,0.004234,0.020794,0.849780,0.854013
harvest_total,harvest_2002_01683,2002,2008,6,2,-0.001815,-0.001815,0.000875,0.020701,0.018886,-0.005727,-0.005727,0.005513,0.039442,0.033716,-0.004173,-0.004173,0.003801,0.023781,0.019608,-0.061875,-0.061875,0.065317,0.355225,0.293350,-0.047493,-0.047493,0.032202,0.182277,0.134785,-0.018955,-0.018955,0.008721,0.072814,0.053859,0.015925,0.015925,0.015800,0.670710,0.686635,-0.003306,-0.003306,0.044416,0.874350,0.871044
harvest_total,harvest_2002_01683,2002,2011,9,1,-0.004509,-0.004509,,0.027562,0.023053,-0.011193,-0.011193,,0.050745,0.039552,-0.012677,-0.012677,,0.033667,0.020990,-0.113080,-0.113080,,0.444105,0.331025,-0.066742,-0.066742,,0.204360,0.137618,-0.025136,-0.025136,,0.080143,0.055007,0.013754,0.013754,,0.703759,0.717513,0.002440,0.002440,,0.864290,0.866730
harvest_total,harvest_2002_01683,2002,2012,10,2,0.000453,0.000453,0.001497,0.013262,0.013716,-0.008470,-0.008470,0.002956,0.033489,0.025019,-0.004977,-0.004977,0.001206,0.018089,0.013111,-0.133829,-0.133829,0.008576,0.446305,0.312476,-0.051575,-0.051575,0.001730,0.176351,0.124776,-0.016033,-0.016033,0.001711,0.066599,0.050566,-0.019014,-0.019014,0.010484,0.740500,0.721486,-0.002717,-0.002717,0.001892,0.922024,0.919307
harvest_total,harvest_2002_01683,2002,2013,11,2,0.001326,0.001326,0.000282,0.022165,0.023492,-0.000777,-0.000777,0.002984,0.041732,0.040955,0.003094,0.003094,0.003947,0.018103,0.021197,-0.116380,-0.116380,0.048089,0.443720,0.327340,-0.044309,-0.044309,0.002459,0.178420,0.134111,-0.019402,-0.019402,0.001109,0.074519,0.055117,-0.014881,-0.014881,0.020924,0.727759,0.712878,-0.023533,-0.023533,0.020411,0.902904,0.879371
harvest_total,harvest_2002_01683,2002,2014,12,2,-0.003368,-0.003368,0.004064,0.026105,0.022736,-0.013001,-0.013001,0.004229,0.049859,0.036857,-0.007432,-0.007432,0.002538,0.028725,0.021293,-0.113410,-0.113410,0.011783,0.442579,0.329169,-0.045939,-0.045939,0.003209,0.180174,0.134235,-0.014706,-0.014706,0.005940,0.070249,0.055543,-0.006515,-0.006515,0.050897,0.724773,0.718258,-0.000533,-0.000533,0.011828,0.889234,0.888701
harvest_total,harvest_2002_01683,2002,2015,13,2,-0.006675,-0.006675,0.000069,0.026517,0.019842,-0.005658,-0.005658,0.001856,0.042509,0.036851,-0.002461,-0.002461,0.000098,0.025211,0.022750,-0.080259,-0.080259,0.027359,0.380869,0.300610,-0.043547,-0.043547,0.004842,0.169298,0.125751,-0.014610,-0.014610,0.001020,0.065306,0.050697,-0.001628,-0.001628,0.022200,0.719837,0.718209,-0.019140,-0.019140,0.011559,0.879458,0.860318
harvest_total,harvest_2002_01683,2002,2016,14,1,-0.006765,-0.006765,,0.032100,0.025335,-0.011522,-0.011522,,0.050992,0.039470,-0.010643,-0.010643,,0.032815,0.022172,-0.130488,-0.130488,,0.451558,0.321070,-0.039902,-0.039902,,0.179802,0.139900,-0.010258,-0.010258,,0.070958,0.060700,-0.028269,-0.028269,,0.705558,0.677289,0.004165,0.004165,,0.864505,0.868670
harvest_total,harvest_2002_01683,2002,2017,15,2,-0.007308,-0.007308,0.002772,0.027995,0.020687,-0.005384,-0.005384,0.000204,0.053571,0.048187,-0.004998,-0.004998,0.000808,0.029535,0.024537,-0.101117,-0.101117,0.024346,0.416385,0.315268,-0.039937,-0.039937,0.002635,0.169854,0.129917,-0.017682,-0.017682,0.001245,0.071947,0.054266,-0.007941,-0.007941,0.048788,0.713024,0.705083,-0.014898,-0.014898,0.026390,0.878790,0.863892
harvest_total,harvest_2002_01683,2002,2018,16,1,-0.008333,-0.008333,,0.026188,0.017855,-0.004070,-0.004070,,0.039250,0.035180,-0.002970,-0.002970,,0.020550,0.017580,-0.064130,-0.064130,,0.400133,0.336003,-0.044935,-0.044935,,0.176640,0.131705,-0.014768,-0.014768,,0.065568,0.050800,0.017160,0.017160,,0.718413,0.735573,-0.001304,-0.001304,,0.901865,0.900561
harvest_total,harvest_2002_01683,2002,2019,17,1,-0.005995,-0.005995,,0.025445,0.019450,-0.002873,-0.002873,,0.040666,0.037793,-0.003933,-0.003933,,0.022640,0.018707,-0.034664,-0.034664,,0.341489,0.306825,-0.028050,-0.028050,,0.152495,0.124445,-0.011605,-0.011605,,0.059710,0.048105,0.016685,0.016685,,0.719582,0.736267,0.007087,0.007087,,0.883908,0.890995
harvest_total,harvest_2002_01683,2002,2020,18,2,-0.008992,-0.008992,0.006846,0.028553,0.019560,-0.009480,-0.009480,0.009286,0.040178,0.030697,-0.001933,-0.001933,0.001507,0.021987,0.020054,-0.080843,-0.080843,0.027719,0.383269,0.302425,-0.023472,-0.023472,0.011531,0.161116,0.137645,-0.008868,-0.008868,0.005737,0.063230,0.054362,-0.033110,-0.033110,0.029556,0.715682,0.682572,-0.018172,-0.018172,0.021053,0.891531,0.873359
harvest_total,harvest_2002_01683,2002,2021,19,2,-0.001663,-0.001663,0.003656,0.022262,0.020598,-0.005390,-0.005390,0.006067,0.039924,0.034533,-0.002097,-0.002097,0.005630,0.022055,0.019959,-0.075385,-0.075385,0.006486,0.345305,0.269919,-0.018968,-0.018968,0.021360,0.145379,0.126411,-0.005444,-0.005444,0.012290,0.057179,0.051735,-0.021940,-0.021940,0.049930,0.717792,0.695852,-0.024022,-0.024022,0.028334,0.885331,0.861309
harvest_total,harvest_2002_01683,2002,2022,20,2,0.000028,0.000028,0.005755,0.022928,0.022956,-0.000776,-0.000776,0.004035,0.041264,0.040488,0.001403,0.001403,0.002761,0.020838,0.022241,-0.077495,-0.077495,0.000428,0.380552,0.303057,-0.013963,-0.013963,0.016771,0.154069,0.140106,-0.000653,-0.000653,0.010083,0.058411,0.057758,-0.055824,-0.055824,0.050706,0.733791,0.677968,-0.037175,-0.037175,0.019793,0.896504,0.859328
harvest_total,harvest_2002_01683,2002,2023,21,2,-0.003039,-0.003039,0.005231,0.026710,0.023671,-0.002007,-0.002007,0.008381,0.042234,0.040226,-0.000220,-0.000220,0.006884,0.023960,0.023740,-0.085243,-0.085243,0.018171,0.374777,0.289535,-0.013454,-0.013454,0.023052,0.150459,0.137006,-0.000090,-0.000090,0.012804,0.057662,0.057571,-0.055027,-0.055027,0.053291,0.723877,0.668851,-0.035374,-0.035374,0.021126,0.882241,0.846867
harvest_total,harvest_2002_01683,2002,2024,22,2,0.000866,0.000866,0.002936,0.025953,0.026819,0.005872,0.005872,0.005853,0.038398,0.044269,0.004579,0.004579,0.005542,0.025541,0.030120,-0.045018,-0.045018,0.038268,0.312257,0.267239,-0.008333,-0.008333,0.017034,0.153939,0.145606,0.005968,0.005968,0.009178,0.061153,0.067122,-0.083761,-0.083761,0.028246,0.702259,0.618497,-0.079966,-0.079966,0.008652,0.868503,0.788537
harvest_total,harvest_2002_01683,2002,2025,23,2,0.003960,0.003960,0.001283,0.021581,0.025541,-0.002282,-0.002282,0.002217,0.050457,0.048174,0.000509,0.000509,0.003753,0.026819,0.027328,-0.040521,-0.040521,0.009664,0.350234,0.309713,-0.009391,-0.009391,0.018414,0.150666,0.141275,0.003121,0.003121,0.009042,0.060026,0.063147,-0.064566,-0.064566,0.026611,0.722086,0.657520,-0.023943,-0.023943,0.035775,0.864139,0.840197
harvest_total,harvest_2003_00176,2003,2000,-3,9,0.006009,0.005998,0.006379,0.026545,0.031962,0.008539,0.010054,0.008946,0.042289,0.052175,0.011784,0.009819,0.008877,0.031220,0.038549,0.024695,0.033877,0.055819,0.198640,0.219911,0.015909,0.019077,0.027104,0.092971,0.111946,0.006806,0.008499,0.011914,0.043155,0.053811,-0.005122,-0.005044,0.026909,0.620268,0.624288,-0.026631,-0.024727,0.035386,0.722311,0.705655
harvest_total,harvest_2003_00176,2003,2001,-2,10,0.001581,0.001586,0.003798,0.018446,0.019375,0.006641,0.005679,0.006147,0.034162,0.037091,0.004469,0.004667,0.008138,0.021285,0.025060,0.038603,0.039551,0.054158,0.190507,0.229110,0.030450,0.025662,0.029953,0.090269,0.122438,0.013915,0.013340,0.014728,0.034451,0.051983,-0.024836,-0.026704,0.046552,0.661089,0.641068,-0.004380,0.000219,0.036359,0.787116,0.775435
harvest_total,harvest_2003_00176,2003,2002,-1,10,0.003568,0.003275,0.006338,0.018267,0.021609,0.007577,0.007733,0.008586,0.033241,0.040777,0.006455,0.005790,0.009057,0.021774,0.027432,0.034732,0.037076,0.076124,0.200138,0.245142,0.021202,0.022791,0.034840,0.091335,0.117948,0.012161,0.009199,0.015982,0.038755,0.052732,0.001417,-0.007004,0.035602,0.663911,0.646256,-0.005579,-0.010666,0.032913,0.798357,0.779411
harvest_total,harvest_2003_00176,2003,2003,0,1,0.002750,0.002750,,0.025500,0.028250,0.011963,0.011963,,0.047500,0.059463,0.012307,0.012307,,0.027232,0.039539,0.102547,0.102547,,0.228973,0.331520,0.041277,0.041277,,0.100548,0.141825,0.024022,0.024022,,0.042907,0.066929,-0.027444,-0.027444,,0.691997,0.664553,0.028701,0.028701,,0.755385,0.784086
harvest_total,harvest_2003_00176,2003,2004,1,1,0.004290,0.004290,,0.025775,0.030065,0.016886,0.016886,,0.030422,0.047308,0.001897,0.001897,,0.026105,0.028002,0.139150,0.139150,,0.067520,0.206670,0.037950,0.037950,,0.057565,0.095515,0.007947,0.007947,,0.031385,0.039332,0.314494,0.314494,,0.364972,0.679466,0.309436,0.309436,,0.451912,0.761348
harvest_total,harvest_2003_00176,2003,2005,2,10,-0.021257,-0.024618,0.011388,0.050518,0.029226,-0.027947,-0.026780,0.015500,0.073880,0.045713,-0.038644,-0.044171,0.019757,0.075852,0.033888,0.022702,0.010851,0.040410,0.244517,0.253227,-0.120456,-0.124329,0.032854,0.251557,0.124844,-0.087223,-0.095358,0.029523,0.148500,0.057764,0.387829,0.403258,0.130633,0.237843,0.621258,0.233770,0.245964,0.101900,0.521176,0.728531
harvest_total,harvest_2003_00176,2003,2006,3,10,-0.019312,-0.023375,0.011689,0.050800,0.025301,-0.018549,-0.024786,0.014452,0.070187,0.047432,-0.044248,-0.045290,0.016235,0.078252,0.035283,0.016315,0.015370,0.057075,0.239835,0.252760,-0.117858,-0.116886,0.028677,0.255868,0.136724,-0.107305,-0.098603,0.023748,0.163268,0.063312,0.418875,0.403156,0.115709,0.202474,0.604648,0.269996,0.251876,0.090635,0.519414,0.742196
harvest_total,harvest_2003_00176,2003,2007,4,9,-0.020556,-0.019699,0.006818,0.045960,0.025363,-0.022055,-0.021478,0.007589,0.070284,0.047253,-0.034210,-0.035082,0.012572,0.067245,0.032540,-0.015263,-0.028140,0.058734,0.269948,0.219348,-0.119336,-0.116534,0.035123,0.236453,0.122437,-0.085112,-0.083592,0.024430,0.129739,0.054375,0.274406,0.322830,0.160863,0.344922,0.612259,0.176987,0.159127,0.092553,0.620006,0.719584
harvest_total,harvest_2003_00176,2003,2008,5,10,-0.010643,-0.008304,0.009251,0.033633,0.022475,-0.010305,-0.012632,0.010140,0.059710,0.047630,-0.014232,-0.015978,0.012752,0.048655,0.034533,-0.081002,-0.061904,0.090105,0.298919,0.239237,-0.087305,-0.091424,0.033755,0.207660,0.121633,-0.054594,-0.059924,0.020046,0.116704,0.055056,0.132369,0.170132,0.108054,0.479294,0.622516,0.036984,0.056051,0.099434,0.698573,0.740043
harvest_total,harvest_2003_00176,2003,2010,7,7,-0.009144,-0.009501,0.006044,0.037916,0.025184,-0.012816,-0.015245,0.008999,0.063697,0.043677,-0.019855,-0.021804,0.011318,0.057744,0.028195,-0.076078,-0.057850,0.043219,0.295041,0.222263,-0.087409,-0.084174,0.031153,0.215319,0.123702,-0.052580,-0.053723,0.019340,0.110668,0.058088,0.133913,0.156356,0.099065,0.454871,0.614074,0.079044,0.074489,0.061987,0.682336,0.763270
harvest_total,harvest_2003_00176,2003,2011,8,9,-0.004359,-0.005362,0.006608,0.030739,0.024496,-0.015758,-0.014872,0.009595,0.055172,0.042096,-0.011591,-0.011645,0.009482,0.043018,0.030642,-0.091314,-0.107291,0.048541,0.353479,0.227212,-0.069121,-0.067939,0.025577,0.189070,0.121984,-0.030704,-0.037293,0.012536,0.085546,0.054829,0.024740,0.048179,0.059965,0.587069,0.623582,0.000983,-0.003710,0.070121,0.779567,0.753368
harvest_total,harvest_2003_00176,2003,2012,9,2,-0.005968,-0.005968,0.008555,0.032032,0.026064,0.002076,0.002076,0.013709,0.043004,0.045080,0.002860,0.002860,0.005367,0.028993,0.031852,-0.069382,-0.069382,0.222572,0.348749,0.279367,0.001635,0.001635,0.099697,0.154269,0.155905,0.000124,0.000124,0.032533,0.069692,0.069816,-0.074373,-0.074373,0.060166,0.672676,0.598303,-0.044938,-0.044938,0.080560,0.838526,0.793588
harvest_total,harvest_2003_00176,2003,2013,10,10,-0.008044,-0.007847,0.003127,0.036575,0.027624,-0.010361,-0.009611,0.006648,0.058218,0.045740,-0.008511,-0.008180,0.009044,0.048160,0.031770,-0.090667,-0.091428,0.075638,0.342300,0.230795,-0.073968,-0.064289,0.023567,0.194033,0.123627,-0.031529,-0.030287,0.013083,0.092943,0.063746,0.019705,0.034379,0.100466,0.571544,0.594490,0.003001,-0.012366,0.054005,0.752705,0.740158
harvest_total,harvest_2003_00176,2003,2014,11,10,-0.001485,-0.001228,0.003195,0.025493,0.024043,-0.004806,-0.006453,0.005041,0.051089,0.044386,-0.003431,-0.002608,0.005409,0.037187,0.029494,-0.090943,-0.098211,0.073358,0.363675,0.245954,-0.054491,-0.051208,0.019531,0.179658,0.128488,-0.023051,-0.021473,0.007737,0.082893,0.060686,-0.019543,-0.017736,0.070827,0.620882,0.595193,-0.022071,-0.040038,0.063651,0.808617,0.767216
harvest_total,harvest_2003_00176,2003,2015,12,10,0.002049,0.003980,0.009929,0.031701,0.033117,-0.000151,-0.000555,0.010342,0.054829,0.051282,-0.000756,-0.000549,0.007814,0.042674,0.038493,-0.082734,-0.082427,0.056933,0.328962,0.241664,-0.056568,-0.052310,0.015664,0.172625,0.123717,-0.015042,-0.017685,0.011275,0.072078,0.056163,-0.015000,0.002926,0.077704,0.635867,0.643787,-0.032345,-0.048425,0.061116,0.765348,0.724712
harvest_total,harvest_2003_00176,2003,2016,13,10,-0.002674,-0.002035,0.003845,0.024002,0.020337,-0.004105,-0.004817,0.005228,0.049411,0.040810,-0.000213,-0.001369,0.006975,0.031749,0.027603,-0.113410,-0.116487,0.069442,0.359089,0.231496,-0.046626,-0.039734,0.013698,0.165351,0.119123,-0.015778,-0.014169,0.007045,0.073666,0.058287,-0.047989,-0.051549,0.072618,0.659226,0.611013,-0.041283,-0.056679,0.058528,0.828947,0.781327
harvest_total,harvest_2003_00176,2003,2017,14,9,-0.001788,-0.001705,0.003436,0.023561,0.021320,-0.007783,-0.005118,0.005527,0.052038,0.044255,-0.003176,-0.001921,0.006459,0.033984,0.028085,-0.088660,-0.102045,0.069224,0.331465,0.239037,-0.030553,-0.035208,0.021526,0.167923,0.120870,-0.014094,-0.010091,0.010848,0.072827,0.062103,-0.074700,-0.077456,0.085977,0.658258,0.592165,-0.075065,-0.059169,0.046784,0.811405,0.772912
harvest_total,harvest_2003_00176,2003,2018,15,10,-0.004174,-0.004011,0.003692,0.028677,0.024875,-0.003335,-0.004036,0.004223,0.053075,0.047418,-0.002159,-0.002960,0.006029,0.034458,0.031481,-0.091107,-0.094249,0.054929,0.339591,0.244689,-0.031632,-0.030764,0.019969,0.160229,0.129265,-0.009879,-0.009343,0.009041,0.069781,0.060563,-0.033137,-0.046775,0.060351,0.662403,0.617837,-0.044240,-0.044517,0.041961,0.816435,0.767442
harvest_total,harvest_2003_00176,2003,2019,16,7,-0.002943,-0.001501,0.004699,0.026655,0.026476,-0.007219,-0.006535,0.004298,0.052890,0.045575,-0.002791,-0.003616,0.004563,0.035290,0.031069,-0.075212,-0.081828,0.058579,0.326158,0.231778,-0.048029,-0.034968,0.030127,0.162519,0.122437,-0.011027,-0.008595,0.016670,0.066640,0.053302,-0.045155,-0.052884,0.076067,0.679388,0.637284,-0.038353,-0.045931,0.044364,0.834822,0.786408
harvest_total,harvest_2003_00176,2003,2020,17,10,0.000027,-0.000730,0.003241,0.021993,0.021251,-0.004159,-0.004910,0.004989,0.045562,0.039339,0.000385,-0.001414,0.004243,0.027404,0.026552,-0.094936,-0.102914,0.063679,0.348900,0.238233,-0.030401,-0.027928,0.023342,0.157459,0.126665,-0.005947,-0.006243,0.012176,0.065004,0.060700,-0.069160,-0.070488,0.062033,0.698751,0.630267,-0.047308,-0.047337,0.034745,0.854480,0.794384
harvest_total,harvest_2003_00176,2003,2021,18,10,-0.000742,-0.000664,0.003181,0.022551,0.021251,-0.002393,-0.002182,0.003841,0.046564,0.043979,0.000337,0.000168,0.003036,0.030154,0.029102,-0.065051,-0.077891,0.058213,0.318196,0.233441,-0.020763,-0.016910,0.025674,0.138326,0.122410,-0.003493,-0.000760,0.010639,0.060968,0.058892,-0.071998,-0.073565,0.061259,0.677364,0.607612,-0.044782,-0.047491,0.032763,0.830985,0.781317
harvest_total,harvest_2003_00176,2003,2022,19,10,-0.000398,-0.000044,0.006504,0.019636,0.018460,0.000062,-0.001460,0.006408,0.044846,0.042468,0.003156,0.001385,0.004905,0.025121,0.026366,-0.067594,-0.075317,0.066192,0.334297,0.246202,-0.006044,-0.007435,0.033752,0.129684,0.118223,0.003266,0.001352,0.014584,0.052760,0.052924,-0.084821,-0.085732,0.045890,0.718962,0.628273,-0.049177,-0.055969,0.023131,0.851471,0.797106
harvest_total,harvest_2003_00176,2003,2023,20,10,-0.005905,-0.006277,0.003903,0.026496,0.020042,0.001355,0.001279,0.007727,0.038982,0.038768,-0.004386,-0.005081,0.004628,0.034142,0.025954,0.045100,0.010945,0.133249,0.187007,0.218227,-0.023822,-0.025101,0.020527,0.147257,0.119371,-0.032203,-0.037322,0.030184,0.093879,0.056527,0.309057,0.288882,0.396385,0.305979,0.597558,0.127286,0.125910,0.211703,0.670826,0.790152
harvest_total,harvest_2003_00176,2003,2024,21,10,-0.009776,-0.010530,0.007665,0.031179,0.022523,-0.005314,-0.003883,0.005106,0.054870,0.048703,-0.008133,-0.008909,0.008254,0.040281,0.029426,-0.000508,-0.020226,0.090323,0.238707,0.215189,-0.035255,-0.033998,0.014044,0.161900,0.125573,-0.031611,-0.032199,0.029361,0.090744,0.058823,0.134676,0.143145,0.263428,0.440249,0.577989,0.036183,0.054650,0.132566,0.726134,0.768571
harvest_total,harvest_2003_00176,2003,2025,22,10,-0.008553,-0.008734,0.006793,0.030484,0.021230,-0.008023,-0.004840,0.007292,0.056224,0.049563,-0.006332,-0.005034,0.008817,0.038054,0.030443,-0.033199,-0.046713,0.087395,0.280755,0.235359,-0.035646,-0.036884,0.019278,0.164210,0.126597,-0.024661,-0.024674,0.023362,0.083567,0.058686,0.060056,0.067225,0.191399,0.534551,0.597317,0.013746,0.004721,0.115422,0.769654,0.768226
harvest_total,harvest_2003_00197,2003,2002,-1,1,-0.015276,-0.015276,,0.057441,0.042165,-0.022715,-0.022715,,0.075908,0.053193,-0.022371,-0.022371,,0.059462,0.037091,0.043588,0.043588,,0.248236,0.291824,0.001636,0.001636,,0.133383,0.135019,-0.016115,-0.016115,,0.065595,0.049480,0.087843,0.087843,,0.607909,0.695752,0.103241,0.103241,,0.675869,0.779110
harvest_total,harvest_2003_00197,2003,2005,2,1,-0.024434,-0.024434,,0.043485,0.019051,-0.036809,-0.036809,,0.070435,0.033626,-0.049898,-0.049898,,0.075577,0.025679,0.035200,0.035200,,0.225989,0.261189,-0.090819,-0.090819,,0.229041,0.138222,-0.092166,-0.092166,,0.148947,0.056781,0.468019,0.468019,,0.185766,0.653785,0.342386,0.342386,,0.484157,0.826543
harvest_total,harvest_2003_00197,2003,2006,3,1,-0.000852,-0.000852,,0.035592,0.034740,-0.019058,-0.019058,,0.066173,0.047115,-0.022441,-0.022441,,0.052038,0.029597,0.018727,0.018727,,0.279435,0.298162,-0.074937,-0.074937,,0.220530,0.145593,-0.046447,-0.046447,,0.116387,0.069940,0.218492,0.218492,,0.403679,0.622171,0.117995,0.117995,,0.702560,0.820555
harvest_total,harvest_2003_00197,2003,2007,4,1,-0.005060,-0.005060,,0.041560,0.036500,-0.012678,-0.012678,,0.069610,0.056932,-0.013310,-0.013310,,0.057647,0.044337,-0.041594,-0.041594,,0.322583,0.280989,-0.063965,-0.063965,,0.197059,0.133094,-0.035585,-0.035585,,0.100410,0.064825,0.113056,0.113056,,0.522099,0.635155,0.025689,0.025689,,0.710660,0.736349
harvest_total,harvest_2003_00197,2003,2009,6,1,-0.004895,-0.004895,,0.025720,0.020825,-0.016555,-0.016555,,0.051185,0.034630,-0.015263,-0.015263,,0.036225,0.020962,-0.136881,-0.136881,,0.370446,0.233565,-0.079187,-0.079187,,0.186499,0.107312,-0.036933,-0.036933,,0.079235,0.042302,0.039543,0.039543,,0.651245,0.690788,0.006079,0.006079,,0.816186,0.822265
harvest_total,harvest_2003_00197,2003,2010,7,1,-0.001636,-0.001636,,0.024111,0.022475,-0.008264,-0.008264,,0.046359,0.038095,-0.007645,-0.007645,,0.034437,0.026792,-0.076106,-0.076106,,0.328261,0.252155,-0.046777,-0.046777,,0.180380,0.133603,-0.032697,-0.032697,,0.081352,0.048655,0.098411,0.098411,,0.595218,0.693629,0.011380,0.011380,,0.803095,0.814475
harvest_total,harvest_2003_00197,2003,2012,9,1,-0.001664,-0.001664,,0.016810,0.015146,-0.016088,-0.016088,,0.042275,0.026187,-0.006875,-0.006875,,0.024537,0.017662,-0.101805,-0.101805,,0.376510,0.274705,-0.059607,-0.059607,,0.189428,0.129821,-0.027528,-0.027528,,0.081408,0.053880,0.024586,0.024586,,0.644445,0.669031,0.000048,0.000048,,0.877633,0.877681
harvest_total,harvest_2003_00197,2003,2013,10,1,-0.006819,-0.006819,,0.021127,0.014308,-0.011922,-0.011922,,0.041313,0.029391,-0.006779,-0.006779,,0.022888,0.016109,-0.116105,-0.116105,,0.373705,0.257600,-0.063154,-0.063154,,0.175925,0.112771,-0.022316,-0.022316,,0.068565,0.046249,-0.022715,-0.022715,,0.696224,0.673509,0.003577,0.003577,,0.881506,0.885083
harvest_total,harvest_2003_00197,2003,2014,11,1,-0.008621,-0.008621,,0.022516,0.013895,-0.010518,-0.010518,,0.042316,0.031798,-0.005789,-0.005789,,0.024675,0.018886,-0.123269,-0.123269,,0.374530,0.251261,-0.038252,-0.038252,,0.160635,0.122383,-0.017435,-0.017435,,0.067424,0.049989,-0.014823,-0.014823,,0.689164,0.674341,-0.019040,-0.019040,,0.877814,0.858774
harvest_total,harvest_2003_00197,2003,2015,12,1,-0.002228,-0.002228,,0.022393,0.020165,-0.000413,-0.000413,,0.043595,0.043182,-0.000165,-0.000165,,0.026105,0.025940,-0.123145,-0.123145,,0.378628,0.255483,-0.042680,-0.042680,,0.163440,0.120760,-0.010477,-0.010477,,0.066860,0.056383,-0.060638,-0.060638,,0.701840,0.641202,-0.035216,-0.035216,,0.871383,0.836167
harvest_total,harvest_2003_00197,2003,2016,13,1,-0.002310,-0.002310,,0.018267,0.015957,-0.009570,-0.009570,,0.040707,0.031137,-0.004331,-0.004331,,0.020894,0.016563,-0.133059,-0.133059,,0.426024,0.292965,-0.032478,-0.032478,,0.158628,0.126150,-0.010519,-0.010519,,0.062941,0.052422,-0.035303,-0.035303,,0.731745,0.696442,-0.010863,-0.010863,,0.904686,0.893823
harvest_total,harvest_2003_00197,2003,2017,14,1,-0.003575,-0.003575,,0.018955,0.015380,-0.010203,-0.010203,,0.040020,0.029817,-0.003465,-0.003465,,0.021925,0.018460,-0.114936,-0.114936,,0.380566,0.265630,-0.028806,-0.028806,,0.155259,0.126453,-0.015222,-0.015222,,0.062859,0.047637,-0.024494,-0.024494,,0.711261,0.686767,-0.027726,-0.027726,,0.887763,0.860037
harvest_total,harvest_2003_00197,2003,2018,15,1,-0.006889,-0.006889,,0.028429,0.021540,-0.007933,-0.007933,,0.049246,0.041313,-0.002654,-0.002654,,0.027136,0.024482,-0.066138,-0.066138,,0.357095,0.290957,-0.021986,-0.021986,,0.153554,0.131568,-0.004841,-0.004841,,0.059408,0.054567,-0.033320,-0.033320,,0.702696,0.669376,-0.003492,-0.003492,,0.852041,0.848549
harvest_total,harvest_2003_00197,2003,2019,16,1,0.002640,0.002640,,0.017937,0.020577,-0.003987,-0.003987,,0.042137,0.038150,-0.000908,-0.000908,,0.022365,0.021457,-0.082692,-0.082692,,0.363227,0.280535,-0.017270,-0.017270,,0.153100,0.135830,-0.002557,-0.002557,,0.062597,0.060040,-0.062185,-0.062185,,0.713623,0.651438,-0.020575,-0.020575,,0.883318,0.862743
harvest_total,harvest_2003_00197,2003,2021,18,1,-0.003741,-0.003741,,0.022613,0.018872,-0.005707,-0.005707,,0.044819,0.039112,-0.002489,-0.002489,,0.023506,0.021017,-0.062659,-0.062659,,0.350701,0.288042,-0.012376,-0.012376,,0.146033,0.133657,-0.004510,-0.004510,,0.061662,0.057152,-0.048488,-0.048488,,0.712055,0.663567,-0.001989,-0.001989,,0.875533,0.873544
harvest_total,harvest_2003_00197,2003,2022,19,1,0.001004,0.001004,,0.015256,0.016260,-0.002269,-0.002269,,0.030794,0.028525,-0.000604,-0.000604,,0.017717,0.017113,-0.075488,-0.075488,,0.335068,0.259580,-0.016142,-0.016142,,0.136132,0.119990,-0.004785,-0.004785,,0.052560,0.047775,-0.014012,-0.014012,,0.731679,0.717667,-0.002191,-0.002191,,0.889301,0.887110
harvest_total,harvest_2003_00197,2003,2023,20,1,-0.003451,-0.003451,,0.018790,0.015339,-0.002860,-0.002860,,0.036885,0.034025,-0.004565,-0.004565,,0.022585,0.018020,-0.062370,-0.062370,,0.310152,0.247782,-0.005666,-0.005666,,0.125738,0.120072,0.001953,0.001953,,0.051075,0.053028,-0.071652,-0.071652,,0.719904,0.648252,-0.012699,-0.012699,,0.877340,0.864641
harvest_total,harvest_2003_00197,2003,2024,21,1,-0.000688,-0.000688,,0.019423,0.018735,-0.001816,-0.001816,,0.038453,0.036637,-0.002090,-0.002090,,0.022283,0.020193,-0.042377,-0.042377,,0.320217,0.277840,-0.007590,-0.007590,,0.137700,0.130110,0.000494,0.000494,,0.054513,0.055007,-0.043828,-0.043828,,0.713408,0.669580,-0.001651,-0.001651,,0.874821,0.873170
harvest_total,harvest_2003_00197,2003,2025,22,1,-0.001004,-0.001004,,0.016563,0.015559,-0.005156,-0.005156,,0.044310,0.039154,-0.001032,-0.001032,,0.019313,0.018281,-0.049611,-0.049611,,0.336938,0.287327,-0.003987,-0.003987,,0.139047,0.135060,-0.001650,-0.001650,,0.057070,0.055420,-0.051693,-0.051693,,0.710788,0.659095,-0.003582,-0.003582,,0.875626,0.872044
harvest_total,harvest_2005_00034,2005,2002,-3,1,0.004771,0.004771,,0.020069,0.024840,0.014658,0.014658,,0.035812,0.050470,0.018219,0.018219,,0.022970,0.041189,0.131052,0.131052,,0.173546,0.304598,0.057461,0.057461,,0.081848,0.139309,0.028421,0.028421,,0.035386,0.063807,0.013594,0.013594,,0.645482,0.659076,-0.017810,-0.017810,,0.782426,0.764616
harvest_total,harvest_2005_00034,2005,2005,0,1,-0.013902,-0.013902,,0.049714,0.035812,-0.011990,-0.011990,,0.075357,0.063367,-0.026538,-0.026538,,0.084020,0.057482,0.053680,0.053680,,0.252595,0.306275,-0.082541,-0.082541,,0.257105,0.174564,-0.061462,-0.061462,,0.141371,0.079909,0.307538,0.307538,,0.283040,0.590578,0.195191,0.195191,,0.498559,0.693750
harvest_total,harvest_2005_00034,2005,2006,1,1,-0.012704,-0.012704,,0.045877,0.033173,-0.006325,-0.006325,,0.068304,0.061979,-0.018645,-0.018645,,0.071343,0.052698,0.076257,0.076257,,0.239739,0.315996,-0.113135,-0.113135,,0.269164,0.156029,-0.075899,-0.075899,,0.147572,0.071673,0.403506,0.403506,,0.236633,0.640139,0.183851,0.183851,,0.543557,0.727408
harvest_total,harvest_2005_00034,2005,2007,2,1,-0.010078,-0.010078,,0.041821,0.031743,-0.004813,-0.004813,,0.064633,0.059820,-0.014974,-0.014974,,0.064564,0.049590,0.051356,0.051356,,0.237924,0.289280,-0.089760,-0.089760,,0.240564,0.150804,-0.069162,-0.069162,,0.133341,0.064179,0.368048,0.368048,,0.278972,0.647020,0.136897,0.136897,,0.580996,0.717893
harvest_total,harvest_2005_00034,2005,2008,3,1,0.001169,0.001169,,0.030670,0.031839,0.007727,0.007727,,0.056163,0.063890,0.009254,0.009254,,0.041532,0.050786,0.062123,0.062123,,0.257352,0.319475,-0.030402,-0.030402,,0.185468,0.155066,-0.029851,-0.029851,,0.103215,0.073364,0.197428,0.197428,,0.445584,0.643012,0.026952,0.026952,,0.714654,0.741606
harvest_total,harvest_2005_00034,2005,2011,6,1,-0.005913,-0.005913,,0.039690,0.033777,-0.000935,-0.000935,,0.070105,0.069170,0.000604,0.000604,,0.057978,0.058582,0.010890,0.010890,,0.296403,0.307293,-0.039711,-0.039711,,0.197018,0.157307,-0.023018,-0.023018,,0.102033,0.079015,0.115802,0.115802,,0.490301,0.606103,0.011925,0.011925,,0.672795,0.684720
harvest_total,harvest_2005_00034,2005,2013,8,1,-0.003314,-0.003314,,0.032320,0.029006,-0.002517,-0.002517,,0.059078,0.056561,0.005115,0.005115,,0.047253,0.052368,0.044894,0.044894,,0.271487,0.316381,-0.036410,-0.036410,,0.189455,0.153045,-0.019539,-0.019539,,0.096120,0.076581,0.124429,0.124429,,0.477051,0.601480,0.013665,0.013665,,0.700098,0.713763
harvest_total,harvest_2005_00034,2005,2014,9,1,0.001774,0.001774,,0.030725,0.032499,0.002296,0.002296,,0.063065,0.065361,0.017394,0.017394,,0.044860,0.062254,0.018067,0.018067,,0.305395,0.323462,-0.025781,-0.025781,,0.191875,0.166094,-0.004551,-0.004551,,0.088915,0.084364,0.003171,0.003171,,0.564382,0.567553,-0.066284,-0.066284,,0.748746,0.682462
harvest_total,harvest_2005_00034,2005,2015,10,1,0.037936,0.037936,,0.029955,0.067891,0.026317,0.026317,,0.059408,0.085725,0.023980,0.023980,,0.045740,0.069720,0.039848,0.039848,,0.274705,0.314553,-0.039710,-0.039710,,0.184038,0.144328,-0.020212,-0.020212,,0.087512,0.067300,0.093557,0.093557,,0.554726,0.648283,-0.066929,-0.066929,,0.714522,0.647593
harvest_total,harvest_2005_00034,2005,2016,11,1,-0.001897,-0.001897,,0.027975,0.026078,0.004964,0.004964,,0.056231,0.061195,0.011247,0.011247,,0.036500,0.047747,0.019525,0.019525,,0.297750,0.317275,-0.011701,-0.011701,,0.175911,0.164210,-0.000316,-0.000316,,0.080871,0.080555,0.048279,0.048279,,0.572982,0.621261,-0.025774,-0.025774,,0.782523,0.756749
harvest_total,harvest_2005_00034,2005,2018,13,1,-0.004249,-0.004249,,0.028869,0.024620,-0.003671,-0.003671,,0.059641,0.055970,-0.005431,-0.005431,,0.044021,0.038590,0.012733,0.012733,,0.282075,0.294808,-0.027816,-0.027816,,0.166479,0.138663,-0.012828,-0.012828,,0.077406,0.064578,0.072891,0.072891,,0.580765,0.653656,0.023262,0.023262,,0.741151,0.764413
harvest_total,harvest_2005_00034,2005,2019,14,1,-0.001911,-0.001911,,0.027755,0.025844,-0.003561,-0.003561,,0.066805,0.063244,0.000014,0.000014,,0.044214,0.044228,0.040810,0.040810,,0.303497,0.344307,-0.018934,-0.018934,,0.168143,0.149209,-0.005926,-0.005926,,0.078437,0.072511,0.035274,0.035274,,0.613529,0.648803,-0.003369,-0.003369,,0.770884,0.767515
harvest_total,harvest_2005_00034,2005,2020,15,1,-0.006339,-0.006339,,0.028140,0.021801,-0.004771,-0.004771,,0.056575,0.051804,0.001966,0.001966,,0.035483,0.037449,0.037592,0.037592,,0.296073,0.333665,-0.005719,-0.005719,,0.146747,0.141028,0.000233,0.000233,,0.063588,0.063821,0.018220,0.018220,,0.640836,0.659056,0.001019,0.001019,,0.775500,0.776519
harvest_total,harvest_2005_00034,2005,2022,17,1,-0.001155,-0.001155,,0.023726,0.022571,-0.005748,-0.005748,,0.055173,0.049425,0.001293,0.001293,,0.037036,0.038329,0.029686,0.029686,,0.280824,0.310510,-0.015633,-0.015633,,0.150336,0.134703,-0.007315,-0.007315,,0.066489,0.059174,0.068734,0.068734,,0.603821,0.672555,0.015985,0.015985,,0.766726,0.782711
harvest_total,harvest_2005_00034,2005,2023,18,1,0.000577,0.000577,,0.027425,0.028002,0.024489,0.024489,,0.031990,0.056479,0.013819,0.013819,,0.027466,0.041285,0.245933,0.245933,,0.058775,0.304708,0.026249,0.026249,,0.125215,0.151464,-0.073603,-0.073603,,0.146541,0.072938,1.005211,1.005211,,-0.398779,0.606432,0.398281,0.398281,,0.345904,0.744185
harvest_total,harvest_2005_00034,2005,2024,19,1,-0.019511,-0.019511,,0.045987,0.026476,0.006889,0.006889,,0.052395,0.059284,-0.002434,-0.002434,,0.046895,0.044461,0.168905,0.168905,,0.140643,0.309548,-0.031556,-0.031556,,0.183625,0.152069,-0.076079,-0.076079,,0.148618,0.072539,0.622457,0.622457,,-0.004471,0.617986,0.257681,0.257681,,0.502431,0.760112
harvest_total,harvest_2005_00034,2005,2025,20,1,-0.020790,-0.020790,,0.046538,0.025748,-0.021175,-0.021175,,0.084103,0.062928,-0.016913,-0.016913,,0.062185,0.045272,0.119020,0.119020,,0.193745,0.312765,-0.056237,-0.056237,,0.192315,0.136078,-0.059785,-0.059785,,0.131045,0.071260,0.441943,0.441943,,0.151974,0.593917,0.192215,0.192215,,0.533712,0.725927
harvest_total,harvest_2005_00098,2005,2002,-3,1,0.003108,0.003108,,0.013152,0.016260,-0.002406,-0.002406,,0.026435,0.024029,0.000907,0.000907,,0.014995,0.015902,-0.023842,-0.023842,,0.173780,0.149938,-0.012938,-0.012938,,0.073927,0.060989,-0.003904,-0.003904,,0.030257,0.026353,-0.021428,-0.021428,,0.726436,0.705008,-0.039705,-0.039705,,0.847791,0.808086
harvest_total,harvest_2005_00098,2005,2005,0,1,-0.010587,-0.010587,,0.035867,0.025280,-0.008855,-0.008855,,0.040763,0.031908,-0.017050,-0.017050,,0.036225,0.019175,-0.009515,-0.009515,,0.187393,0.177878,-0.026345,-0.026345,,0.094112,0.067767,-0.010891,-0.010891,,0.037353,0.026462,0.034722,0.034722,,0.706273,0.740995,0.087719,0.087719,,0.676009,0.763728
harvest_total,harvest_2005_00098,2005,2009,4,1,-0.015263,-0.015263,,0.041890,0.026627,-0.018342,-0.018342,,0.057317,0.038975,-0.018012,-0.018012,,0.044612,0.026600,-0.152062,-0.152062,,0.320589,0.168527,-0.152790,-0.152790,,0.219361,0.066571,-0.076766,-0.076766,,0.109801,0.033035,0.181789,0.181789,,0.488752,0.670541,-0.026160,-0.026160,,0.758654,0.732494
harvest_total,harvest_2005_00098,2005,2010,5,1,-0.013063,-0.013063,,0.035469,0.022406,-0.014960,-0.014960,,0.054609,0.039649,-0.020556,-0.020556,,0.047706,0.027150,-0.135507,-0.135507,,0.297764,0.162257,-0.127229,-0.127229,,0.192824,0.065595,-0.070263,-0.070263,,0.098293,0.028030,0.220204,0.220204,,0.481535,0.701739,-0.002143,-0.002143,,0.716818,0.714675
harvest_total,harvest_2005_00098,2005,2011,6,1,-0.007123,-0.007123,,0.027810,0.020687,-0.015661,-0.015661,,0.050979,0.035318,-0.016445,-0.016445,,0.039415,0.022970,-0.149448,-0.149448,,0.297956,0.148508,-0.121385,-0.121385,,0.184890,0.063505,-0.063909,-0.063909,,0.089657,0.025748,0.145175,0.145175,,0.559310,0.704485,-0.037665,-0.037665,,0.778728,0.741063
harvest_total,harvest_2005_00098,2005,2012,7,1,-0.013228,-0.013228,,0.028443,0.015215,-0.016280,-0.016280,,0.048105,0.031825,-0.018508,-0.018508,,0.037353,0.018845,-0.185323,-0.185323,,0.351733,0.166410,-0.126473,-0.126473,,0.210850,0.084377,-0.070428,-0.070428,,0.104150,0.033722,0.119914,0.119914,,0.543084,0.662998,-0.011447,-0.011447,,0.807998,0.796551
harvest_total,harvest_2005_00098,2005,2013,8,1,-0.006531,-0.006531,,0.023616,0.017085,-0.008511,-0.008511,,0.041945,0.033434,-0.008690,-0.008690,,0.029721,0.021031,-0.190108,-0.190108,,0.353960,0.163852,-0.111981,-0.111981,,0.181618,0.069637,-0.051906,-0.051906,,0.082906,0.031000,0.055994,0.055994,,0.618156,0.674150,-0.096746,-0.096746,,0.843155,0.746409
harvest_total,harvest_2005_00098,2005,2014,9,1,-0.005830,-0.005830,,0.017607,0.011777,-0.016611,-0.016611,,0.043513,0.026902,-0.008470,-0.008470,,0.027700,0.019230,-0.214444,-0.214444,,0.370212,0.155768,-0.121715,-0.121715,,0.195450,0.073735,-0.050875,-0.050875,,0.085313,0.034438,-0.015900,-0.015900,,0.653791,0.637891,-0.089630,-0.089630,,0.869855,0.780225
harvest_total,harvest_2005_00098,2005,2015,10,1,-0.016844,-0.016844,,0.041780,0.024936,-0.023828,-0.023828,,0.063092,0.039264,-0.020583,-0.020583,,0.049232,0.028649,-0.171903,-0.171903,,0.339358,0.167455,-0.091465,-0.091465,,0.169600,0.078135,-0.032258,-0.032258,,0.069198,0.036940,0.018061,0.018061,,0.627868,0.645929,-0.030066,-0.030066,,0.748372,0.718306
harvest_total,harvest_2005_00098,2005,2016,11,1,0.000563,0.000563,,0.017429,0.017992,-0.010904,-0.010904,,0.041711,0.030807,-0.002104,-0.002104,,0.023644,0.021540,-0.244777,-0.244777,,0.395622,0.150845,-0.090791,-0.090791,,0.172776,0.081985,-0.028379,-0.028379,,0.069142,0.040763,-0.127985,-0.127985,,0.702506,0.574521,-0.140190,-0.140190,,0.885320,0.745130
harvest_total,harvest_2005_00098,2005,2018,13,1,-0.009323,-0.009323,,0.030533,0.021210,-0.008044,-0.008044,,0.047734,0.039690,-0.000825,-0.000825,,0.027370,0.026545,-0.234575,-0.234575,,0.405440,0.170865,-0.078375,-0.078375,,0.166327,0.087952,-0.021670,-0.021670,,0.064935,0.043265,-0.112357,-0.112357,,0.727766,0.615409,-0.133262,-0.133262,,0.869402,0.736140
harvest_total,harvest_2005_00098,2005,2020,15,1,0.001321,0.001321,,0.018487,0.019808,-0.002420,-0.002420,,0.035180,0.032760,0.005885,0.005885,,0.018377,0.024262,-0.278960,-0.278960,,0.455297,0.176337,-0.082088,-0.082088,,0.166328,0.084240,-0.019827,-0.019827,,0.062377,0.042550,-0.185480,-0.185480,,0.754511,0.569031,-0.165645,-0.165645,,0.910769,0.745124
harvest_total,harvest_2005_00098,2005,2021,16,1,-0.008539,-0.008539,,0.027590,0.019051,-0.007742,-0.007742,,0.040708,0.032966,0.000769,0.000769,,0.022998,0.023767,-0.220151,-0.220151,,0.379397,0.159246,-0.048661,-0.048661,,0.143090,0.094429,-0.015469,-0.015469,,0.056355,0.040886,-0.159229,-0.159229,,0.748561,0.589332,-0.159829,-0.159829,,0.883051,0.723222
harvest_total,harvest_2005_00098,2005,2022,17,1,-0.000412,-0.000412,,0.021677,0.021265,0.001128,0.001128,,0.036857,0.037985,0.002682,0.002682,,0.020852,0.023534,-0.216617,-0.216617,,0.387427,0.170810,-0.053735,-0.053735,,0.149168,0.095433,-0.011426,-0.011426,,0.056657,0.045231,-0.176698,-0.176698,,0.750213,0.573515,-0.160676,-0.160676,,0.893643,0.732967
harvest_total,harvest_2005_00098,2005,2024,19,1,0.004070,0.004070,,0.021760,0.025830,0.000192,0.000192,,0.042000,0.042192,0.009543,0.009543,,0.020577,0.030120,-0.181335,-0.181335,,0.327780,0.146445,-0.049280,-0.049280,,0.148205,0.098925,-0.007178,-0.007178,,0.055805,0.048627,-0.233969,-0.233969,,0.735411,0.501442,-0.198182,-0.198182,,0.896532,0.698350
harvest_total,harvest_2005_00098,2005,2025,20,1,-0.011702,-0.011702,,0.033929,0.022227,-0.011247,-0.011247,,0.052010,0.040763,-0.004551,-0.004551,,0.031206,0.026655,-0.212576,-0.212576,,0.374943,0.162367,-0.055138,-0.055138,,0.143778,0.088640,-0.015689,-0.015689,,0.056864,0.041175,-0.134569,-0.134569,,0.737565,0.602996,-0.123824,-0.123824,,0.854902,0.731078
harvest_total,harvest_2005_00112,2005,2002,-3,1,0.001594,0.001594,,0.016893,0.018487,0.001004,0.001004,,0.035262,0.036266,0.004359,0.004359,,0.019257,0.023616,0.031529,0.031529,,0.180174,0.211703,0.018934,0.018934,,0.084900,0.103834,0.011646,0.011646,,0.035070,0.046716,-0.026484,-0.026484,,0.676587,0.650103,0.019029,0.019029,,0.775363,0.794392
harvest_total,harvest_2005_00112,2005,2004,-1,1,0.013379,0.013379,,0.024881,0.038260,0.019512,0.019512,,0.039896,0.059408,0.022413,0.022413,,0.024991,0.047404,0.045719,0.045719,,0.187695,0.233414,0.017283,0.017283,,0.085368,0.102651,0.009502,0.009502,,0.037572,0.047074,-0.009668,-0.009668,,0.668639,0.658971,-0.097252,-0.097252,,0.757051,0.659799
harvest_total,harvest_2005_00112,2005,2005,0,1,-0.001182,-0.001182,,0.022282,0.021100,0.004387,0.004387,,0.036046,0.040433,-0.000426,-0.000426,,0.025816,0.025390,0.038156,0.038156,,0.183309,0.221465,0.017710,0.017710,,0.082398,0.100108,0.007507,0.007507,,0.034300,0.041807,0.000778,0.000778,,0.678551,0.679329,0.029596,0.029596,,0.753334,0.782930
harvest_total,harvest_2005_00112,2005,2006,1,1,-0.031461,-0.031461,,0.048738,0.017277,-0.045182,-0.045182,,0.078327,0.033145,-0.063869,-0.063869,,0.089066,0.025197,-0.016459,-0.016459,,0.211785,0.195326,-0.152006,-0.152006,,0.242956,0.090950,-0.118071,-0.118071,,0.153512,0.035441,0.521655,0.521655,,0.161068,0.682723,0.388881,0.388881,,0.409718,0.798599
harvest_total,harvest_2005_00112,2005,2007,2,1,-0.016939,-0.016939,,0.051707,0.034768,-0.031914,-0.031914,,0.081394,0.049480,-0.048538,-0.048538,,0.078575,0.030037,0.022165,0.022165,,0.211317,0.233482,-0.096772,-0.096772,,0.205267,0.108495,-0.095370,-0.095370,,0.138387,0.043017,0.523342,0.523342,,0.167427,0.690769,0.320360,0.320360,,0.441115,0.761475
harvest_total,harvest_2005_00112,2005,2008,3,1,-0.017806,-0.017806,,0.044310,0.026504,-0.025107,-0.025107,,0.066777,0.041670,-0.036121,-0.036121,,0.063010,0.026889,-0.014136,-0.014136,,0.221878,0.207742,-0.097955,-0.097955,,0.192040,0.094085,-0.082679,-0.082679,,0.125188,0.042509,0.384777,0.384777,,0.284659,0.669436,0.200332,0.200332,,0.558854,0.759186
harvest_total,harvest_2005_00112,2005,2011,6,1,-0.014273,-0.014273,,0.032925,0.018652,-0.019937,-0.019937,,0.061085,0.041148,-0.023402,-0.023402,,0.049150,0.025748,-0.075804,-0.075804,,0.289596,0.213792,-0.096608,-0.096608,,0.184203,0.087595,-0.053983,-0.053983,,0.089328,0.035345,0.187529,0.187529,,0.528732,0.716261,0.074097,0.074097,,0.711396,0.785493
harvest_total,harvest_2005_00112,2005,2012,7,1,-0.017325,-0.017325,,0.036638,0.019313,-0.021478,-0.021478,,0.055365,0.033887,-0.024791,-0.024791,,0.046221,0.021430,-0.065987,-0.065987,,0.267569,0.201582,-0.080905,-0.080905,,0.181975,0.101070,-0.052773,-0.052773,,0.094828,0.042055,0.175385,0.175385,,0.476679,0.652064,0.100748,0.100748,,0.705416,0.806164
harvest_total,harvest_2005_00112,2005,2014,9,1,-0.005734,-0.005734,,0.030876,0.025142,-0.015263,-0.015263,,0.054320,0.039057,-0.012375,-0.012375,,0.039470,0.027095,-0.105146,-0.105146,,0.299056,0.193910,-0.089553,-0.089553,,0.175911,0.086358,-0.041607,-0.041607,,0.079551,0.037944,0.126449,0.126449,,0.563912,0.690361,0.006936,0.006936,,0.769409,0.776345
harvest_total,harvest_2005_00112,2005,2015,10,1,-0.010835,-0.010835,,0.031165,0.020330,-0.020102,-0.020102,,0.056657,0.036555,-0.019703,-0.019703,,0.042096,0.022393,-0.094504,-0.094504,,0.296884,0.202380,-0.082830,-0.082830,,0.171745,0.088915,-0.044083,-0.044083,,0.081325,0.037242,0.117408,0.117408,,0.573186,0.690594,0.044538,0.044538,,0.756143,0.800681
harvest_total,harvest_2005_00112,2005,2016,11,1,-0.012815,-0.012815,,0.032265,0.019450,-0.020543,-0.020543,,0.057675,0.037132,-0.014768,-0.014768,,0.039855,0.025087,-0.107305,-0.107305,,0.328921,0.221616,-0.070991,-0.070991,,0.163770,0.092779,-0.034650,-0.034650,,0.076141,0.041491,0.037682,0.037682,,0.632452,0.670134,-0.001454,-0.001454,,0.785954,0.784500
harvest_total,harvest_2005_00112,2005,2017,12,1,-0.009295,-0.009295,,0.026572,0.017277,-0.009144,-0.009144,,0.054980,0.045836,-0.010822,-0.010822,,0.037009,0.026187,-0.082555,-0.082555,,0.294601,0.212046,-0.059538,-0.059538,,0.147724,0.088186,-0.026290,-0.026290,,0.065485,0.039195,0.033277,0.033277,,0.653035,0.686312,-0.009523,-0.009523,,0.783468,0.773945
harvest_total,harvest_2005_00112,2005,2018,13,1,-0.007178,-0.007178,,0.025734,0.018556,-0.014657,-0.014657,,0.050841,0.036184,-0.013928,-0.013928,,0.034657,0.020729,-0.110096,-0.110096,,0.311266,0.201170,-0.065203,-0.065203,,0.149594,0.084391,-0.029356,-0.029356,,0.063285,0.033929,0.066000,0.066000,,0.645464,0.711464,0.012604,0.012604,,0.787041,0.799645
harvest_total,harvest_2005_00112,2005,2019,14,1,-0.008333,-0.008333,,0.027425,0.019092,-0.014383,-0.014383,,0.055228,0.040845,-0.012815,-0.012815,,0.036610,0.023795,-0.100306,-0.100306,,0.301146,0.200840,-0.069093,-0.069093,,0.159356,0.090263,-0.035887,-0.035887,,0.070820,0.034933,0.055155,0.055155,,0.632892,0.688047,0.004299,0.004299,,0.783509,0.787808
harvest_total,harvest_2005_00112,2005,2022,17,1,-0.009680,-0.009680,,0.028979,0.019299,-0.013654,-0.013654,,0.052904,0.039250,-0.009831,-0.009831,,0.034561,0.024730,-0.090956,-0.090956,,0.278211,0.187255,-0.061476,-0.061476,,0.146170,0.084694,-0.025259,-0.025259,,0.061896,0.036637,0.028241,0.028241,,0.653313,0.681554,-0.011914,-0.011914,,0.788641,0.776727
harvest_total,harvest_2005_00112,2005,2023,18,1,-0.016789,-0.016789,,0.036376,0.019587,-0.021409,-0.021409,,0.061223,0.039814,-0.015290,-0.015290,,0.039841,0.024551,-0.123722,-0.123722,,0.308901,0.185179,-0.057076,-0.057076,,0.145070,0.087994,-0.032134,-0.032134,,0.069486,0.037352,0.005650,0.005650,,0.635708,0.641358,-0.029405,-0.029405,,0.773987,0.744582
harvest_total,harvest_2005_00112,2005,2024,19,1,-0.011578,-0.011578,,0.031853,0.020275,-0.016226,-0.016226,,0.053248,0.037022,-0.012334,-0.012334,,0.036995,0.024661,-0.106589,-0.106589,,0.267802,0.161213,-0.051260,-0.051260,,0.134455,0.083195,-0.020639,-0.020639,,0.058968,0.038329,-0.029078,-0.029078,,0.653597,0.624519,-0.040556,-0.040556,,0.790097,0.749541
harvest_total,harvest_2005_00112,2005,2025,20,1,-0.007563,-0.007563,,0.026050,0.018487,-0.014768,-0.014768,,0.055283,0.040515,-0.008965,-0.008965,,0.032348,0.023383,-0.111898,-0.111898,,0.294313,0.182415,-0.046749,-0.046749,,0.125242,0.078493,-0.018893,-0.018893,,0.052808,0.033915,0.003223,0.003223,,0.692327,0.695550,-0.029288,-0.029288,,0.801967,0.772679
harvest_total,harvest_2005_00276,2005,2002,-3,2,-0.002811,-0.002811,0.002304,0.017511,0.014700,-0.002345,-0.002345,0.000379,0.030746,0.028401,-0.002359,-0.002359,0.002947,0.018873,0.016514,-0.048049,-0.048049,0.022741,0.207344,0.159295,-0.017352,-0.017352,0.000524,0.084157,0.066805,-0.005658,-0.005658,0.000943,0.034313,0.028656,-0.016767,-0.016767,0.027415,0.720252,0.703485,-0.034335,-0.034335,0.001651,0.840307,0.805971
harvest_total,harvest_2005_00276,2005,2003,-2,1,0.005059,0.005059,,0.015463,0.020522,-0.001664,-0.001664,,0.035579,0.033915,0.006242,0.006242,,0.019478,0.025720,-0.073521,-0.073521,,0.226511,0.152990,-0.015784,-0.015784,,0.083827,0.068043,0.005981,0.005981,,0.033791,0.039772,-0.116213,-0.116213,,0.741044,0.624831,-0.114049,-0.114049,,0.840425,0.726376
harvest_total,harvest_2005_00276,2005,2005,0,1,0.001980,0.001980,,0.023575,0.025555,-0.003520,-0.003520,,0.038453,0.034933,-0.006930,-0.006930,,0.033860,0.026930,-0.027912,-0.027912,,0.207632,0.179720,-0.018617,-0.018617,,0.096917,0.078300,-0.007563,-0.007563,,0.046125,0.038562,0.007348,0.007348,,0.667511,0.674859,0.018726,0.018726,,0.745379,0.764105
harvest_total,harvest_2005_00276,2005,2008,3,2,-0.009996,-0.009996,0.000681,0.024097,0.014101,-0.011248,-0.011248,0.000117,0.039594,0.028347,-0.015895,-0.015895,0.001906,0.034548,0.018653,-0.055496,-0.055496,0.019600,0.215196,0.159700,-0.078760,-0.078760,0.001945,0.150749,0.071988,-0.047479,-0.047479,0.006125,0.077654,0.030175,0.233985,0.233985,0.095923,0.458014,0.692000,0.091666,0.091666,0.038356,0.715837,0.807503
harvest_total,harvest_2005_00276,2005,2010,5,2,0.000303,0.000303,0.009257,0.026421,0.026724,0.001706,0.001706,0.007973,0.041395,0.043100,-0.001602,-0.001602,0.009655,0.033406,0.031804,-0.073906,-0.073906,0.027943,0.231709,0.157803,-0.063814,-0.063814,0.004920,0.139529,0.075715,-0.037180,-0.037180,0.000156,0.067438,0.030257,0.122454,0.122454,0.038423,0.550345,0.672799,-0.083487,-0.083487,0.099456,0.743262,0.659775
harvest_total,harvest_2005_00276,2005,2013,8,2,-0.006772,-0.006772,0.000282,0.025514,0.018742,-0.015572,-0.015572,0.000710,0.047280,0.031708,-0.008133,-0.008133,0.004968,0.028160,0.020028,-0.115287,-0.115287,0.030792,0.279015,0.163728,-0.052629,-0.052629,0.004833,0.121592,0.068963,-0.026173,-0.026173,0.000437,0.056987,0.030815,0.032902,0.032902,0.042483,0.663246,0.696148,-0.031644,-0.031644,0.070300,0.811623,0.779979
harvest_total,harvest_2005_00276,2005,2014,9,2,-0.008649,-0.008649,0.003560,0.028800,0.020151,-0.016322,-0.016322,0.002781,0.053750,0.037428,-0.009508,-0.009508,0.000360,0.033619,0.024111,-0.138545,-0.138545,0.042818,0.317681,0.179136,-0.057159,-0.057159,0.000953,0.140595,0.083435,-0.026399,-0.026399,0.007039,0.064398,0.037999,0.000002,0.000002,0.069518,0.659280,0.659282,-0.041637,-0.041637,0.030985,0.809996,0.768359
harvest_total,harvest_2005_00276,2005,2015,10,2,-0.006318,-0.006318,0.000088,0.023815,0.017497,-0.005019,-0.005019,0.000117,0.039608,0.034589,-0.005286,-0.005286,0.000904,0.024228,0.018942,-0.091801,-0.091801,0.026319,0.260825,0.169023,-0.037339,-0.037339,0.000029,0.105766,0.068427,-0.013942,-0.013942,0.003947,0.042288,0.028347,-0.027279,-0.027279,0.022455,0.720263,0.692985,-0.036979,-0.036979,0.031928,0.829309,0.792330
harvest_total,harvest_2005_00276,2005,2016,11,2,0.001622,0.001622,0.001245,0.016583,0.018205,-0.008147,-0.008147,0.000146,0.037916,0.029769,-0.001169,-0.001169,0.004318,0.021210,0.020041,-0.116097,-0.116097,0.031084,0.286564,0.170466,-0.037153,-0.037153,0.003558,0.119227,0.082074,-0.007493,-0.007493,0.007117,0.048840,0.041347,-0.097477,-0.097477,0.083531,0.707699,0.610222,-0.071894,-0.071894,0.049912,0.861347,0.789453
harvest_total,harvest_2005_00276,2005,2019,14,2,-0.001973,-0.001973,0.001916,0.025988,0.024015,-0.006697,-0.006697,0.001846,0.045809,0.039112,-0.003747,-0.003747,0.006330,0.031034,0.027287,-0.092992,-0.092992,0.042177,0.271887,0.178895,-0.025658,-0.025658,0.002138,0.113294,0.087636,-0.009797,-0.009797,0.001137,0.048662,0.038865,-0.073579,-0.073579,0.046576,0.704856,0.631277,-0.076741,-0.076741,0.059148,0.820313,0.743572
harvest_total,harvest_2005_00276,2005,2021,16,2,-0.004984,-0.004984,0.000846,0.026249,0.021265,-0.006978,-0.006978,0.002032,0.044042,0.037064,-0.002200,-0.002200,0.003850,0.028098,0.025899,-0.074559,-0.074559,0.004094,0.241945,0.167386,-0.036094,-0.036094,0.003364,0.118821,0.082728,-0.011887,-0.011887,0.004151,0.051659,0.039773,-0.036695,-0.036695,0.042832,0.648191,0.611496,-0.062263,-0.062263,0.046364,0.796638,0.734375
harvest_total,harvest_2005_00276,2005,2022,17,2,-0.006510,-0.006510,0.000145,0.025376,0.018866,-0.009522,-0.009522,0.004210,0.038762,0.029240,-0.005940,-0.005940,0.002217,0.026070,0.020131,-0.064680,-0.064680,0.001672,0.212678,0.147999,-0.039552,-0.039552,0.004462,0.115597,0.076045,-0.014211,-0.014211,0.002887,0.052147,0.037937,-0.038606,-0.038606,0.018028,0.610375,0.571769,-0.062826,-0.062826,0.065380,0.779513,0.716686
harvest_total,harvest_2005_00276,2005,2023,18,2,-0.001059,-0.001059,0.002820,0.023836,0.022777,-0.003857,-0.003857,0.000457,0.035902,0.032045,-0.002028,-0.002028,0.001954,0.025768,0.023740,-0.054725,-0.054725,0.023508,0.193312,0.138587,-0.035620,-0.035620,0.014185,0.115054,0.079434,-0.018466,-0.018466,0.001653,0.056218,0.037752,0.024212,0.024212,0.032171,0.550358,0.574571,-0.065582,-0.065582,0.051068,0.770122,0.704540
harvest_total,harvest_2005_00276,2005,2024,19,2,-0.010719,-0.010719,0.001818,0.036459,0.025740,-0.011495,-0.011495,0.007583,0.051708,0.040212,-0.009178,-0.009178,0.008468,0.038370,0.029192,-0.072958,-0.072958,0.034263,0.207178,0.134221,-0.055289,-0.055289,0.015964,0.143970,0.088681,-0.028690,-0.028690,0.004423,0.071329,0.042639,0.043940,0.043940,0.037936,0.486970,0.530911,-0.054795,-0.054795,0.032750,0.712268,0.657472
harvest_total,harvest_2005_00276,2005,2025,20,2,-0.008146,-0.008146,0.003043,0.033668,0.025521,-0.005974,-0.005974,0.000672,0.046138,0.040165,-0.001582,-0.001582,0.001730,0.032210,0.030628,-0.078960,-0.078960,0.029838,0.223665,0.144705,-0.041786,-0.041786,0.013670,0.134317,0.092531,-0.018864,-0.018864,0.004939,0.066640,0.047775,-0.025658,-0.025658,0.025634,0.543632,0.517975,-0.084574,-0.084574,0.063322,0.747519,0.662945
harvest_total,harvest_2005_00303,2005,2002,-3,1,0.000894,0.000894,,0.023011,0.023905,0.012430,0.012430,,0.035290,0.047720,0.015524,0.015524,,0.019904,0.035428,0.093858,0.093858,,0.177712,0.271570,0.080479,0.080479,,0.073364,0.153843,0.039931,0.039931,,0.029762,0.069693,-0.106799,-0.106799,,0.714049,0.607250,-0.007370,-0.007370,,0.788791,0.781421
harvest_total,harvest_2005_00303,2005,2005,0,1,0.004373,0.004373,,0.022337,0.026710,0.013420,0.013420,,0.031894,0.045314,0.002888,0.002888,,0.031467,0.034355,0.151635,0.151635,,0.128831,0.280466,0.049417,0.049417,,0.104260,0.153677,-0.003080,-0.003080,,0.069665,0.066585,0.298340,0.298340,,0.325109,0.623449,0.225207,0.225207,,0.556576,0.781783
harvest_total,harvest_2005_00303,2005,2006,1,1,-0.041580,-0.041580,,0.069142,0.027562,-0.040838,-0.040838,,0.090373,0.049535,-0.071913,-0.071913,,0.110833,0.038920,0.165001,0.165001,,0.161762,0.326763,-0.087449,-0.087449,,0.263842,0.176393,-0.104802,-0.104802,,0.181947,0.077145,0.666823,0.666823,,-0.039678,0.627145,0.573773,0.573773,,0.205196,0.778969
harvest_total,harvest_2005_00303,2005,2007,2,1,-0.043216,-0.043216,,0.069445,0.026229,-0.048469,-0.048469,,0.096753,0.048284,-0.072380,-0.072380,,0.110420,0.038040,0.095439,0.095439,,0.185550,0.280989,-0.114606,-0.114606,,0.258700,0.144094,-0.130254,-0.130254,,0.193883,0.063629,0.649137,0.649137,,-0.027855,0.621282,0.455037,0.455037,,0.298830,0.753867
harvest_total,harvest_2005_00303,2005,2008,3,1,-0.024434,-0.024434,,0.055984,0.031550,-0.029659,-0.029659,,0.080734,0.051075,-0.050559,-0.050559,,0.085684,0.035125,0.090049,0.090049,,0.186306,0.276355,-0.094943,-0.094943,,0.239326,0.144383,-0.105174,-0.105174,,0.168459,0.063285,0.590846,0.590846,,0.042667,0.633513,0.394139,0.394139,,0.384392,0.778531
harvest_total,harvest_2005_00303,2005,2013,8,1,-0.014602,-0.014602,,0.037682,0.023080,-0.025603,-0.025603,,0.070394,0.044791,-0.027252,-0.027252,,0.057950,0.030698,-0.067265,-0.067265,,0.334408,0.267143,-0.083201,-0.083201,,0.236686,0.153485,-0.058423,-0.058423,,0.128116,0.069693,0.140666,0.140666,,0.446114,0.586780,0.091635,0.091635,,0.704427,0.796062
harvest_total,harvest_2005_00303,2005,2014,9,1,-0.008786,-0.008786,,0.034410,0.025624,-0.015826,-0.015826,,0.067520,0.051694,-0.017325,-0.017325,,0.051240,0.033915,-0.025272,-0.025272,,0.315075,0.289803,-0.045719,-0.045719,,0.198255,0.152536,-0.041319,-0.041319,,0.108413,0.067094,0.113349,0.113349,,0.497004,0.610353,0.057298,0.057298,,0.731713,0.789011
harvest_total,harvest_2005_00303,2005,2015,10,1,-0.011660,-0.011660,,0.034795,0.023135,-0.006215,-0.006215,,0.057881,0.051666,-0.010257,-0.010257,,0.046207,0.035950,-0.048359,-0.048359,,0.324178,0.275819,-0.049459,-0.049459,,0.197760,0.148301,-0.031996,-0.031996,,0.101730,0.069734,0.106496,0.106496,,0.499521,0.606017,0.037780,0.037780,,0.736216,0.773996
harvest_total,harvest_2005_00303,2005,2019,14,1,-0.009543,-0.009543,,0.031468,0.021925,-0.009185,-0.009185,,0.058995,0.049810,-0.014809,-0.014809,,0.044448,0.029639,-0.042653,-0.042653,,0.357343,0.314690,-0.026621,-0.026621,,0.186953,0.160332,-0.018453,-0.018453,,0.087430,0.068977,0.035997,0.035997,,0.616875,0.652872,0.045105,0.045105,,0.773862,0.818967
harvest_total,harvest_2005_00303,2005,2020,15,1,-0.001252,-0.001252,,0.020454,0.019202,-0.003121,-0.003121,,0.044461,0.041340,-0.007714,-0.007714,,0.031949,0.024235,-0.026125,-0.026125,,0.320974,0.294849,-0.013626,-0.013626,,0.154035,0.140409,-0.007068,-0.007068,,0.067878,0.060810,0.006767,0.006767,,0.650594,0.657361,0.029330,0.029330,,0.818437,0.847767
harvest_total,harvest_2005_00303,2005,2021,16,1,0.000880,0.000880,,0.025280,0.026160,0.001403,0.001403,,0.053330,0.054733,-0.001044,-0.001044,,0.036417,0.035373,-0.026978,-0.026978,,0.309795,0.282817,0.003328,0.003328,,0.158517,0.161845,-0.012458,-0.012458,,0.078575,0.066117,0.029949,0.029949,,0.596588,0.626537,-0.004832,-0.004832,,0.786218,0.781386
harvest_total,harvest_2005_00303,2005,2022,17,1,-0.001512,-0.001512,,0.020632,0.019120,-0.004097,-0.004097,,0.042605,0.038508,-0.006655,-0.006655,,0.030780,0.024125,-0.042570,-0.042570,,0.317935,0.275365,-0.011275,-0.011275,,0.144025,0.132750,-0.007040,-0.007040,,0.063945,0.056905,-0.011358,-0.011358,,0.668835,0.657477,0.023006,0.023006,,0.815887,0.838893
harvest_total,harvest_2005_00303,2005,2023,18,1,0.000398,0.000398,,0.021554,0.021952,-0.002201,-0.002201,,0.045053,0.042852,-0.002791,-0.002791,,0.033131,0.030340,-0.010010,-0.010010,,0.303635,0.293625,-0.018164,-0.018164,,0.153829,0.135665,-0.005652,-0.005652,,0.066159,0.060507,-0.005984,-0.005984,,0.662732,0.656748,-0.006434,-0.006434,,0.809345,0.802911
harvest_total,harvest_2005_00303,2005,2024,19,1,-0.001512,-0.001512,,0.022832,0.021320,-0.001485,-0.001485,,0.047445,0.045960,-0.002461,-0.002461,,0.031729,0.029268,-0.008951,-0.008951,,0.282199,0.273248,0.006050,0.006050,,0.143118,0.149168,-0.000427,-0.000427,,0.066214,0.065787,-0.024390,-0.024390,,0.621259,0.596869,-0.000492,-0.000492,,0.800039,0.799547
harvest_total,harvest_2005_00303,2005,2025,20,1,0.002888,0.002888,,0.018212,0.021100,0.002943,0.002943,,0.044255,0.047198,0.002750,0.002750,,0.026985,0.029735,-0.015345,-0.015345,,0.285705,0.270360,-0.002860,-0.002860,,0.136270,0.133410,-0.003410,-0.003410,,0.063175,0.059765,-0.030263,-0.030263,,0.668188,0.637925,-0.026029,-0.026029,,0.830298,0.804269
harvest_total,harvest_2005_00365,2005,2002,-3,2,0.003877,0.003877,0.003558,0.021994,0.025871,0.015744,0.015744,0.006786,0.034527,0.050271,0.003458,0.003458,0.004735,0.024950,0.028408,0.201493,0.201493,0.034457,0.191146,0.392639,0.064583,0.064583,0.028001,0.089665,0.154248,0.017861,0.017861,0.012659,0.039787,0.057647,0.102598,0.102598,0.031405,0.638253,0.740850,0.121954,0.121954,0.018207,0.747451,0.869406
harvest_total,harvest_2005_00365,2005,2004,-1,1,-0.029177,-0.029177,,0.058307,0.029130,-0.037730,-0.037730,,0.089506,0.051776,-0.085374,-0.085374,,0.116058,0.030684,0.230643,0.230643,,0.202751,0.433394,-0.071266,-0.071266,,0.232149,0.160883,-0.104982,-0.104982,,0.171319,0.066337,0.608332,0.608332,,0.108184,0.716516,0.583379,0.583379,,0.280761,0.864140
harvest_total,harvest_2005_00365,2005,2005,0,1,-0.053927,-0.053927,,0.085560,0.031633,-0.076229,-0.076229,,0.120457,0.044228,-0.121495,-0.121495,,0.154832,0.033337,0.122100,0.122100,,0.260377,0.382477,-0.204986,-0.204986,,0.358388,0.153402,-0.236087,-0.236087,,0.293212,0.057125,0.816333,0.816333,,-0.070265,0.746068,0.618150,0.618150,,0.218418,0.836568
harvest_total,harvest_2005_00365,2005,2006,1,2,-0.068943,-0.068943,0.037413,0.087066,0.018123,-0.078410,-0.078410,0.042266,0.111417,0.033007,-0.111973,-0.111973,0.054106,0.130192,0.018219,0.103255,0.103255,0.004346,0.271089,0.374344,-0.183611,-0.183611,0.025191,0.313460,0.129849,-0.161611,-0.161611,0.040826,0.211159,0.049548,0.644003,0.644003,0.107231,0.133876,0.777879,0.527181,0.527181,0.206851,0.384378,0.911559
harvest_total,harvest_2005_00365,2005,2010,5,1,-0.048043,-0.048043,,0.067575,0.019532,-0.055949,-0.055949,,0.091363,0.035414,-0.087065,-0.087065,,0.108853,0.021788,0.094628,0.094628,,0.257242,0.351870,-0.150274,-0.150274,,0.274128,0.123854,-0.154908,-0.154908,,0.199383,0.044475,0.645319,0.645319,,0.130546,0.775865,0.477911,0.477911,,0.405332,0.883243
harvest_total,harvest_2005_00365,2005,2013,8,2,-0.024826,-0.024826,0.019631,0.044826,0.019999,-0.042652,-0.042652,0.019504,0.078424,0.035771,-0.049479,-0.049479,0.033941,0.069328,0.019849,0.016720,0.016720,0.025279,0.337295,0.354016,-0.121860,-0.121860,0.022838,0.238453,0.116594,-0.092538,-0.092538,0.042780,0.136559,0.044021,0.344935,0.344935,0.146073,0.435657,0.780591,0.229656,0.229656,0.158084,0.665081,0.894737
harvest_total,harvest_2005_00365,2005,2014,9,2,-0.016802,-0.016802,0.010345,0.034479,0.017676,-0.033825,-0.033825,0.003889,0.066888,0.033063,-0.037345,-0.037345,0.023179,0.054512,0.017167,0.031419,0.031419,0.049761,0.345587,0.377005,-0.086487,-0.086487,0.011900,0.210712,0.124225,-0.061078,-0.061078,0.019445,0.107698,0.046620,0.253383,0.253383,0.127011,0.531421,0.784805,0.182671,0.182671,0.129838,0.723585,0.906257
harvest_total,harvest_2005_00365,2005,2015,10,2,-0.016967,-0.016967,0.006846,0.033516,0.016549,-0.027183,-0.027183,0.002548,0.062982,0.035798,-0.027157,-0.027157,0.013164,0.046648,0.019491,-0.008608,-0.008608,0.014078,0.341503,0.332895,-0.081909,-0.081909,0.016860,0.194254,0.112345,-0.052828,-0.052828,0.022635,0.094305,0.041478,0.240661,0.240661,0.148205,0.536228,0.776890,0.128630,0.128630,0.073613,0.757540,0.886170
harvest_total,harvest_2005_00365,2005,2016,11,2,-0.019484,-0.019484,0.015809,0.038081,0.018597,-0.039408,-0.039408,0.013768,0.072855,0.033447,-0.038754,-0.038754,0.025172,0.056684,0.017931,-0.005287,-0.005287,0.046308,0.358704,0.353417,-0.083428,-0.083428,0.033631,0.202407,0.118979,-0.061483,-0.061483,0.039893,0.107519,0.046036,0.218686,0.218686,0.156570,0.552130,0.770817,0.168019,0.168019,0.118293,0.736714,0.904734
harvest_total,harvest_2005_00365,2005,2017,12,1,-0.017683,-0.017683,,0.038975,0.021292,-0.029205,-0.029205,,0.070160,0.040955,-0.043285,-0.043285,,0.064935,0.021650,0.003658,0.003658,,0.314195,0.317853,-0.089210,-0.089210,,0.199520,0.110310,-0.073012,-0.073012,,0.116965,0.043953,0.332359,0.332359,,0.442703,0.775062,0.226474,0.226474,,0.655052,0.881526
harvest_total,harvest_2005_00365,2005,2018,13,2,-0.015366,-0.015366,0.009868,0.034217,0.018852,-0.026798,-0.026798,0.005600,0.064976,0.038178,-0.027239,-0.027239,0.020029,0.049480,0.022242,-0.004971,-0.004971,0.044345,0.342782,0.337811,-0.075549,-0.075549,0.021400,0.186567,0.111018,-0.050249,-0.050249,0.028440,0.091898,0.041650,0.200726,0.200726,0.153537,0.573712,0.774438,0.120657,0.120657,0.121980,0.751495,0.872152
harvest_total,harvest_2005_00365,2005,2019,14,2,-0.037083,-0.037083,0.043188,0.055626,0.018542,-0.060190,-0.060190,0.045959,0.092194,0.032004,-0.079653,-0.079653,0.091141,0.098141,0.018488,-0.033694,-0.033694,0.036781,0.329244,0.295551,-0.114394,-0.114394,0.075127,0.222971,0.108577,-0.093555,-0.093555,0.090616,0.134331,0.040777,0.327178,0.327178,0.344439,0.430556,0.757734,0.338062,0.338062,0.401999,0.544002,0.882065
harvest_total,harvest_2005_00365,2005,2020,15,2,-0.036417,-0.036417,0.038590,0.056190,0.019773,-0.054072,-0.054072,0.047088,0.087692,0.033619,-0.066103,-0.066103,0.076236,0.085780,0.019677,0.031433,0.031433,0.108719,0.290201,0.321634,-0.056018,-0.056018,0.010286,0.172803,0.116786,-0.053212,-0.053212,0.040155,0.095611,0.042399,0.335735,0.335735,0.358700,0.434304,0.770039,0.390122,0.390122,0.486938,0.494150,0.884272
harvest_total,harvest_2005_00365,2005,2021,16,1,-0.069300,-0.069300,,0.083140,0.013840,-0.095315,-0.095315,,0.126150,0.030835,-0.118250,-0.118250,,0.137315,0.019065,0.043477,0.043477,,0.213105,0.256582,-0.112694,-0.112694,,0.208072,0.095378,-0.117948,-0.117948,,0.156098,0.038150,0.601462,0.601462,,0.146310,0.747772,0.654238,0.654238,,0.207433,0.861671
harvest_total,harvest_2005_00365,2005,2022,17,2,-0.027658,-0.027658,0.035205,0.045444,0.017786,-0.050958,-0.050958,0.042274,0.080843,0.029886,-0.052428,-0.052428,0.061001,0.072566,0.020138,-0.019429,-0.019429,0.088769,0.270209,0.250780,-0.045443,-0.045443,0.010520,0.155272,0.109829,-0.041051,-0.041051,0.034701,0.085374,0.044324,0.207372,0.207372,0.271565,0.495373,0.702746,0.305669,0.305669,0.390059,0.555511,0.861180
harvest_total,harvest_2005_00365,2005,2023,18,2,-0.026070,-0.026070,0.032008,0.046180,0.020110,-0.038940,-0.038940,0.055109,0.069170,0.030230,-0.051108,-0.051108,0.058628,0.073377,0.022269,0.083985,0.083985,0.108934,0.148370,0.232355,-0.072112,-0.072112,0.043141,0.178881,0.106770,-0.109278,-0.109278,0.007710,0.154805,0.045527,0.717797,0.717797,0.326865,-0.041340,0.676457,0.412497,0.412497,0.141239,0.415878,0.828375
harvest_total,harvest_2005_00365,2005,2024,19,2,-0.025265,-0.025265,0.015566,0.045774,0.020508,-0.041677,-0.041677,0.028293,0.073164,0.031488,-0.041272,-0.041272,0.035031,0.064440,0.023169,0.007865,0.007865,0.016626,0.216749,0.224614,-0.056973,-0.056973,0.013933,0.173690,0.116718,-0.065395,-0.065395,0.004005,0.116291,0.050896,0.326618,0.326618,0.054761,0.303383,0.630001,0.289957,0.289957,0.251980,0.523645,0.813602
harvest_total,harvest_2005_00365,2005,2025,20,2,-0.022578,-0.022578,0.014137,0.044187,0.021609,-0.031426,-0.031426,0.022956,0.073020,0.041594,-0.038548,-0.038548,0.026338,0.061580,0.023032,0.048764,0.048764,0.049674,0.238653,0.287416,-0.043540,-0.043540,0.034233,0.164004,0.120465,-0.048043,-0.048043,0.006923,0.097110,0.049068,0.297847,0.297847,0.086980,0.405691,0.703538,0.272279,0.272279,0.235363,0.571414,0.843693
harvest_total,harvest_2005_00705,2005,2002,-3,10,0.001533,-0.000079,0.004448,0.025685,0.026243,-0.000357,-0.000003,0.006749,0.040130,0.039065,-0.001010,-0.001239,0.005433,0.029061,0.027439,0.052580,0.062681,0.031373,0.166878,0.223514,0.022907,0.028028,0.019959,0.076361,0.104356,0.011275,0.011868,0.010518,0.033585,0.044413,-0.001613,-0.001904,0.052012,0.676092,0.671364,0.063106,0.069168,0.034012,0.719921,0.782288
harvest_total,harvest_2005_00705,2005,2005,0,6,-0.001059,-0.000914,0.006260,0.022565,0.020825,0.003239,0.003472,0.006301,0.033633,0.037662,-0.009261,-0.007599,0.007765,0.038060,0.027535,0.093384,0.099138,0.042886,0.171937,0.260618,0.009433,0.017834,0.025277,0.091692,0.104178,-0.004270,-0.003680,0.016604,0.044654,0.042413,0.083405,0.191717,0.220315,0.612888,0.709858,0.119768,0.165802,0.092375,0.661142,0.794672
harvest_total,harvest_2005_00705,2005,2006,1,6,-0.025541,-0.025481,0.002110,0.045644,0.020049,-0.025822,-0.026847,0.002779,0.061669,0.036163,-0.054381,-0.055048,0.004967,0.078974,0.025816,0.087746,0.097765,0.032717,0.142980,0.231695,-0.125750,-0.125434,0.015253,0.245995,0.108021,-0.130288,-0.129876,0.013904,0.180572,0.047596,0.806064,0.770051,0.090937,-0.133242,0.666824,0.536466,0.521713,0.045963,0.274718,0.806997
harvest_total,harvest_2005_00705,2005,2009,4,7,-0.020364,-0.020845,0.005689,0.055516,0.036431,-0.022647,-0.024966,0.006278,0.074051,0.049219,-0.034677,-0.036982,0.006618,0.070050,0.035373,0.054436,0.042049,0.037225,0.185949,0.238336,-0.103840,-0.106916,0.022052,0.213476,0.096670,-0.098161,-0.098142,0.017644,0.140505,0.038810,0.564113,0.538792,0.086404,0.150126,0.719879,0.300804,0.286582,0.061968,0.454954,0.750924
harvest_total,harvest_2005_00705,2005,2010,5,9,-0.022825,-0.022452,0.005626,0.038975,0.015902,-0.027953,-0.028705,0.005330,0.059682,0.031990,-0.036809,-0.038972,0.006934,0.058362,0.022448,0.048731,0.042541,0.039448,0.188933,0.216487,-0.122072,-0.123927,0.019882,0.227982,0.091500,-0.101145,-0.108589,0.016847,0.152509,0.038659,0.580424,0.590193,0.082874,0.098532,0.730052,0.275462,0.299134,0.053143,0.530552,0.819198
harvest_total,harvest_2005_00705,2005,2011,6,6,-0.015469,-0.015013,0.003185,0.038796,0.022873,-0.020570,-0.019239,0.006754,0.058651,0.038288,-0.032890,-0.032803,0.003657,0.057029,0.023808,0.042337,0.032457,0.052290,0.203879,0.240001,-0.102686,-0.104127,0.015575,0.202559,0.100080,-0.090091,-0.092730,0.013367,0.130550,0.043636,0.493440,0.501919,0.111205,0.222701,0.716141,0.257398,0.253286,0.053979,0.557653,0.813532
harvest_total,harvest_2005_00705,2005,2013,8,10,-0.022790,-0.020734,0.009606,0.039546,0.018535,-0.023265,-0.022644,0.012291,0.059414,0.035840,-0.032429,-0.029972,0.012142,0.052278,0.021952,0.000722,-0.008353,0.066874,0.248868,0.232892,-0.105312,-0.101105,0.028092,0.205364,0.102122,-0.078087,-0.076838,0.021621,0.124047,0.044317,0.372015,0.356507,0.116404,0.337896,0.685297,0.210218,0.187162,0.075448,0.634634,0.839926
harvest_total,harvest_2005_00705,2005,2014,9,10,-0.009295,-0.009063,0.008060,0.027089,0.018013,-0.015098,-0.013111,0.008856,0.046894,0.035173,-0.022048,-0.022041,0.008266,0.040907,0.019732,0.008477,0.002269,0.048880,0.256397,0.246435,-0.075528,-0.072606,0.020854,0.181823,0.100891,-0.058870,-0.055514,0.013929,0.103600,0.043025,0.257120,0.263226,0.095475,0.448276,0.703075,0.132726,0.135747,0.058181,0.718689,0.849501
harvest_total,harvest_2005_00705,2005,2015,10,10,-0.008058,-0.006189,0.010951,0.038432,0.032746,-0.012925,-0.011729,0.008939,0.055337,0.043802,-0.018528,-0.016526,0.008174,0.042977,0.027810,-0.013812,-0.015697,0.036312,0.258996,0.245513,-0.074429,-0.072238,0.021757,0.180133,0.099117,-0.050291,-0.052462,0.013682,0.095357,0.041079,0.211308,0.241012,0.101104,0.488606,0.714261,0.080282,0.087911,0.068042,0.724993,0.785051
harvest_total,harvest_2005_00705,2005,2016,11,8,-0.016170,-0.015524,0.004405,0.029638,0.014410,-0.023258,-0.022131,0.004750,0.051886,0.030038,-0.022344,-0.021928,0.006552,0.039883,0.018185,-0.014959,-0.024446,0.043470,0.263814,0.239849,-0.069066,-0.063496,0.019073,0.166548,0.093742,-0.046311,-0.044103,0.013924,0.089293,0.041010,0.215317,0.202327,0.105598,0.498164,0.704066,0.140646,0.130916,0.062668,0.738269,0.861020
harvest_total,harvest_2005_00705,2005,2018,13,7,-0.012086,-0.010648,0.004891,0.029666,0.016906,-0.014299,-0.012780,0.006473,0.050374,0.036032,-0.017119,-0.015643,0.006305,0.036376,0.020082,-0.037441,-0.043299,0.033100,0.278816,0.237456,-0.052016,-0.047449,0.022011,0.143613,0.091376,-0.033756,-0.030154,0.013681,0.068496,0.037201,0.120721,0.119799,0.090147,0.605467,0.722614,0.078372,0.081380,0.059913,0.763967,0.840187
harvest_total,harvest_2005_00705,2005,2019,14,3,-0.006366,-0.008493,0.004529,0.028388,0.020303,-0.009817,-0.007242,0.005329,0.047995,0.042096,-0.008002,-0.011151,0.007109,0.032815,0.023864,-0.025974,-0.033427,0.052101,0.280329,0.246792,-0.032464,-0.029283,0.025532,0.139047,0.108467,-0.012031,-0.019305,0.021454,0.065375,0.048050,-0.019062,0.056275,0.140800,0.663732,0.662274,-0.026691,0.021396,0.091398,0.811622,0.800662
harvest_total,harvest_2005_00705,2005,2020,15,8,-0.005679,-0.009001,0.007788,0.023533,0.014211,-0.007425,-0.011194,0.009346,0.044290,0.031103,-0.005974,-0.009406,0.008358,0.029006,0.018564,-0.061469,-0.073979,0.035687,0.280769,0.193442,-0.029583,-0.043024,0.031440,0.134186,0.087127,-0.012973,-0.020854,0.018376,0.058541,0.037710,0.009100,0.044280,0.111182,0.667881,0.680455,-0.001386,0.015878,0.058322,0.812368,0.825746
harvest_total,harvest_2005_00705,2005,2021,16,10,-0.009157,-0.009922,0.005998,0.027837,0.017924,-0.012718,-0.010467,0.008236,0.044846,0.034313,-0.012210,-0.011048,0.006500,0.031523,0.021319,-0.054044,-0.058075,0.056401,0.261176,0.193043,-0.047678,-0.037047,0.029433,0.130976,0.094133,-0.026270,-0.023173,0.017966,0.065829,0.039807,0.060032,0.071611,0.111175,0.624370,0.666702,0.030361,0.034487,0.055195,0.799389,0.797589
harvest_total,harvest_2005_00705,2005,2022,17,10,-0.004118,-0.003284,0.003061,0.020372,0.015916,-0.009412,-0.009505,0.008074,0.038713,0.026840,-0.006063,-0.006716,0.006176,0.024970,0.018694,-0.046276,-0.058660,0.049063,0.256761,0.190534,-0.018397,-0.018000,0.023913,0.119460,0.100974,-0.009707,-0.008869,0.011538,0.051323,0.039305,-0.035307,-0.022324,0.063744,0.696980,0.654202,-0.001665,0.006719,0.039607,0.828463,0.828546
harvest_total,harvest_2005_00705,2005,2024,19,10,-0.007501,-0.006254,0.005610,0.030395,0.021595,-0.016026,-0.015137,0.005462,0.052168,0.037022,-0.009818,-0.009579,0.006887,0.035400,0.025418,-0.041793,-0.040348,0.065990,0.213950,0.176283,-0.023354,-0.017556,0.024803,0.138037,0.114682,-0.019291,-0.012478,0.013554,0.069816,0.051907,-0.003222,0.008630,0.114398,0.552640,0.568008,0.033604,0.037562,0.083975,0.722768,0.772818
harvest_total,harvest_2005_00705,2005,2025,20,10,-0.006847,-0.005459,0.006702,0.026682,0.020214,-0.011385,-0.012140,0.011887,0.054244,0.038823,-0.011626,-0.009769,0.007818,0.034327,0.025933,-0.044880,-0.039042,0.044766,0.251138,0.214803,-0.029686,-0.025143,0.024889,0.136566,0.107051,-0.023644,-0.018919,0.018394,0.066172,0.047967,0.043451,0.047660,0.102198,0.567350,0.623105,0.028336,0.038473,0.046290,0.736272,0.790826
harvest_total,harvest_2005_00747,2005,2002,-3,1,0.053294,0.053294,,0.029928,0.083222,0.059496,0.059496,,0.047404,0.106900,0.057351,0.057351,,0.032279,0.089630,0.132563,0.132563,,0.253984,0.386547,0.047906,0.047906,,0.116277,0.164183,0.013269,0.013269,,0.050869,0.064138,0.044879,0.044879,,0.670499,0.715378,-0.140309,-0.140309,,0.778339,0.638030
harvest_total,harvest_2005_00747,2005,2004,-1,1,0.000165,0.000165,,0.028869,0.029034,0.006146,0.006146,,0.042880,0.049026,0.001596,0.001596,,0.027122,0.028718,0.066632,0.066632,,0.277565,0.344197,0.029054,0.029054,,0.103380,0.132434,0.002419,0.002419,,0.048133,0.050552,0.032625,0.032625,,0.692263,0.724888,0.017740,0.017740,,0.812118,0.829858
harvest_total,harvest_2005_00747,2005,2005,0,1,0.000729,0.000729,,0.021182,0.021911,0.004359,0.004359,,0.037036,0.041395,-0.008429,-0.008429,,0.034644,0.026215,0.112778,0.112778,,0.188396,0.301174,0.002916,0.002916,,0.120402,0.123318,-0.023279,-0.023279,,0.069610,0.046331,0.285465,0.285465,,0.447593,0.733058,0.151162,0.151162,,0.677562,0.828724
harvest_total,harvest_2005_00747,2005,2014,9,1,-0.008333,-0.008333,,0.023685,0.015352,-0.014987,-0.014987,,0.048572,0.033585,-0.018068,-0.018068,,0.035840,0.017772,-0.042762,-0.042762,,0.315735,0.272973,-0.071747,-0.071747,,0.173312,0.101565,-0.047025,-0.047025,,0.087375,0.040350,0.170384,0.170384,,0.572054,0.742438,0.068505,0.068505,,0.804101,0.872606
harvest_total,harvest_2005_00747,2005,2015,10,1,-0.010134,-0.010134,,0.028181,0.018047,-0.020296,-0.020296,,0.052863,0.032567,-0.018934,-0.018934,,0.036514,0.017580,-0.045210,-0.045210,,0.311665,0.266455,-0.067348,-0.067348,,0.166300,0.098952,-0.038610,-0.038610,,0.075880,0.037270,0.147899,0.147899,,0.608906,0.756805,0.085103,0.085103,,0.788839,0.873942
harvest_total,harvest_2005_00747,2005,2016,11,1,-0.002805,-0.002805,,0.018900,0.016095,-0.007975,-0.007975,,0.039580,0.031605,-0.006434,-0.006434,,0.023492,0.017058,-0.062026,-0.062026,,0.350041,0.288015,-0.047465,-0.047465,,0.149470,0.102005,-0.026318,-0.026318,,0.063890,0.037572,0.077730,0.077730,,0.691495,0.769225,0.013679,0.013679,,0.874524,0.888203
harvest_total,harvest_2005_00747,2005,2019,14,1,-0.008415,-0.008415,,0.024592,0.016177,-0.008978,-0.008978,,0.047431,0.038453,-0.008388,-0.008388,,0.030560,0.022172,-0.034828,-0.034828,,0.316546,0.281718,-0.043561,-0.043561,,0.148398,0.104837,-0.030347,-0.030347,,0.070504,0.040157,0.117934,0.117934,,0.634909,0.752843,0.031425,0.031425,,0.822650,0.854075
harvest_total,harvest_2005_00747,2005,2021,16,1,0.007191,0.007191,,0.023520,0.030711,-0.003589,-0.003589,,0.044173,0.040584,-0.006119,-0.006119,,0.026050,0.019931,-0.035269,-0.035269,,0.313865,0.278596,-0.027307,-0.027307,,0.135362,0.108055,-0.022179,-0.022179,,0.061883,0.039704,0.077918,0.077918,,0.670617,0.748535,0.017700,0.017700,,0.846726,0.864426
harvest_total,harvest_2005_00747,2005,2022,17,1,-0.002475,-0.002475,,0.016728,0.014253,0.000440,0.000440,,0.031550,0.031990,-0.000770,-0.000770,,0.018597,0.017827,-0.049995,-0.049995,,0.281058,0.231063,-0.011797,-0.011797,,0.105415,0.093618,-0.005115,-0.005115,,0.042275,0.037160,-0.007805,-0.007805,,0.741273,0.733468,-0.016419,-0.016419,,0.876665,0.860246
harvest_total,harvest_2005_00747,2005,2024,19,1,0.000055,0.000055,,0.020440,0.020495,-0.000881,-0.000881,,0.038013,0.037132,0.000110,0.000110,,0.026160,0.026270,-0.019992,-0.019992,,0.273852,0.253860,-0.000495,-0.000495,,0.113335,0.112840,-0.001843,-0.001843,,0.050525,0.048682,-0.015573,-0.015573,,0.688480,0.672907,-0.014074,-0.014074,,0.832989,0.818915
harvest_total,harvest_2005_00747,2005,2025,20,1,0.004909,0.004909,,0.015339,0.020248,0.009776,0.009776,,0.033324,0.043100,0.007562,0.007562,,0.019450,0.027012,0.024489,0.024489,,0.247961,0.272450,0.008291,0.008291,,0.098499,0.106790,0.005019,0.005019,,0.043471,0.048490,0.002972,0.002972,,0.702593,0.705565,-0.037900,-0.037900,,0.853797,0.815897
harvest_total,harvest_2005_00977,2005,2002,-3,10,-0.003988,-0.003339,0.004185,0.026037,0.022117,-0.002200,-0.001655,0.005382,0.036926,0.035881,0.000042,-0.000630,0.004306,0.023856,0.022564,0.039799,0.045953,0.074736,0.228656,0.273776,0.010808,0.019001,0.030340,0.101867,0.119618,0.002660,0.006430,0.011514,0.045052,0.049694,0.015525,0.019623,0.037775,0.669380,0.684085,0.029005,0.035777,0.041361,0.814696,0.839737
harvest_total,harvest_2005_00977,2005,2003,-2,5,0.000563,-0.000743,0.001878,0.022722,0.020632,0.001182,0.001331,0.002575,0.035496,0.035881,0.001265,0.000635,0.002426,0.024263,0.025528,0.037291,0.038913,0.068461,0.228931,0.248195,0.019635,0.014314,0.033123,0.098540,0.101977,0.002599,0.002951,0.012434,0.036679,0.039910,0.010030,0.013879,0.032026,0.686162,0.717765,0.015238,0.035791,0.071372,0.794185,0.830796
harvest_total,harvest_2005_00977,2005,2004,-1,5,0.000660,0.001012,0.002055,0.016810,0.018652,0.001457,0.001059,0.002462,0.036748,0.038329,-0.000908,0.001072,0.004567,0.021595,0.020687,0.118883,0.091704,0.068454,0.198613,0.299029,0.037372,0.032161,0.029416,0.084790,0.120691,0.009982,0.010928,0.010872,0.036142,0.050882,0.022336,0.031104,0.027231,0.693948,0.718740,0.056049,0.042471,0.057375,0.809217,0.865266
harvest_total,harvest_2005_00977,2005,2005,0,7,0.002489,0.002530,0.007500,0.029996,0.032609,0.002324,-0.000505,0.009293,0.044571,0.046716,0.001829,-0.000208,0.007102,0.032609,0.034878,0.028023,0.040893,0.079696,0.245101,0.245088,0.018948,0.011766,0.030860,0.118739,0.125765,-0.003946,0.000312,0.013961,0.051089,0.054430,0.040592,0.058683,0.105980,0.620506,0.656773,0.051401,0.074571,0.105331,0.766096,0.782291
harvest_total,harvest_2005_00977,2005,2006,1,6,-0.021017,-0.019963,0.006360,0.038562,0.017435,-0.029590,-0.026716,0.007137,0.062007,0.031674,-0.053198,-0.048730,0.017363,0.074243,0.023664,0.074910,0.076335,0.083144,0.183165,0.263389,-0.117240,-0.105444,0.039061,0.234363,0.121366,-0.104089,-0.101033,0.041119,0.149306,0.052944,0.523454,0.563700,0.198555,0.172442,0.690591,0.418785,0.412003,0.161435,0.439821,0.850429
harvest_total,harvest_2005_00977,2005,2007,2,3,-0.027844,-0.026437,0.003874,0.050415,0.021004,-0.033784,-0.033275,0.002521,0.070682,0.039346,-0.050283,-0.052717,0.007329,0.078987,0.027631,0.131931,0.069923,0.109696,0.178922,0.306151,-0.171682,-0.161342,0.023282,0.271460,0.133328,-0.140869,-0.152639,0.037996,0.199520,0.049851,0.760129,0.698125,0.222191,-0.078676,0.681453,0.456692,0.394824,0.146458,0.376105,0.832797
harvest_total,harvest_2005_00977,2005,2008,3,8,-0.016719,-0.016663,0.010737,0.037325,0.022620,-0.025177,-0.024535,0.011443,0.061387,0.039037,-0.034052,-0.032768,0.015477,0.057565,0.026208,-0.007047,-0.008761,0.065526,0.257545,0.240523,-0.132667,-0.126938,0.044034,0.228546,0.102768,-0.092331,-0.094255,0.039741,0.138250,0.042770,0.395621,0.421224,0.203890,0.319586,0.702131,0.187212,0.203547,0.125359,0.626427,0.825252
harvest_total,harvest_2005_00977,2005,2010,5,3,-0.022082,-0.021436,0.008015,0.039717,0.016631,-0.037359,-0.034389,0.010029,0.068125,0.030766,-0.038651,-0.037643,0.012255,0.057166,0.019849,-0.102176,-0.111727,0.056108,0.345490,0.243314,-0.162195,-0.162672,0.009510,0.276231,0.111424,-0.101077,-0.102726,0.017562,0.148769,0.040075,0.278052,0.293948,0.104923,0.400486,0.712014,0.142672,0.132617,0.090085,0.717724,0.852842
harvest_total,harvest_2005_00977,2005,2011,6,1,0.005060,0.005060,,0.023575,0.028635,-0.020624,-0.020624,,0.058582,0.037958,-0.015977,-0.015977,,0.038562,0.022585,-0.173002,-0.173002,,0.405137,0.232135,-0.134667,-0.134667,,0.235847,0.101180,-0.064790,-0.064790,,0.111080,0.046290,0.074514,0.074514,,0.592973,0.667487,0.011556,0.011556,,0.826178,0.837734
harvest_total,harvest_2005_00977,2005,2012,7,1,-0.010918,-0.010918,,0.019560,0.008642,-0.011000,-0.011000,,0.029570,0.018570,-0.011907,-0.011907,,0.020577,0.008670,0.073645,0.073645,,0.176943,0.250588,-0.024392,-0.024392,,0.115315,0.090923,-0.027528,-0.027528,,0.058088,0.030560,0.276904,0.276904,,0.505701,0.782605,0.141476,0.141476,,0.791641,0.933117
harvest_total,harvest_2005_00977,2005,2013,8,1,-0.012980,-0.012980,,0.029020,0.016040,-0.025162,-0.025162,,0.055667,0.030505,-0.014795,-0.014795,,0.031715,0.016920,-0.232100,-0.232100,,0.431097,0.198997,-0.123282,-0.123282,,0.207852,0.084570,-0.052690,-0.052690,,0.090015,0.037325,0.032559,0.032559,,0.651117,0.683676,-0.034917,-0.034917,,0.869992,0.835075
harvest_total,harvest_2005_00977,2005,2014,9,10,-0.008538,-0.008779,0.004911,0.027603,0.019711,-0.019999,-0.019327,0.004994,0.054650,0.035944,-0.013571,-0.015148,0.007728,0.033956,0.020687,-0.090826,-0.086731,0.080484,0.373045,0.268008,-0.082754,-0.078431,0.033546,0.194089,0.113253,-0.041896,-0.042308,0.020868,0.091789,0.046827,0.064308,0.095868,0.102742,0.654032,0.705825,0.012939,0.040654,0.064985,0.847880,0.858646
harvest_total,harvest_2005_00977,2005,2015,10,9,-0.013914,-0.012766,0.004555,0.031234,0.017195,-0.017903,-0.018190,0.005245,0.053646,0.034988,-0.014657,-0.013287,0.004736,0.034217,0.019560,-0.115651,-0.096679,0.070525,0.365785,0.253640,-0.075144,-0.070750,0.027995,0.179308,0.104590,-0.035172,-0.035203,0.013106,0.078479,0.043430,0.055236,0.071650,0.064266,0.660332,0.714366,0.012879,0.024017,0.042401,0.837330,0.857290
harvest_total,harvest_2005_00977,2005,2016,11,8,-0.008814,-0.008279,0.004553,0.031220,0.022186,-0.020928,-0.018499,0.011062,0.061621,0.040542,-0.012932,-0.009860,0.011334,0.036830,0.025197,-0.118876,-0.105846,0.083245,0.400325,0.282481,-0.058836,-0.065857,0.031792,0.184698,0.114415,-0.029920,-0.032201,0.013843,0.088763,0.053275,0.026838,0.027780,0.065029,0.679531,0.694945,0.004078,0.005697,0.052803,0.836882,0.842333
harvest_total,harvest_2005_00977,2005,2017,12,10,-0.007149,-0.007121,0.003850,0.025114,0.018240,-0.019071,-0.016947,0.005917,0.055681,0.039628,-0.009783,-0.011023,0.005083,0.032293,0.022124,-0.110337,-0.113039,0.081042,0.375891,0.258143,-0.064598,-0.054641,0.028398,0.166939,0.106432,-0.023588,-0.023570,0.013226,0.070023,0.046111,-0.013015,0.013653,0.062685,0.708576,0.699172,0.001480,0.009295,0.049368,0.859994,0.859976
harvest_total,harvest_2005_00977,2005,2018,13,9,-0.005335,-0.006601,0.006164,0.025060,0.019753,-0.015331,-0.011562,0.011350,0.048298,0.036225,-0.008332,-0.007452,0.008887,0.029048,0.021265,-0.068419,-0.097733,0.079120,0.358800,0.277675,-0.053872,-0.046163,0.035395,0.165695,0.108660,-0.020556,-0.018909,0.018630,0.066475,0.045919,0.000375,0.009493,0.059195,0.704813,0.710546,0.010772,0.001758,0.050041,0.853715,0.852727
harvest_total,harvest_2005_00977,2005,2019,14,10,-0.005019,-0.005808,0.003344,0.023026,0.017779,-0.013468,-0.013544,0.003920,0.045953,0.031873,-0.006222,-0.006967,0.003896,0.025466,0.018742,-0.112599,-0.110987,0.069934,0.358587,0.256252,-0.058485,-0.047054,0.024685,0.155533,0.112249,-0.019745,-0.018803,0.010484,0.063636,0.045836,-0.020345,-0.011413,0.042904,0.717395,0.687614,-0.023237,-0.014139,0.035306,0.873542,0.851144
harvest_total,harvest_2005_00977,2005,2020,15,10,-0.007548,-0.006032,0.004665,0.025562,0.019643,-0.012155,-0.011822,0.003536,0.044640,0.034025,-0.004544,-0.005618,0.003586,0.024510,0.019938,-0.141722,-0.137812,0.073015,0.390384,0.257194,-0.055632,-0.052258,0.025616,0.156372,0.107767,-0.019573,-0.018284,0.010368,0.062817,0.045843,-0.028440,-0.021611,0.036481,0.731069,0.698657,-0.026798,-0.019130,0.030616,0.880354,0.855352
harvest_total,harvest_2005_00977,2005,2021,16,10,-0.005156,-0.004916,0.004546,0.023176,0.018343,-0.011605,-0.010784,0.003579,0.042825,0.032155,-0.005719,-0.005716,0.003224,0.025059,0.019381,-0.123372,-0.119119,0.063045,0.333321,0.215284,-0.042529,-0.039244,0.027280,0.139708,0.099599,-0.014204,-0.013581,0.011039,0.056960,0.045080,-0.044135,-0.042011,0.040746,0.719768,0.664567,-0.026257,-0.023752,0.027048,0.868572,0.836876
harvest_total,harvest_2005_00977,2005,2022,17,10,-0.003548,-0.003186,0.004575,0.022489,0.019120,-0.008828,-0.009188,0.004063,0.043292,0.033812,-0.000990,-0.001963,0.003085,0.022406,0.021911,-0.126947,-0.130500,0.084706,0.355314,0.218288,-0.032663,-0.031592,0.034405,0.137570,0.109953,-0.009817,-0.007747,0.013020,0.058314,0.050003,-0.086429,-0.082161,0.037006,0.729045,0.629814,-0.044954,-0.049582,0.025853,0.880420,0.828766
harvest_total,harvest_2005_00977,2005,2023,18,2,-0.003905,-0.003905,0.004200,0.022475,0.018570,-0.010078,-0.010078,0.004531,0.040845,0.030766,-0.006861,-0.006861,0.003987,0.027466,0.020605,-0.141611,-0.141611,0.076324,0.330585,0.188974,-0.063828,-0.063828,0.013495,0.166424,0.102597,-0.034746,-0.034746,0.020553,0.079730,0.044984,0.012926,0.012926,0.142208,0.613640,0.626565,-0.019878,-0.019878,0.059897,0.833739,0.813861
harvest_total,harvest_2005_00977,2005,2024,19,10,-0.005107,-0.005566,0.004709,0.027824,0.024056,-0.011433,-0.011171,0.004485,0.050711,0.038645,-0.004098,-0.005320,0.005875,0.030629,0.027590,-0.096367,-0.091507,0.088425,0.296574,0.195367,-0.031783,-0.029964,0.026299,0.153086,0.126412,-0.012705,-0.013805,0.016008,0.067142,0.059546,-0.084353,-0.044010,0.113917,0.635269,0.541247,-0.038969,-0.026598,0.067326,0.831580,0.780289
harvest_total,harvest_2005_00977,2005,2025,20,10,-0.007666,-0.006208,0.005106,0.027507,0.023245,-0.012609,-0.012286,0.004898,0.052147,0.039477,-0.001836,-0.005607,0.007570,0.027013,0.024015,-0.081970,-0.105286,0.080959,0.318608,0.222689,-0.048387,-0.037063,0.028871,0.153031,0.115727,-0.014293,-0.016259,0.017979,0.063670,0.054114,-0.070401,-0.031669,0.103946,0.684537,0.609984,-0.038548,-0.022963,0.062747,0.853433,0.808000
harvest_total,harvest_2006_00632,2006,2004,-2,3,0.004937,0.007751,0.006306,0.021664,0.027604,0.014712,0.014886,0.002700,0.043182,0.059792,0.025781,0.024485,0.008837,0.022612,0.047349,0.085883,0.069708,0.029795,0.228725,0.314608,0.032849,0.024599,0.023904,0.100396,0.135046,0.021203,0.015295,0.013691,0.043513,0.058555,-0.043207,-0.026713,0.044923,0.677076,0.676917,-0.098109,-0.093289,0.023983,0.819547,0.721438
harvest_total,harvest_2006_00632,2006,2005,-1,3,0.007893,0.003773,0.007546,0.026875,0.034768,0.011440,0.010780,0.003268,0.050635,0.062075,0.015194,0.017155,0.004372,0.034080,0.049645,0.050834,0.049431,0.013995,0.248113,0.310785,0.051989,0.044601,0.019518,0.113967,0.152990,0.027775,0.025685,0.009065,0.046593,0.067437,-0.081504,-0.083691,0.040356,0.659769,0.615296,-0.063045,-0.062353,0.015657,0.760911,0.692995
harvest_total,harvest_2006_00632,2006,2006,0,3,0.010175,0.008942,0.003936,0.020646,0.032348,0.029094,0.030039,0.003147,0.027480,0.056905,0.013393,0.013649,0.006273,0.033227,0.046675,0.243457,0.214491,0.058457,0.086303,0.319448,0.050187,0.046860,0.015356,0.100080,0.150267,-0.020928,-0.024741,0.009502,0.086440,0.065512,0.632392,0.669065,0.166490,-0.003823,0.605824,0.315195,0.290495,0.062528,0.441955,0.718470
harvest_total,harvest_2006_00632,2006,2007,1,3,-0.013420,-0.015038,0.003378,0.045877,0.032994,-0.000124,-0.001453,0.011607,0.062900,0.062776,-0.023719,-0.030489,0.012959,0.077392,0.053179,0.165619,0.143413,0.056846,0.139845,0.305464,-0.087367,-0.097991,0.027685,0.241210,0.156675,-0.122348,-0.122998,0.006090,0.189868,0.067520,0.737721,0.757850,0.038011,-0.159278,0.641118,0.419711,0.415197,0.019476,0.284981,0.700388
harvest_total,harvest_2006_00632,2006,2008,2,3,-0.017448,-0.018094,0.003584,0.047912,0.028209,-0.009419,-0.010441,0.002063,0.060783,0.050607,-0.030580,-0.031061,0.003483,0.068730,0.039772,0.152488,0.119676,0.065643,0.173711,0.326199,-0.106549,-0.116275,0.019165,0.240523,0.131114,-0.125400,-0.117562,0.016453,0.169187,0.061621,0.665565,0.683859,0.066032,0.018741,0.668990,0.328748,0.339655,0.028497,0.406275,0.747813
harvest_total,harvest_2006_00632,2006,2009,3,2,-0.014822,-0.014822,0.002801,0.039415,0.024592,-0.005900,-0.005900,0.001614,0.061181,0.055282,-0.025877,-0.025877,0.005561,0.063532,0.037656,0.101804,0.101804,0.022869,0.224724,0.326528,-0.112406,-0.112406,0.003481,0.256417,0.144011,-0.109890,-0.109890,0.005289,0.171608,0.061718,0.543789,0.543789,0.063586,0.136688,0.680477,0.234984,0.234984,0.065948,0.557150,0.792134
harvest_total,harvest_2006_00632,2006,2011,5,3,0.001787,-0.001760,0.008023,0.034493,0.036197,0.008856,0.007168,0.006090,0.053687,0.062543,0.004153,-0.001439,0.011293,0.052422,0.053165,0.066633,0.051608,0.045132,0.264970,0.351953,-0.070950,-0.081189,0.033653,0.236975,0.171140,-0.063800,-0.073773,0.017393,0.141302,0.074835,0.383540,0.368188,0.044760,0.257915,0.643596,0.095125,0.075464,0.037381,0.634719,0.730809
harvest_total,harvest_2006_00632,2006,2012,6,2,-0.019071,-0.019071,0.007332,0.107436,0.088365,-0.008539,-0.008539,0.012076,0.105552,0.097014,-0.017752,-0.017752,0.020904,0.104961,0.087210,0.072036,0.072036,0.052522,0.340224,0.412260,-0.038129,-0.038129,0.063061,0.211386,0.173258,-0.040081,-0.040081,0.028293,0.130261,0.090180,0.190422,0.190422,0.020542,0.451052,0.641474,0.122864,0.122864,0.012553,0.527848,0.650712
harvest_total,harvest_2006_00632,2006,2013,7,3,-0.017298,-0.012008,0.013855,0.042797,0.026985,-0.006889,-0.001847,0.009250,0.057276,0.060453,-0.009900,-0.007526,0.016287,0.055200,0.046648,-0.013283,0.001948,0.035187,0.283450,0.325635,-0.077936,-0.085383,0.014476,0.223307,0.147160,-0.064735,-0.059803,0.010104,0.119633,0.071260,0.282697,0.244280,0.078389,0.340042,0.636091,0.081746,0.061069,0.073348,0.646413,0.759172
harvest_total,harvest_2006_00632,2006,2014,8,3,-0.008030,-0.008397,0.004439,0.035950,0.025087,-0.004304,-0.006550,0.006224,0.061195,0.056355,-0.005693,-0.008791,0.010363,0.050223,0.040570,-0.035874,-0.020542,0.036280,0.296237,0.316670,-0.079805,-0.087019,0.013264,0.217945,0.138140,-0.053515,-0.054152,0.014084,0.117240,0.063560,0.229286,0.182944,0.085529,0.424287,0.657933,0.052014,0.029241,0.068775,0.703120,0.762322
harvest_total,harvest_2006_00632,2006,2015,9,3,-0.014960,-0.014075,0.004000,0.037353,0.025693,-0.003383,-0.005110,0.008365,0.058088,0.057262,-0.005968,-0.006156,0.010431,0.046730,0.043485,-0.026097,-0.016486,0.038872,0.288813,0.315103,-0.066550,-0.067536,0.015637,0.191105,0.138635,-0.047025,-0.040548,0.013706,0.096257,0.063780,0.183609,0.167724,0.055304,0.457006,0.661227,0.050382,0.022160,0.052726,0.696817,0.751584
harvest_total,harvest_2006_00632,2006,2016,10,3,-0.007686,-0.009148,0.010902,0.037256,0.027879,-0.004578,-0.006265,0.013239,0.066612,0.062034,-0.004510,-0.007929,0.019218,0.054485,0.044956,-0.062370,-0.035548,0.047220,0.317619,0.332153,-0.059689,-0.070771,0.019375,0.204387,0.144905,-0.039875,-0.042052,0.015358,0.110888,0.068757,0.156097,0.125545,0.077276,0.488909,0.645006,0.020784,0.008643,0.069966,0.720660,0.762024
harvest_total,harvest_2006_00632,2006,2017,11,2,-0.005212,-0.005212,0.000350,0.028319,0.023107,-0.005961,-0.005961,0.002615,0.062976,0.057015,0.001553,0.001553,0.004123,0.040219,0.041773,-0.049224,-0.049224,0.055653,0.362423,0.313199,-0.066116,-0.066116,0.004289,0.192713,0.126597,-0.032780,-0.032780,0.012678,0.094050,0.061271,0.063170,0.063170,0.088943,0.599686,0.662856,-0.041587,-0.041587,0.047645,0.799425,0.757838
harvest_total,harvest_2006_00632,2006,2018,12,3,-0.007536,-0.005959,0.002875,0.028883,0.023492,-0.008332,-0.010899,0.005678,0.056107,0.047692,-0.006105,-0.008562,0.007460,0.039855,0.033282,-0.098862,-0.062911,0.062366,0.308777,0.308475,-0.064157,-0.069557,0.009711,0.191352,0.127195,-0.034540,-0.029966,0.011601,0.081462,0.057290,0.078348,0.072273,0.070822,0.572726,0.677325,0.031931,0.010624,0.037271,0.765158,0.797511
harvest_total,harvest_2006_00632,2006,2019,13,3,-0.009625,-0.007695,0.005583,0.029171,0.022970,-0.004042,-0.004212,0.011805,0.055021,0.052808,-0.002640,-0.002718,0.013042,0.041216,0.037187,-0.106479,-0.080071,0.077995,0.314470,0.292016,-0.049611,-0.054203,0.020155,0.169820,0.132035,-0.026538,-0.022326,0.014857,0.078905,0.060287,0.045216,0.028129,0.092412,0.587416,0.657753,0.012127,-0.025385,0.074810,0.759723,0.776599
harvest_total,harvest_2006_00632,2006,2020,14,1,-0.006105,-0.006105,,0.025995,0.019890,0.000467,0.000467,,0.047775,0.048242,0.004318,0.004318,,0.024950,0.029268,-0.131670,-0.131670,,0.435883,0.304213,-0.055935,-0.055935,,0.172762,0.116827,-0.017930,-0.017930,,0.068455,0.050525,-0.011137,-0.011137,,0.729497,0.718360,-0.066702,-0.066702,,0.891718,0.825016
harvest_total,harvest_2006_00632,2006,2021,15,3,-0.005431,-0.005367,0.004317,0.027177,0.023877,-0.003864,-0.003506,0.007487,0.052478,0.049453,0.001389,0.000756,0.009092,0.036032,0.034823,-0.086597,-0.068580,0.031972,0.318210,0.282158,-0.062232,-0.060876,0.012869,0.159342,0.111960,-0.031296,-0.024681,0.012044,0.069968,0.050745,0.055472,0.048652,0.069545,0.605403,0.675190,-0.015156,-0.045592,0.054417,0.774704,0.761502
harvest_total,harvest_2006_00632,2006,2022,16,3,0.000385,-0.001586,0.003986,0.023410,0.021911,0.008787,0.005129,0.007160,0.048655,0.051226,0.006806,0.002993,0.007664,0.033640,0.032210,-0.072902,-0.040897,0.055602,0.319846,0.318389,-0.034059,-0.038248,0.013160,0.156180,0.128488,-0.013131,-0.010450,0.007159,0.063478,0.056314,0.029443,0.024234,0.068609,0.620745,0.685067,-0.017114,-0.041444,0.044965,0.795004,0.781118
harvest_total,harvest_2006_00632,2006,2023,17,1,-0.009213,-0.009213,,0.028030,0.018817,0.008718,0.008718,,0.036637,0.045355,-0.011137,-0.011137,,0.042137,0.031000,0.107277,0.107277,,0.164320,0.271597,-0.037207,-0.037207,,0.157940,0.120733,-0.043808,-0.043808,,0.098925,0.055117,0.401330,0.401330,,0.275467,0.676797,0.177188,0.177188,,0.614242,0.791430
harvest_total,harvest_2006_00632,2006,2024,18,3,-0.017779,-0.019461,0.005670,0.044393,0.024909,-0.001911,-0.005261,0.014221,0.060067,0.060604,-0.011660,-0.014873,0.008323,0.054293,0.038246,0.067719,0.044495,0.051671,0.214920,0.282639,-0.052552,-0.056128,0.014376,0.190968,0.141234,-0.059812,-0.057617,0.014951,0.122713,0.067534,0.331287,0.334538,0.055085,0.235645,0.611029,0.124249,0.121519,0.013707,0.606900,0.740556
harvest_total,harvest_2006_00632,2006,2025,19,3,-0.013365,-0.014410,0.004035,0.036940,0.022090,-0.009130,-0.010514,0.006938,0.066887,0.056988,-0.012787,-0.015766,0.007459,0.053165,0.034905,0.017710,0.013553,0.032328,0.259016,0.280095,-0.056760,-0.064694,0.018007,0.183955,0.126315,-0.045595,-0.050353,0.016806,0.113088,0.058252,0.250210,0.243358,0.036289,0.393119,0.643329,0.109277,0.108312,0.027515,0.645440,0.754717
harvest_total,harvest_2006_01333,2006,2003,-3,1,0.005294,0.005294,,0.032732,0.038026,0.011151,0.011151,,0.040983,0.052134,0.013187,0.013187,,0.025527,0.038714,0.037620,0.037620,,0.187544,0.225164,0.046502,0.046502,,0.073625,0.120127,0.018782,0.018782,,0.033090,0.051872,-0.069447,-0.069447,,0.692705,0.623258,-0.061407,-0.061407,,0.760344,0.698937
harvest_total,harvest_2006_01333,2006,2004,-2,1,0.010918,0.010918,,0.019395,0.030313,0.022852,0.022852,,0.034135,0.056987,0.019539,0.019539,,0.024441,0.043980,0.038060,0.038060,,0.184849,0.222909,0.036809,0.036809,,0.078712,0.115521,0.018975,0.018975,,0.035111,0.054086,-0.027781,-0.027781,,0.672834,0.645053,-0.074072,-0.074072,,0.766542,0.692470
harvest_total,harvest_2006_01333,2006,2007,1,1,-0.018700,-0.018700,,0.050470,0.031770,-0.024008,-0.024008,,0.080033,0.056025,-0.063662,-0.063662,,0.104150,0.040488,0.018947,0.018947,,0.224655,0.243602,-0.193105,-0.193105,,0.333610,0.140505,-0.143082,-0.143082,,0.210795,0.067713,0.518884,0.518884,,0.046106,0.564990,0.337861,0.337861,,0.378807,0.716668
harvest_total,harvest_2006_01333,2006,2014,8,1,-0.010780,-0.010780,,0.034905,0.024125,-0.008579,-0.008579,,0.058087,0.049508,-0.010492,-0.010492,,0.043774,0.033282,-0.111567,-0.111567,,0.352832,0.241265,-0.078293,-0.078293,,0.200483,0.122190,-0.039078,-0.039078,,0.095433,0.056355,0.043713,0.043713,,0.568496,0.612209,-0.029601,-0.029601,,0.787852,0.758251
harvest_total,harvest_2006_01333,2006,2015,9,1,-0.005995,-0.005995,,0.030037,0.024042,-0.004703,-0.004703,,0.049728,0.045025,-0.003905,-0.003905,,0.035400,0.031495,-0.120601,-0.120601,,0.351169,0.230568,-0.075831,-0.075831,,0.200290,0.124459,-0.030457,-0.030457,,0.085588,0.055131,-0.018471,-0.018471,,0.626880,0.608409,-0.055682,-0.055682,,0.815665,0.759983
harvest_total,harvest_2006_01333,2006,2016,10,1,0.000605,0.000605,,0.020825,0.021430,-0.000303,-0.000303,,0.044008,0.043705,-0.001953,-0.001953,,0.029075,0.027122,-0.124190,-0.124190,,0.390700,0.266510,-0.049830,-0.049830,,0.178400,0.128570,-0.019167,-0.019167,,0.076815,0.057648,-0.046415,-0.046415,,0.685097,0.638682,-0.059849,-0.059849,,0.867547,0.807698
harvest_total,harvest_2006_01333,2006,2017,11,1,-0.007191,-0.007191,,0.028676,0.021485,-0.003727,-0.003727,,0.050044,0.046317,-0.001953,-0.001953,,0.033379,0.031426,-0.141652,-0.141652,,0.382120,0.240468,-0.055729,-0.055729,,0.181989,0.126260,-0.023417,-0.023417,,0.077269,0.053852,-0.046878,-0.046878,,0.669554,0.622676,-0.068352,-0.068352,,0.833278,0.764926
harvest_total,harvest_2006_01333,2006,2019,13,1,-0.002599,-0.002599,,0.025046,0.022447,-0.003521,-0.003521,,0.048903,0.045382,-0.002997,-0.002997,,0.030945,0.027948,-0.106714,-0.106714,,0.346480,0.239766,-0.030951,-0.030951,,0.145716,0.114765,-0.009803,-0.009803,,0.060796,0.050993,-0.060995,-0.060995,,0.708680,0.647685,-0.050392,-0.050392,,0.836118,0.785726
harvest_total,harvest_2006_01333,2006,2022,16,1,0.005184,0.005184,,0.013716,0.018900,0.009556,0.009556,,0.030491,0.040047,0.007425,0.007425,,0.017552,0.024977,-0.058314,-0.058314,,0.277194,0.218880,0.005046,0.005046,,0.107739,0.112785,0.008182,0.008182,,0.042041,0.050223,-0.102337,-0.102337,,0.740010,0.637673,-0.082522,-0.082522,,0.883051,0.800529
harvest_total,harvest_2006_01333,2006,2024,18,1,-0.001471,-0.001471,,0.021966,0.020495,0.006917,0.006917,,0.040446,0.047363,0.003961,0.003961,,0.024592,0.028553,-0.038417,-0.038417,,0.286942,0.248525,0.002859,0.002859,,0.114573,0.117432,0.004716,0.004716,,0.047679,0.052395,-0.062222,-0.062222,,0.709574,0.647352,-0.055931,-0.055931,,0.839249,0.783318
harvest_total,harvest_2007_00004,2007,2005,-2,1,-0.000357,-0.000357,,0.026325,0.025968,0.004043,0.004043,,0.042797,0.046840,0.003823,0.003823,,0.030890,0.034713,0.018150,0.018150,,0.196990,0.215140,0.008415,0.008415,,0.112070,0.120485,0.007975,0.007975,,0.049287,0.057262,-0.028885,-0.028885,,0.611581,0.582696,-0.019612,-0.019612,,0.745697,0.726085
harvest_total,harvest_2007_00004,2007,2006,-1,1,-0.002392,-0.002392,,0.026682,0.024290,-0.002310,-0.002310,,0.046758,0.044448,-0.004703,-0.004703,,0.037545,0.032842,0.000468,0.000468,,0.208430,0.208898,0.005637,0.005637,,0.118808,0.124445,0.002791,0.002791,,0.055791,0.058582,-0.014622,-0.014622,,0.574417,0.559795,0.036360,0.036360,,0.715275,0.751635
harvest_total,harvest_2007_00004,2007,2008,1,1,-0.007508,-0.007508,,0.028745,0.021237,-0.016500,-0.016500,,0.059325,0.042825,-0.017738,-0.017738,,0.047143,0.029405,-0.055771,-0.055771,,0.256418,0.200647,-0.081289,-0.081289,,0.195642,0.114353,-0.050490,-0.050490,,0.099282,0.048792,0.159726,0.159726,,0.449058,0.608784,0.029813,0.029813,,0.704118,0.733931
harvest_total,harvest_2007_00004,2007,2011,4,1,-0.008442,-0.008442,,0.031055,0.022613,-0.016720,-0.016720,,0.065677,0.048957,-0.020048,-0.020048,,0.052560,0.032512,-0.071473,-0.071473,,0.307073,0.235600,-0.066221,-0.066221,,0.207028,0.140807,-0.036272,-0.036272,,0.098347,0.062075,0.112676,0.112676,,0.490913,0.603589,0.049769,0.049769,,0.707702,0.757471
harvest_total,harvest_2007_00004,2007,2013,6,1,-0.009144,-0.009144,,0.030340,0.021196,-0.013585,-0.013585,,0.056589,0.043004,-0.021767,-0.021767,,0.048504,0.026737,-0.049060,-0.049060,,0.276300,0.227240,-0.065877,-0.065877,,0.186499,0.120622,-0.038184,-0.038184,,0.096670,0.058486,0.100387,0.100387,,0.490670,0.591057,0.092582,0.092582,,0.699715,0.792297
harvest_total,harvest_2007_00004,2007,2014,7,1,-0.009048,-0.009048,,0.034383,0.025335,-0.005444,-0.005444,,0.052532,0.047088,-0.016666,-0.016666,,0.049343,0.032677,-0.079804,-0.079804,,0.308282,0.228478,-0.075763,-0.075763,,0.195890,0.120127,-0.033852,-0.033852,,0.091637,0.057785,0.064022,0.064022,,0.539498,0.603520,0.033248,0.033248,,0.726807,0.760055
harvest_total,harvest_2007_00004,2007,2015,8,1,-0.006421,-0.006421,,0.028195,0.021774,-0.008168,-0.008168,,0.054760,0.046592,-0.015524,-0.015524,,0.044970,0.029446,-0.084164,-0.084164,,0.292360,0.208196,-0.047891,-0.047891,,0.160690,0.112799,-0.025768,-0.025768,,0.080555,0.054787,0.024934,0.024934,,0.569092,0.594026,-0.002510,-0.002510,,0.754639,0.752129
harvest_total,harvest_2007_00004,2007,2018,11,1,-0.010491,-0.010491,,0.034286,0.023795,-0.011687,-0.011687,,0.058087,0.046400,-0.015455,-0.015455,,0.045080,0.029625,-0.087726,-0.087726,,0.306523,0.218797,-0.049349,-0.049349,,0.183116,0.133767,-0.026868,-0.026868,,0.086248,0.059380,0.011469,0.011469,,0.561609,0.573078,0.011506,0.011506,,0.753506,0.765012
harvest_total,harvest_2007_00004,2007,2019,12,1,-0.005692,-0.005692,,0.027947,0.022255,-0.024365,-0.024365,,0.059270,0.034905,-0.015785,-0.015785,,0.042165,0.026380,-0.109752,-0.109752,,0.320795,0.211043,-0.055550,-0.055550,,0.176970,0.121420,-0.027308,-0.027308,,0.081958,0.054650,-0.025552,-0.025552,,0.615363,0.589811,0.007115,0.007115,,0.770665,0.777780
harvest_total,harvest_2007_00004,2007,2020,13,1,-0.010313,-0.010313,,0.029350,0.019037,-0.037841,-0.037841,,0.067383,0.029542,-0.026566,-0.026566,,0.047418,0.020852,-0.146080,-0.146080,,0.346755,0.200675,-0.063442,-0.063442,,0.174660,0.111218,-0.038335,-0.038335,,0.086027,0.047692,-0.038360,-0.038360,,0.623489,0.585129,0.052332,0.052332,,0.759407,0.811739
harvest_total,harvest_2007_00004,2007,2021,14,1,-0.010367,-0.010367,,0.031137,0.020770,-0.013750,-0.013750,,0.055035,0.041285,-0.014107,-0.014107,,0.041670,0.027563,-0.093968,-0.093968,,0.293048,0.199080,-0.055867,-0.055867,,0.167208,0.111341,-0.027624,-0.027624,,0.079785,0.052161,0.010945,0.010945,,0.573834,0.584779,0.026374,0.026374,,0.738384,0.764758
harvest_total,harvest_2007_00004,2007,2022,15,1,-0.000275,-0.000275,,0.022915,0.022640,-0.014066,-0.014066,,0.056932,0.042866,-0.008401,-0.008401,,0.035840,0.027439,-0.098821,-0.098821,,0.319420,0.220599,-0.031102,-0.031102,,0.147820,0.116718,-0.009762,-0.009762,,0.066337,0.056575,-0.060223,-0.060223,,0.648255,0.588032,-0.027413,-0.027413,,0.795301,0.767888
harvest_total,harvest_2007_00004,2007,2024,17,1,-0.003108,-0.003108,,0.024565,0.021457,-0.007095,-0.007095,,0.051570,0.044475,-0.009047,-0.009047,,0.038315,0.029268,-0.064199,-0.064199,,0.282804,0.218605,-0.026620,-0.026620,,0.153073,0.126453,-0.009817,-0.009817,,0.068977,0.059160,-0.027114,-0.027114,,0.613920,0.586806,-0.003183,-0.003183,,0.763341,0.760158
harvest_total,harvest_2007_00004,2007,2025,18,1,-0.001141,-0.001141,,0.022516,0.021375,-0.006174,-0.006174,,0.051350,0.045176,-0.003987,-0.003987,,0.034630,0.030643,-0.074236,-0.074236,,0.291975,0.217739,-0.014947,-0.014947,,0.139543,0.124596,-0.002915,-0.002915,,0.064206,0.061291,-0.069646,-0.069646,,0.642151,0.572505,-0.030858,-0.030858,,0.786648,0.755790
harvest_total,harvest_2007_00066,2007,2004,-3,1,0.000977,0.000977,,0.023877,0.024854,0.001087,0.001087,,0.044997,0.046084,0.004510,0.004510,,0.027342,0.031852,0.047561,0.047561,,0.227611,0.275172,0.020157,0.020157,,0.115714,0.135871,0.003630,0.003630,,0.053426,0.057056,0.036615,0.036615,,0.619870,0.656485,0.006650,0.006650,,0.785710,0.792360
harvest_total,harvest_2007_00066,2007,2005,-2,1,-0.002282,-0.002282,,0.032952,0.030670,-0.004139,-0.004139,,0.052189,0.048050,-0.005390,-0.005390,,0.042798,0.037408,0.042240,0.042240,,0.224710,0.266950,0.022880,0.022880,,0.123455,0.146335,0.002901,0.002901,,0.061071,0.063972,0.034385,0.034385,,0.580818,0.615203,0.040661,0.040661,,0.703782,0.744443
harvest_total,harvest_2007_00066,2007,2007,0,1,-0.019360,-0.019360,,0.055475,0.036115,-0.005898,-0.005898,,0.064522,0.058624,-0.028009,-0.028009,,0.069225,0.041216,0.122925,0.122925,,0.148370,0.271295,-0.062315,-0.062315,,0.211153,0.148838,-0.116160,-0.116160,,0.185550,0.069390,0.711110,0.711110,,-0.111070,0.600040,0.374980,0.374980,,0.360009,0.734989
harvest_total,harvest_2007_00066,2007,2008,1,1,-0.026813,-0.026813,,0.051955,0.025142,-0.032753,-0.032753,,0.074203,0.041450,-0.055592,-0.055592,,0.086908,0.031316,0.036397,0.036397,,0.189592,0.225989,-0.118237,-0.118237,,0.240743,0.122506,-0.108378,-0.108378,,0.164843,0.056465,0.530026,0.530026,,0.070881,0.600907,0.385690,0.385690,,0.370652,0.756342
harvest_total,harvest_2007_00066,2007,2010,3,1,-0.026922,-0.026922,,0.049260,0.022338,-0.024709,-0.024709,,0.069954,0.045245,-0.043189,-0.043189,,0.079551,0.036362,0.007026,0.007026,,0.252664,0.259690,-0.136537,-0.136537,,0.277510,0.140973,-0.114029,-0.114029,,0.179899,0.065870,0.472541,0.472541,,0.122802,0.595343,0.244985,0.244985,,0.509366,0.754351
harvest_total,harvest_2007_00066,2007,2012,5,1,-0.083188,-0.083188,,0.131320,0.048132,-0.116490,-0.116490,,0.177850,0.061360,-0.154771,-0.154771,,0.213023,0.058252,-0.033055,-0.033055,,0.282433,0.249378,-0.149627,-0.149627,,0.299702,0.150075,-0.181060,-0.181060,,0.253365,0.072305,0.496206,0.496206,,0.054251,0.550457,0.481189,0.481189,,0.140093,0.621282
harvest_total,harvest_2007_00066,2007,2017,10,1,-0.079090,-0.079090,,0.094470,0.015380,-0.110110,-0.110110,,0.152577,0.042467,-0.155320,-0.155320,,0.179830,0.024510,-0.020817,-0.020817,,0.264915,0.244098,-0.165385,-0.165385,,0.285320,0.119935,-0.177403,-0.177403,,0.231393,0.053990,0.569794,0.569794,,0.067544,0.637338,0.626191,0.626191,,0.191312,0.817503
harvest_total,harvest_2007_00066,2007,2018,11,1,-0.103207,-0.103207,,0.124582,0.021375,-0.129360,-0.129360,,0.184450,0.055090,-0.177073,-0.177073,,0.209668,0.032595,0.018838,0.018838,,0.306220,0.325058,-0.178420,-0.178420,,0.327615,0.149195,-0.194122,-0.194122,,0.257270,0.063148,0.579856,0.579856,,0.066588,0.646444,0.640765,0.640765,,0.172171,0.812936
harvest_total,harvest_2007_00066,2007,2019,12,1,-0.100417,-0.100417,,0.118684,0.018267,-0.134062,-0.134062,,0.180297,0.046235,-0.182036,-0.182036,,0.209571,0.027535,-0.016802,-0.016802,,0.295632,0.278830,-0.185378,-0.185378,,0.321180,0.135802,-0.208697,-0.208697,,0.268820,0.060123,0.578806,0.578806,,0.063766,0.642572,0.630924,0.630924,,0.187873,0.818797
harvest_total,harvest_2007_00066,2007,2024,17,1,-0.097831,-0.097831,,0.112111,0.014280,-0.122526,-0.122526,,0.157486,0.034960,-0.165082,-0.165082,,0.187117,0.022035,-0.085497,-0.085497,,0.300885,0.215388,-0.213826,-0.213826,,0.315666,0.101840,-0.208574,-0.208574,,0.253764,0.045190,0.537073,0.537073,,0.087173,0.624246,0.564231,0.564231,,0.251155,0.815386
harvest_total,harvest_2007_00174,2007,2004,-3,2,-0.002674,-0.002674,0.006465,0.029577,0.026902,0.002517,0.002517,0.003656,0.044605,0.047122,-0.001128,-0.001128,0.003889,0.033427,0.032299,-0.031942,-0.031942,0.024676,0.217739,0.185798,-0.008966,-0.008966,0.026990,0.100692,0.091726,-0.000302,-0.000302,0.008304,0.046228,0.045926,-0.047420,-0.047420,0.022835,0.651585,0.604164,-0.030552,-0.030552,0.004661,0.735340,0.704789
harvest_total,harvest_2007_00174,2007,2005,-2,9,-0.001911,-0.001381,0.003746,0.024221,0.022709,-0.000879,-0.001560,0.003305,0.041670,0.038012,-0.000426,-0.000046,0.002472,0.025940,0.026105,-0.009240,-0.016242,0.036590,0.249446,0.226277,-0.015717,-0.017594,0.012243,0.122960,0.106281,-0.004854,-0.007925,0.008814,0.054196,0.048407,0.029069,0.025437,0.061145,0.634639,0.653722,-0.022818,-0.012057,0.026651,0.795039,0.773879
harvest_total,harvest_2007_00174,2007,2006,-1,7,-0.000014,-0.000798,0.004143,0.022791,0.022007,-0.002186,-0.003930,0.007395,0.041381,0.036349,-0.000041,-0.002510,0.008341,0.026545,0.025665,-0.020625,-0.023499,0.030057,0.218523,0.197898,-0.006641,-0.008303,0.014688,0.110654,0.105002,-0.003891,-0.004923,0.009781,0.051996,0.045039,0.000950,-0.015963,0.057449,0.646084,0.647034,-0.006888,-0.005007,0.066552,0.768795,0.746379
harvest_total,harvest_2007_00174,2007,2007,0,9,-0.015757,-0.020196,0.009952,0.046537,0.027508,-0.023430,-0.026765,0.012837,0.071934,0.049906,-0.046695,-0.053648,0.014991,0.082604,0.035909,-0.027335,-0.025554,0.032391,0.235490,0.203563,-0.139577,-0.139434,0.033616,0.238900,0.100245,-0.093417,-0.098179,0.018677,0.142829,0.044200,0.394837,0.414959,0.055951,0.214328,0.636947,0.268692,0.263728,0.061783,0.451634,0.712132
harvest_total,harvest_2007_00174,2007,2008,1,2,-0.014925,-0.014925,0.007340,0.038775,0.023850,-0.021952,-0.021952,0.007535,0.063835,0.041883,-0.034113,-0.034113,0.007292,0.060521,0.026408,-0.067197,-0.067197,0.017073,0.256397,0.189200,-0.135382,-0.135382,0.014779,0.226456,0.091074,-0.090275,-0.090275,0.004890,0.128323,0.038047,0.320821,0.320821,0.065275,0.332909,0.653731,0.144334,0.144334,0.055934,0.616179,0.760513
harvest_total,harvest_2007_00174,2007,2010,3,5,-0.014245,-0.014905,0.004718,0.032925,0.018680,-0.023141,-0.023026,0.007615,0.057482,0.034231,-0.026964,-0.027541,0.011539,0.052285,0.024152,-0.112792,-0.099646,0.048272,0.293075,0.178922,-0.132440,-0.135690,0.030369,0.214892,0.078217,-0.073768,-0.080171,0.025261,0.108357,0.034589,0.205113,0.246559,0.131777,0.438997,0.662401,0.049042,0.076907,0.083506,0.699012,0.762132
harvest_total,harvest_2007_00174,2007,2011,4,9,-0.009763,-0.010815,0.004106,0.028470,0.018914,-0.022770,-0.021336,0.005694,0.054458,0.035029,-0.020075,-0.020530,0.006781,0.041491,0.021499,-0.154523,-0.140394,0.040934,0.345903,0.193910,-0.113011,-0.114605,0.023379,0.194446,0.090317,-0.054904,-0.059981,0.018460,0.094759,0.038315,0.096157,0.131703,0.100579,0.559235,0.673985,0.011690,0.017937,0.059921,0.783957,0.779054
harvest_total,harvest_2007_00174,2007,2012,5,8,-0.011082,-0.010283,0.004912,0.033564,0.022791,-0.020859,-0.022413,0.005985,0.054747,0.032526,-0.021958,-0.023842,0.009633,0.044763,0.020522,-0.137568,-0.139554,0.053029,0.322369,0.175980,-0.110537,-0.116356,0.029878,0.195230,0.086041,-0.053502,-0.059871,0.021331,0.089493,0.034520,0.114986,0.127430,0.128482,0.568400,0.672044,0.057866,0.034650,0.092090,0.758793,0.803224
harvest_total,harvest_2007_00174,2007,2013,6,8,-0.017118,-0.018679,0.012110,0.039387,0.020419,-0.025850,-0.028141,0.010373,0.066337,0.035428,-0.020639,-0.022235,0.012587,0.046043,0.021657,-0.137933,-0.139595,0.052220,0.359982,0.207949,-0.106198,-0.110569,0.023705,0.212919,0.099544,-0.050187,-0.057381,0.026447,0.099007,0.044536,0.072881,0.095305,0.126191,0.575210,0.639373,0.016335,0.022610,0.081905,0.774884,0.793126
harvest_total,harvest_2007_00174,2007,2014,7,9,-0.008388,-0.009139,0.004554,0.027975,0.018845,-0.025575,-0.024683,0.003841,0.061608,0.037971,-0.014630,-0.015270,0.006353,0.038246,0.021389,-0.182434,-0.177327,0.045352,0.373320,0.195588,-0.092758,-0.094944,0.016990,0.184821,0.089383,-0.040164,-0.041267,0.011577,0.081875,0.042096,0.018214,0.009476,0.077846,0.651339,0.631090,-0.014730,-0.018122,0.051956,0.820192,0.787367
harvest_total,harvest_2007_00174,2007,2015,8,9,-0.007838,-0.002587,0.010250,0.025418,0.017827,-0.014300,-0.012681,0.012370,0.048710,0.031880,-0.008305,-0.007984,0.012360,0.032004,0.020330,-0.135053,-0.130788,0.043910,0.326309,0.208760,-0.069231,-0.077590,0.026134,0.168033,0.091967,-0.028710,-0.032122,0.017230,0.072937,0.042289,0.034764,0.030477,0.089478,0.642564,0.652803,-0.032908,-0.029694,0.064675,0.821372,0.780502
harvest_total,harvest_2007_00174,2007,2016,9,9,-0.005198,-0.005065,0.002480,0.021897,0.017002,-0.021010,-0.018874,0.004874,0.053880,0.033654,-0.009254,-0.010905,0.004771,0.030918,0.020632,-0.192211,-0.184788,0.047927,0.381955,0.205364,-0.084288,-0.083275,0.013303,0.178373,0.092201,-0.033880,-0.033306,0.010122,0.074134,0.040254,-0.013521,-0.018172,0.068964,0.679746,0.645946,-0.039572,-0.036735,0.036950,0.854430,0.803877
harvest_total,harvest_2007_00174,2007,2017,10,3,-0.007961,-0.010432,0.006268,0.029281,0.018432,-0.015772,-0.017252,0.003418,0.060439,0.041615,-0.011426,-0.012613,0.005049,0.036101,0.026298,-0.143619,-0.146121,0.044025,0.364314,0.220695,-0.065217,-0.065290,0.011261,0.173574,0.107808,-0.023431,-0.023430,0.004592,0.075743,0.051378,-0.029832,-0.016518,0.046598,0.662865,0.635051,-0.039614,-0.014927,0.060966,0.809923,0.784222
harvest_total,harvest_2007_00174,2007,2018,11,8,-0.011447,-0.011435,0.003160,0.031674,0.018872,-0.016589,-0.017634,0.004282,0.056259,0.037896,-0.014533,-0.015548,0.005288,0.037531,0.022654,-0.135671,-0.127201,0.041290,0.330090,0.199905,-0.086851,-0.089932,0.017288,0.178332,0.090599,-0.038672,-0.039777,0.010665,0.080170,0.040797,0.051809,0.054626,0.070408,0.613711,0.647382,-0.007034,0.003541,0.051914,0.799102,0.776417
harvest_total,harvest_2007_00174,2007,2019,12,7,-0.010931,-0.010772,0.003011,0.030821,0.021499,-0.020928,-0.021004,0.002317,0.060040,0.037958,-0.013530,-0.014215,0.003835,0.036747,0.024867,-0.152405,-0.154161,0.054641,0.360615,0.206560,-0.077509,-0.078031,0.012811,0.172873,0.100190,-0.033495,-0.035662,0.007550,0.079813,0.047239,-0.022432,0.000914,0.077883,0.649800,0.609436,-0.041485,-0.024918,0.047511,0.820263,0.774370
harvest_total,harvest_2007_00174,2007,2020,13,9,-0.006931,-0.005314,0.003931,0.022475,0.015517,-0.016335,-0.015391,0.004260,0.046648,0.031220,-0.007260,-0.008443,0.004218,0.027507,0.019464,-0.179149,-0.176995,0.037484,0.377885,0.184890,-0.082582,-0.075463,0.013039,0.167098,0.085381,-0.031007,-0.028718,0.008056,0.070353,0.038342,-0.023209,-0.033922,0.061714,0.687439,0.656479,-0.042457,-0.044358,0.042358,0.849303,0.799412
harvest_total,harvest_2007_00174,2007,2021,14,2,-0.005252,-0.005252,0.003501,0.026063,0.020811,-0.017036,-0.017036,0.001614,0.050292,0.033255,-0.009103,-0.009103,0.003538,0.031523,0.022420,-0.132234,-0.132234,0.023977,0.331507,0.199273,-0.059208,-0.059208,0.016451,0.155108,0.095899,-0.024653,-0.024653,0.008147,0.065251,0.040598,-0.015974,-0.015974,0.017802,0.670975,0.655000,-0.022874,-0.022874,0.013028,0.826739,0.803864
harvest_total,harvest_2007_00174,2007,2022,15,9,-0.008951,-0.009275,0.002815,0.029185,0.019202,-0.019209,-0.017594,0.005081,0.053605,0.037132,-0.006339,-0.007926,0.004229,0.031275,0.024923,-0.174020,-0.175452,0.030976,0.366335,0.186183,-0.061325,-0.060576,0.013528,0.162546,0.099200,-0.019703,-0.020064,0.006431,0.066750,0.043733,-0.095384,-0.093384,0.044483,0.702805,0.598107,-0.070068,-0.073712,0.033170,0.844673,0.762839
harvest_total,harvest_2007_00174,2007,2023,16,7,-0.004633,-0.004038,0.003541,0.026050,0.023630,-0.009363,-0.011652,0.006543,0.054403,0.041134,-0.007975,-0.006873,0.005369,0.033310,0.025335,-0.152432,-0.149301,0.018435,0.331451,0.179019,-0.055343,-0.050014,0.017039,0.148205,0.094718,-0.021107,-0.016647,0.008327,0.065086,0.044997,-0.115938,-0.101845,0.037662,0.685208,0.568990,-0.083321,-0.082865,0.026026,0.819186,0.718940
harvest_total,harvest_2007_00174,2007,2024,17,9,-0.002310,-0.002920,0.002931,0.024482,0.021210,-0.010147,-0.010928,0.004573,0.052258,0.042137,-0.002694,-0.003792,0.003144,0.031825,0.027673,-0.119158,-0.126451,0.024571,0.296677,0.167042,-0.049940,-0.044995,0.016105,0.147572,0.094071,-0.014354,-0.013280,0.007606,0.061607,0.044461,-0.111486,-0.112911,0.043227,0.689272,0.578010,-0.094242,-0.096726,0.034612,0.825278,0.729030
harvest_total,harvest_2007_00174,2007,2025,18,9,-0.005087,-0.004074,0.002892,0.024537,0.019450,-0.010863,-0.012237,0.006050,0.050456,0.039607,-0.003135,-0.004658,0.003960,0.030010,0.024482,-0.157382,-0.147470,0.031016,0.344445,0.185028,-0.039916,-0.038329,0.014897,0.140904,0.095048,-0.012691,-0.010525,0.007245,0.057730,0.045685,-0.111322,-0.106000,0.039954,0.697288,0.585458,-0.065911,-0.075618,0.030251,0.833812,0.757932
harvest_total,harvest_2007_00223,2007,2004,-3,1,0.001114,0.001114,,0.019876,0.020990,0.000481,0.000481,,0.039223,0.039704,-0.003327,-0.003327,,0.026517,0.023190,0.070882,0.070882,,0.269232,0.340114,-0.009969,-0.009969,,0.142375,0.132406,-0.011220,-0.011220,,0.064935,0.053715,0.114942,0.114942,,0.611791,0.726733,0.048521,0.048521,,0.819584,0.868105
harvest_total,harvest_2007_00223,2007,2006,-1,1,-0.002282,-0.002282,,0.026270,0.023988,-0.007219,-0.007219,,0.043540,0.036321,0.000757,0.000757,,0.026957,0.027714,-0.026936,-0.026936,,0.308887,0.281951,-0.032849,-0.032849,,0.159796,0.126947,-0.014575,-0.014575,,0.065746,0.051171,0.036544,0.036544,,0.650742,0.687286,-0.008425,-0.008425,,0.825803,0.817378
harvest_total,harvest_2007_00223,2007,2007,0,1,-0.001692,-0.001692,,0.023864,0.022172,-0.011083,-0.011083,,0.050099,0.039016,-0.006559,-0.006559,,0.034396,0.027837,-0.048441,-0.048441,,0.327024,0.278583,-0.042350,-0.042350,,0.160786,0.118436,-0.023197,-0.023197,,0.071054,0.047857,0.053981,0.053981,,0.637475,0.691456,-0.008587,-0.008587,,0.816011,0.807424
harvest_total,harvest_2007_00223,2007,2008,1,1,-0.003259,-0.003259,,0.030106,0.026847,-0.013970,-0.013970,,0.054430,0.040460,-0.014891,-0.014891,,0.046331,0.031440,-0.017903,-0.017903,,0.278913,0.261010,-0.092964,-0.092964,,0.203769,0.110805,-0.059235,-0.059235,,0.106405,0.047170,0.254428,0.254428,,0.447449,0.701877,0.067984,0.067984,,0.717005,0.784989
harvest_total,harvest_2007_00223,2007,2010,3,1,-0.005720,-0.005720,,0.029048,0.023328,-0.016171,-0.016171,,0.053248,0.037077,-0.016169,-0.016169,,0.042522,0.026353,-0.094655,-0.094655,,0.348900,0.254245,-0.113135,-0.113135,,0.224160,0.111025,-0.052883,-0.052883,,0.101730,0.048847,0.122517,0.122517,,0.548499,0.671016,0.017838,0.017838,,0.794331,0.812169
harvest_total,harvest_2007_00223,2007,2011,4,1,-0.000564,-0.000564,,0.017250,0.016686,-0.013763,-0.013763,,0.044832,0.031069,-0.003245,-0.003245,,0.024427,0.021182,-0.136317,-0.136317,,0.418860,0.282543,-0.100759,-0.100759,,0.211427,0.110668,-0.041567,-0.041567,,0.084653,0.043086,0.074921,0.074921,,0.660395,0.735316,-0.029122,-0.029122,,0.890673,0.861551
harvest_total,harvest_2007_00223,2007,2014,7,1,-0.012608,-0.012608,,0.033777,0.021169,-0.021849,-0.021849,,0.062625,0.040776,-0.012678,-0.012678,,0.034933,0.022255,-0.142134,-0.142134,,0.449138,0.307004,-0.077647,-0.077647,,0.200593,0.122946,-0.032492,-0.032492,,0.081738,0.049246,0.014543,0.014543,,0.689528,0.704071,-0.013435,-0.013435,,0.871544,0.858109
harvest_total,harvest_2007_00223,2007,2015,8,1,-0.006174,-0.006174,,0.027893,0.021719,-0.013021,-0.013021,,0.051955,0.038934,-0.008800,-0.008800,,0.031124,0.022324,-0.128494,-0.128494,,0.396145,0.267651,-0.077949,-0.077949,,0.189221,0.111272,-0.031776,-0.031776,,0.078520,0.046744,0.020197,0.020197,,0.681763,0.701960,-0.017588,-0.017588,,0.866398,0.848810
harvest_total,harvest_2007_00223,2007,2016,9,1,-0.013971,-0.013971,,0.035208,0.021237,-0.015552,-0.015552,,0.055723,0.040171,-0.005858,-0.005858,,0.031303,0.025445,-0.203981,-0.203981,,0.482660,0.278679,-0.082652,-0.082652,,0.206203,0.123551,-0.030910,-0.030910,,0.084597,0.053687,-0.029087,-0.029087,,0.704883,0.675796,-0.035660,-0.035660,,0.858314,0.822654
harvest_total,harvest_2007_00223,2007,2017,10,1,-0.005912,-0.005912,,0.026215,0.020303,-0.006105,-0.006105,,0.046675,0.040570,0.000083,0.000083,,0.025665,0.025748,-0.130157,-0.130157,,0.410665,0.280508,-0.079833,-0.079833,,0.196660,0.116827,-0.028077,-0.028077,,0.078437,0.050360,-0.017828,-0.017828,,0.713416,0.695588,-0.075423,-0.075423,,0.892360,0.816937
harvest_total,harvest_2007_00223,2007,2018,11,1,-0.007109,-0.007109,,0.026889,0.019780,-0.015977,-0.015977,,0.049617,0.033640,-0.002406,-0.002406,,0.025211,0.022805,-0.179451,-0.179451,,0.437876,0.258425,-0.081455,-0.081455,,0.185825,0.104370,-0.032505,-0.032505,,0.075660,0.043155,0.015157,0.015157,,0.712513,0.727670,-0.025104,-0.025104,,0.882176,0.857072
harvest_total,harvest_2007_00223,2007,2019,12,1,-0.006407,-0.006407,,0.028745,0.022338,-0.010835,-0.010835,,0.048133,0.037298,-0.002214,-0.002214,,0.027659,0.025445,-0.144512,-0.144512,,0.419162,0.274650,-0.067320,-0.067320,,0.186980,0.119660,-0.022729,-0.022729,,0.074161,0.051432,-0.020848,-0.020848,,0.706167,0.685319,-0.032950,-0.032950,,0.876300,0.843350
harvest_total,harvest_2007_00223,2007,2021,14,1,-0.014204,-0.014204,,0.037394,0.023190,-0.017751,-0.017751,,0.058266,0.040515,-0.015510,-0.015510,,0.042770,0.027260,-0.126019,-0.126019,,0.382161,0.256142,-0.080108,-0.080108,,0.204498,0.124390,-0.036190,-0.036190,,0.088970,0.052780,0.022044,0.022044,,0.634296,0.656340,-0.011592,-0.011592,,0.802016,0.790424
harvest_total,harvest_2007_00223,2007,2022,15,1,0.001073,0.001073,,0.016315,0.017388,-0.007837,-0.007837,,0.040185,0.032348,-0.000042,-0.000042,,0.020193,0.020151,-0.170253,-0.170253,,0.399363,0.229110,-0.056540,-0.056540,,0.167070,0.110530,-0.016747,-0.016747,,0.065292,0.048545,-0.068472,-0.068472,,0.723255,0.654783,-0.064402,-0.064402,,0.912161,0.847759
harvest_total,harvest_2007_00223,2007,2023,16,1,-0.005101,-0.005101,,0.031481,0.026380,-0.002599,-0.002599,,0.048861,0.046262,0.002557,0.002557,,0.028085,0.030642,-0.084026,-0.084026,,0.335164,0.251138,-0.040233,-0.040233,,0.160663,0.120430,-0.014850,-0.014850,,0.070270,0.055420,-0.026412,-0.026412,,0.663828,0.637416,-0.061763,-0.061763,,0.853186,0.791423
harvest_total,harvest_2007_00223,2007,2024,17,1,-0.002887,-0.002887,,0.026696,0.023809,-0.005445,-0.005445,,0.043980,0.038535,0.001375,0.001375,,0.025637,0.027012,-0.120767,-0.120767,,0.344363,0.223596,-0.038211,-0.038211,,0.168115,0.129904,-0.009295,-0.009295,,0.067589,0.058294,-0.122775,-0.122775,,0.680754,0.557979,-0.102416,-0.102416,,0.865829,0.763413
harvest_total,harvest_2007_00223,2007,2025,18,1,-0.001003,-0.001003,,0.017992,0.016989,-0.001802,-0.001802,,0.042729,0.040927,0.001223,0.001223,,0.021389,0.022612,-0.144320,-0.144320,,0.398276,0.253956,-0.051755,-0.051755,,0.166094,0.114339,-0.016953,-0.016953,,0.068097,0.051144,-0.036299,-0.036299,,0.706780,0.670481,-0.056029,-0.056029,,0.897901,0.841872
harvest_total,harvest_2007_00227,2007,2004,-3,3,-0.002406,0.001137,0.008193,0.022406,0.020275,-0.007108,-0.001554,0.010198,0.045190,0.038343,-0.001251,-0.001490,0.007442,0.024634,0.023383,-0.061421,-0.082083,0.038242,0.341035,0.279614,-0.041401,-0.047364,0.019419,0.151697,0.107725,-0.021959,-0.018521,0.014189,0.063285,0.043540,0.045102,0.027783,0.033933,0.690926,0.732285,-0.049572,-0.035271,0.040544,0.875402,0.826183
harvest_total,harvest_2007_00227,2007,2005,-2,1,-0.012609,-0.012609,,0.036775,0.024166,-0.009075,-0.009075,,0.047555,0.038480,-0.009899,-0.009899,,0.034052,0.024153,-0.081180,-0.081180,,0.336250,0.255070,-0.054766,-0.054766,,0.162367,0.107601,-0.025630,-0.025630,,0.065540,0.039910,0.077231,0.077231,,0.651952,0.729183,-0.006711,-0.006711,,0.817562,0.810851
harvest_total,harvest_2007_00227,2007,2006,-1,3,-0.005115,-0.007118,0.007712,0.027975,0.020770,-0.006806,-0.006073,0.014026,0.042742,0.035936,-0.006297,-0.007232,0.010920,0.030367,0.024070,-0.116188,-0.102951,0.030582,0.340513,0.238144,-0.071266,-0.061155,0.020574,0.168527,0.105030,-0.030704,-0.025818,0.012455,0.070270,0.042192,0.041333,0.031660,0.029525,0.657872,0.699205,-0.030299,-0.020470,0.044938,0.827559,0.797260
harvest_total,harvest_2007_00227,2007,2007,0,2,-0.005321,-0.005321,0.012504,0.033200,0.027879,-0.014774,-0.014774,0.004948,0.060404,0.045630,-0.021361,-0.021361,0.003918,0.053584,0.032224,-0.081641,-0.081641,0.009188,0.316622,0.234981,-0.101152,-0.101152,0.033320,0.207818,0.106666,-0.056857,-0.056857,0.018473,0.101009,0.044152,0.181848,0.181848,0.085894,0.493630,0.675477,0.087093,0.087093,0.004424,0.679759,0.766852
harvest_total,harvest_2007_00227,2007,2008,1,2,-0.026771,-0.026771,0.004297,0.050703,0.023932,-0.043793,-0.043793,0.005055,0.083490,0.039697,-0.045217,-0.045217,0.014846,0.070689,0.025473,-0.057008,-0.057008,0.035799,0.305003,0.247995,-0.114441,-0.114441,0.000836,0.224545,0.110104,-0.074346,-0.074346,0.005231,0.119426,0.045080,0.243526,0.243526,0.052713,0.458493,0.702019,0.118448,0.118448,0.075734,0.683117,0.801565
harvest_total,harvest_2007_00227,2007,2009,2,1,0.004386,0.004386,,0.030835,0.035221,-0.017999,-0.017999,,0.071150,0.053151,-0.012513,-0.012513,,0.046703,0.034190,-0.080053,-0.080053,,0.353053,0.273000,-0.099770,-0.099770,,0.213985,0.114215,-0.047905,-0.047905,,0.096615,0.048710,0.070446,0.070446,,0.612872,0.683318,0.009081,0.009081,,0.766344,0.775425
harvest_total,harvest_2007_00227,2007,2010,3,2,-0.008656,-0.008656,0.006757,0.037064,0.028408,-0.033805,-0.033805,0.003705,0.077220,0.043416,-0.036602,-0.036602,0.007817,0.066591,0.029989,-0.104472,-0.104472,0.019679,0.356552,0.252080,-0.166155,-0.166155,0.000448,0.273894,0.107739,-0.087588,-0.087588,0.002995,0.131843,0.044255,0.242715,0.242715,0.040154,0.460954,0.703669,0.099417,0.099417,0.042896,0.690600,0.790017
harvest_total,harvest_2007_00227,2007,2011,4,3,-0.010010,-0.008076,0.004824,0.025225,0.017717,-0.023912,-0.024173,0.002341,0.057758,0.032897,-0.017861,-0.019200,0.002758,0.041038,0.021966,-0.159940,-0.145755,0.032465,0.414364,0.248374,-0.117108,-0.116801,0.002114,0.223706,0.106598,-0.053446,-0.054028,0.003291,0.097220,0.043733,0.091411,0.106168,0.036117,0.605805,0.709855,0.025398,0.025346,0.013765,0.798262,0.837347
harvest_total,harvest_2007_00227,2007,2014,7,3,-0.004249,-0.004616,0.000647,0.023218,0.018969,-0.014272,-0.014597,0.001884,0.051006,0.036734,-0.015868,-0.015308,0.001041,0.035895,0.021788,-0.155058,-0.158840,0.037057,0.399816,0.244758,-0.102823,-0.110871,0.017369,0.203329,0.100506,-0.046145,-0.051090,0.009967,0.088722,0.040872,0.057619,0.068541,0.021931,0.642553,0.716412,-0.004531,-0.004112,0.012199,0.841972,0.825876
harvest_total,harvest_2007_00227,2007,2015,8,3,-0.014658,-0.014644,0.002771,0.031564,0.017333,-0.015208,-0.015978,0.002325,0.053687,0.039552,-0.011522,-0.013383,0.004035,0.034767,0.023245,-0.158606,-0.148422,0.025061,0.390838,0.247480,-0.122045,-0.116339,0.010533,0.209503,0.097495,-0.053267,-0.054298,0.008934,0.090675,0.041299,0.110912,0.104714,0.045904,0.628693,0.712345,-0.009865,-0.004467,0.014940,0.845686,0.835581
harvest_total,harvest_2007_00227,2007,2016,9,3,-0.013173,-0.014076,0.004719,0.033860,0.020687,-0.021670,-0.020593,0.007326,0.058555,0.036885,-0.015194,-0.012943,0.006141,0.038150,0.023671,-0.221182,-0.202917,0.041565,0.451296,0.234954,-0.098299,-0.099669,0.013781,0.192494,0.094195,-0.046241,-0.040727,0.010911,0.087292,0.042646,0.009301,0.015273,0.017877,0.676466,0.694372,-0.012709,-0.024572,0.024208,0.845217,0.832508
harvest_total,harvest_2007_00227,2007,2017,10,2,-0.021099,-0.021099,0.011366,0.045259,0.024160,-0.034657,-0.034657,0.006154,0.074286,0.039628,-0.029920,-0.029920,0.003149,0.052794,0.022873,-0.218529,-0.218529,0.035604,0.466573,0.248044,-0.108769,-0.108769,0.024996,0.209613,0.100844,-0.052484,-0.052484,0.004376,0.096257,0.043773,0.005447,0.005447,0.037578,0.693808,0.699255,0.007364,0.007364,0.018342,0.819846,0.827211
harvest_total,harvest_2007_00227,2007,2018,11,3,-0.010532,-0.006948,0.007606,0.030587,0.020220,-0.019993,-0.014928,0.009386,0.060453,0.040570,-0.009323,-0.008956,0.004576,0.035510,0.025583,-0.212108,-0.216828,0.017868,0.474713,0.257930,-0.088990,-0.089017,0.008814,0.199190,0.110145,-0.035310,-0.033197,0.005490,0.077145,0.041725,-0.003974,-0.004804,0.023660,0.719840,0.718457,-0.071433,-0.060878,0.023904,0.883104,0.815287
harvest_total,harvest_2007_00227,2007,2019,12,3,-0.002310,-0.002195,0.001866,0.022750,0.020660,-0.006242,-0.008364,0.003699,0.047871,0.041423,-0.005307,-0.005390,0.002902,0.029267,0.024675,-0.192569,-0.192033,0.006596,0.454019,0.261450,-0.099578,-0.087221,0.027242,0.197018,0.103985,-0.038734,-0.031744,0.014478,0.079304,0.043086,0.022690,-0.003133,0.052427,0.706880,0.703115,-0.065605,-0.060149,0.011967,0.879025,0.813420
harvest_total,harvest_2007_00227,2007,2020,13,3,-0.003864,-0.002407,0.003791,0.026504,0.021251,-0.004497,-0.004909,0.004442,0.045823,0.042550,0.000000,0.000468,0.004296,0.026737,0.026737,-0.176577,-0.166196,0.028939,0.450898,0.269274,-0.076835,-0.074993,0.023882,0.192563,0.117185,-0.026084,-0.024979,0.014696,0.075715,0.047912,0.014093,-0.028313,0.074366,0.702318,0.698087,-0.055857,-0.069386,0.028296,0.879762,0.820110
harvest_total,harvest_2007_00227,2007,2021,14,3,-0.007961,-0.008071,0.001364,0.026875,0.018914,-0.010890,-0.009643,0.002207,0.050882,0.042000,-0.002859,-0.002777,0.000897,0.028167,0.025720,-0.197587,-0.194228,0.013148,0.412975,0.227295,-0.076189,-0.085603,0.016556,0.181425,0.103311,-0.025740,-0.030103,0.009400,0.072470,0.046730,-0.027635,-0.023229,0.041058,0.702200,0.674565,-0.064721,-0.064692,0.013749,0.874634,0.796692
harvest_total,harvest_2007_00227,2007,2022,15,2,-0.004744,-0.004744,0.004084,0.020426,0.015682,-0.009020,-0.009020,0.002625,0.041436,0.032416,-0.002434,-0.002434,0.000682,0.023713,0.021278,-0.173229,-0.173229,0.009946,0.408403,0.235174,-0.070311,-0.070311,0.006271,0.173663,0.103352,-0.026737,-0.026737,0.008391,0.071460,0.044722,-0.034766,-0.034766,0.033154,0.712489,0.677724,-0.056166,-0.056166,0.012782,0.888900,0.832734
harvest_total,harvest_2007_00227,2007,2023,16,3,-0.007026,-0.008474,0.003853,0.029295,0.022585,-0.006958,-0.008594,0.003941,0.052959,0.045960,-0.004579,-0.003639,0.003620,0.030450,0.026985,-0.125703,-0.124144,0.022906,0.371863,0.247783,-0.060224,-0.062017,0.018826,0.176516,0.115893,-0.027073,-0.023498,0.008478,0.074931,0.053358,0.010810,-0.009035,0.061580,0.678052,0.678695,-0.023683,-0.038109,0.032910,0.829467,0.803579
harvest_total,harvest_2007_00227,2007,2024,17,3,-0.005500,-0.006055,0.001660,0.026985,0.021402,-0.009528,-0.011302,0.004318,0.050167,0.040116,-0.002915,-0.004891,0.004843,0.029680,0.026765,-0.192114,-0.185647,0.014308,0.373952,0.188108,-0.062260,-0.064675,0.006512,0.173505,0.107904,-0.017256,-0.019910,0.007242,0.070765,0.053014,-0.079779,-0.091686,0.031271,0.669532,0.572548,-0.085386,-0.084106,0.006759,0.851180,0.761047
harvest_total,harvest_2007_00227,2007,2025,18,3,-0.004001,-0.004395,0.001874,0.021842,0.017772,-0.011468,-0.010601,0.002149,0.046510,0.035620,-0.003190,-0.003451,0.001659,0.025775,0.021237,-0.177981,-0.175909,0.004448,0.384348,0.205405,-0.076175,-0.070794,0.012314,0.167262,0.098485,-0.022110,-0.023439,0.004828,0.068207,0.045960,-0.036835,-0.046984,0.052220,0.714625,0.677790,-0.045787,-0.054647,0.017123,0.875645,0.814562
harvest_total,harvest_2007_00234,2007,2004,-3,1,0.005651,0.005651,,0.016040,0.021691,0.010051,0.010051,,0.034878,0.044929,0.007425,0.007425,,0.018597,0.026022,-0.001732,-0.001732,,0.299482,0.297750,0.017037,0.017037,,0.125682,0.142719,0.010972,0.010972,,0.049618,0.060590,-0.047633,-0.047633,,0.697866,0.650233,-0.038563,-0.038563,,0.883064,0.844501
harvest_total,harvest_2007_00234,2007,2005,-2,1,-0.001032,-0.001032,,0.035964,0.034932,0.000674,0.000674,,0.050401,0.051075,0.004235,0.004235,,0.034424,0.038659,0.014520,0.014520,,0.301531,0.316051,0.014919,0.014919,,0.143434,0.158353,0.005431,0.005431,,0.064069,0.069500,-0.032022,-0.032022,,0.653369,0.621347,-0.029017,-0.029017,,0.789529,0.760512
harvest_total,harvest_2007_00234,2007,2006,-1,1,0.004647,0.004647,,0.019395,0.024042,0.007218,0.007218,,0.038233,0.045451,0.004001,0.004001,,0.024785,0.028786,0.000440,0.000440,,0.294203,0.294643,0.020130,0.020130,,0.127387,0.147517,0.008373,0.008373,,0.054733,0.063106,-0.046839,-0.046839,,0.689655,0.642816,-0.029609,-0.029609,,0.844602,0.814993
harvest_total,harvest_2007_00234,2007,2007,0,1,-0.001636,-0.001636,,0.025720,0.024084,-0.002874,-0.002874,,0.051708,0.048834,-0.008992,-0.008992,,0.041532,0.032540,0.051617,0.051617,,0.238158,0.289775,-0.027446,-0.027446,,0.174633,0.147187,-0.033838,-0.033838,,0.092902,0.059064,0.202411,0.202411,,0.449642,0.652053,0.106483,0.106483,,0.703010,0.809493
harvest_total,harvest_2007_00234,2007,2011,4,1,-0.029535,-0.029535,,0.052532,0.022997,-0.059950,-0.059950,,0.098677,0.038727,-0.047479,-0.047479,,0.071590,0.024111,-0.086212,-0.086212,,0.378160,0.291948,-0.099756,-0.099756,,0.246050,0.146294,-0.055618,-0.055618,,0.124362,0.068744,0.128925,0.128925,,0.496730,0.625655,0.146008,0.146008,,0.701418,0.847426
harvest_total,harvest_2007_00234,2007,2012,5,1,-0.039435,-0.039435,,0.056932,0.017497,-0.063854,-0.063854,,0.093232,0.029378,-0.072353,-0.072353,,0.094388,0.022035,-0.022881,-0.022881,,0.307348,0.284467,-0.080025,-0.080025,,0.226580,0.146555,-0.070015,-0.070015,,0.129505,0.059490,0.246985,0.246985,,0.407100,0.654085,0.326115,0.326115,,0.530101,0.856216
harvest_total,harvest_2007_00234,2007,2013,6,1,-0.013393,-0.013393,,0.040185,0.026792,-0.028958,-0.028958,,0.074093,0.045135,-0.031598,-0.031598,,0.056740,0.025142,-0.135273,-0.135273,,0.424333,0.289060,-0.082747,-0.082747,,0.234830,0.152083,-0.041058,-0.041058,,0.109183,0.068125,0.069071,0.069071,,0.563863,0.632934,0.074203,0.074203,,0.765278,0.839481
harvest_total,harvest_2007_00234,2007,2014,7,1,-0.015977,-0.015977,,0.039992,0.024015,-0.030676,-0.030676,,0.074972,0.044296,-0.019113,-0.019113,,0.048270,0.029157,-0.078252,-0.078252,,0.358608,0.280356,-0.065945,-0.065945,,0.200537,0.134592,-0.037400,-0.037400,,0.098705,0.061305,0.028803,0.028803,,0.610850,0.639653,0.046943,0.046943,,0.784683,0.831626
harvest_total,harvest_2007_00234,2007,2015,8,1,-0.014218,-0.014218,,0.038054,0.023836,-0.025424,-0.025424,,0.070861,0.045437,-0.027129,-0.027129,,0.055118,0.027989,-0.100829,-0.100829,,0.379384,0.278555,-0.093225,-0.093225,,0.241650,0.148425,-0.050930,-0.050930,,0.115961,0.065031,0.091270,0.091270,,0.530464,0.621734,0.075833,0.075833,,0.741444,0.817277
harvest_total,harvest_2007_00234,2007,2016,9,1,-0.016995,-0.016995,,0.037669,0.020674,-0.032491,-0.032491,,0.073226,0.040735,-0.030222,-0.030222,,0.053151,0.022929,-0.179369,-0.179369,,0.470835,0.291466,-0.094284,-0.094284,,0.235284,0.141000,-0.046585,-0.046585,,0.110214,0.063629,0.032294,0.032294,,0.615768,0.648062,0.050746,0.050746,,0.800968,0.851714
harvest_total,harvest_2007_00234,2007,2018,11,1,-0.010010,-0.010010,,0.042839,0.032829,-0.016459,-0.016459,,0.074093,0.057634,-0.009707,-0.009707,,0.050607,0.040900,-0.110358,-0.110358,,0.402690,0.292332,-0.057310,-0.057310,,0.202614,0.145304,-0.029026,-0.029026,,0.097412,0.068386,0.005634,0.005634,,0.620301,0.625935,-0.000886,-0.000886,,0.761575,0.760689
harvest_total,harvest_2007_00234,2007,2019,12,1,-0.009983,-0.009983,,0.033750,0.023767,-0.019236,-0.019236,,0.064550,0.045314,-0.021189,-0.021189,,0.047720,0.026531,-0.139466,-0.139466,,0.443692,0.304226,-0.053900,-0.053900,,0.205680,0.151780,-0.023747,-0.023747,,0.092958,0.069211,-0.028627,-0.028627,,0.659061,0.630434,0.065975,0.065975,,0.773151,0.839126
harvest_total,harvest_2007_00234,2007,2021,14,1,-0.004455,-0.004455,,0.032774,0.028319,-0.015028,-0.015028,,0.058527,0.043499,-0.017105,-0.017105,,0.043705,0.026600,-0.127229,-0.127229,,0.402388,0.275159,-0.059317,-0.059317,,0.204456,0.145139,-0.021189,-0.021189,,0.084006,0.062817,-0.027106,-0.027106,,0.649144,0.622038,0.019014,0.019014,,0.799938,0.818952
harvest_total,harvest_2007_00234,2007,2022,15,1,-0.009886,-0.009886,,0.030326,0.020440,-0.024242,-0.024242,,0.063464,0.039222,-0.016693,-0.016693,,0.038150,0.021457,-0.167311,-0.167311,,0.436323,0.269012,-0.058451,-0.058451,,0.191944,0.133493,-0.019717,-0.019717,,0.079482,0.059765,-0.058408,-0.058408,,0.696608,0.638200,0.001618,0.001618,,0.844105,0.845723
harvest_total,harvest_2007_00234,2007,2023,16,1,-0.013035,-0.013035,,0.035276,0.022241,-0.023636,-0.023636,,0.069211,0.045575,-0.018247,-0.018247,,0.044764,0.026517,-0.134393,-0.134393,,0.426038,0.291645,-0.062177,-0.062177,,0.211730,0.149553,-0.026290,-0.026290,,0.093136,0.066846,-0.005403,-0.005403,,0.643517,0.638114,0.010944,0.010944,,0.807298,0.818242
harvest_total,harvest_2007_00234,2007,2024,17,1,-0.010065,-0.010065,,0.032815,0.022750,-0.020074,-0.020074,,0.064192,0.044118,-0.011165,-0.011165,,0.043403,0.032238,-0.170362,-0.170362,,0.418117,0.247755,-0.055522,-0.055522,,0.189702,0.134180,-0.026373,-0.026373,,0.088888,0.062515,-0.067741,-0.067741,,0.656676,0.588935,-0.031905,-0.031905,,0.818036,0.786131
harvest_total,harvest_2007_00234,2007,2025,18,1,-0.008744,-0.008744,,0.031247,0.022503,-0.015951,-0.015951,,0.060563,0.044612,-0.012279,-0.012279,,0.038274,0.025995,-0.149972,-0.149972,,0.411009,0.261037,-0.048579,-0.048579,,0.180339,0.131760,-0.016940,-0.016940,,0.076540,0.059600,-0.052047,-0.052047,,0.683745,0.631698,0.005655,0.005655,,0.826026,0.831681
harvest_total,harvest_2007_00254,2007,2005,-2,1,-0.012898,-0.012898,,0.045094,0.032196,-0.007164,-0.007164,,0.063533,0.056369,-0.018494,-0.018494,,0.057276,0.038782,0.061434,0.061434,,0.222153,0.283587,-0.036424,-0.036424,,0.154338,0.117914,-0.032931,-0.032931,,0.080431,0.047500,0.260207,0.260207,,0.460072,0.720279,0.160191,0.160191,,0.607091,0.767282
harvest_total,harvest_2007_00254,2007,2008,1,1,-0.012348,-0.012348,,0.038645,0.026297,-0.003960,-0.003960,,0.054031,0.050071,-0.029397,-0.029397,,0.061635,0.032238,0.109354,0.109354,,0.158380,0.267734,-0.111650,-0.111650,,0.217876,0.106226,-0.103235,-0.103235,,0.150707,0.047472,0.683603,0.683603,,0.023943,0.707546,0.355035,0.355035,,0.438212,0.793247
harvest_total,harvest_2007_00254,2007,2010,3,1,-0.027445,-0.027445,,0.047280,0.019835,-0.024035,-0.024035,,0.068070,0.044035,-0.050957,-0.050957,,0.076732,0.025775,0.100953,0.100953,,0.166162,0.267115,-0.164561,-0.164561,,0.261478,0.096917,-0.138848,-0.138848,,0.174550,0.035702,0.746484,0.746484,,0.007130,0.753614,0.422131,0.422131,,0.401864,0.823995
harvest_total,harvest_2007_00254,2007,2011,4,1,-0.017119,-0.017119,,0.040735,0.023616,-0.016789,-0.016789,,0.062075,0.045286,-0.032340,-0.032340,,0.059765,0.027425,0.112489,0.112489,,0.184629,0.297118,-0.125414,-0.125414,,0.227446,0.102032,-0.102878,-0.102878,,0.141825,0.038947,0.607476,0.607476,,0.152054,0.759530,0.337098,0.337098,,0.494068,0.831166
harvest_total,harvest_2007_00254,2007,2013,6,1,-0.024228,-0.024228,,0.039250,0.015022,-0.032587,-0.032587,,0.067657,0.035070,-0.043780,-0.043780,,0.062295,0.018515,0.026676,0.026676,,0.234637,0.261313,-0.156420,-0.156420,,0.241457,0.085037,-0.120671,-0.120671,,0.154008,0.033337,0.557626,0.557626,,0.216089,0.773715,0.251482,0.251482,,0.613926,0.865408
harvest_total,harvest_2007_00254,2007,2014,7,1,-0.018673,-0.018673,,0.036459,0.017786,-0.025588,-0.025588,,0.062927,0.037339,-0.034815,-0.034815,,0.052519,0.017704,0.005982,0.005982,,0.270511,0.276493,-0.113643,-0.113643,,0.195656,0.082013,-0.074978,-0.074978,,0.106432,0.031454,0.332865,0.332865,,0.439408,0.772273,0.194724,0.194724,,0.669574,0.864298
harvest_total,harvest_2007_00254,2007,2015,8,1,-0.006324,-0.006324,,0.056327,0.050003,-0.003602,-0.003602,,0.068400,0.064798,-0.020130,-0.020130,,0.058995,0.038865,-0.011276,-0.011276,,0.276713,0.265437,-0.123832,-0.123832,,0.213902,0.090070,-0.078403,-0.078403,,0.112538,0.034135,0.330632,0.330632,,0.437857,0.768489,0.084744,0.084744,,0.659819,0.744563
harvest_total,harvest_2007_00254,2007,2016,9,1,-0.020790,-0.020790,,0.036967,0.016177,-0.026345,-0.026345,,0.064962,0.038617,-0.030085,-0.030085,,0.049700,0.019615,-0.052827,-0.052827,,0.323435,0.270608,-0.123310,-0.123310,,0.209255,0.085945,-0.080025,-0.080025,,0.115150,0.035125,0.299982,0.299982,,0.470242,0.770224,0.134821,0.134821,,0.730007,0.864828
harvest_total,harvest_2007_00254,2007,2019,12,1,-0.008099,-0.008099,,0.030849,0.022750,-0.024956,-0.024956,,0.065526,0.040570,-0.021945,-0.021945,,0.044709,0.022764,-0.079324,-0.079324,,0.340980,0.261656,-0.098588,-0.098588,,0.190569,0.091981,-0.056594,-0.056594,,0.090482,0.033888,0.160570,0.160570,,0.613957,0.774527,0.063437,0.063437,,0.787551,0.850988
harvest_total,harvest_2007_00254,2007,2020,13,1,-0.011096,-0.011096,,0.029020,0.017924,-0.018824,-0.018824,,0.054911,0.036087,-0.020144,-0.020144,,0.043114,0.022970,-0.077797,-0.077797,,0.327271,0.249474,-0.090227,-0.090227,,0.179816,0.089589,-0.049817,-0.049817,,0.083223,0.033406,0.169683,0.169683,,0.594072,0.763755,0.065709,0.065709,,0.766292,0.832001
harvest_total,harvest_2007_00254,2007,2022,15,1,-0.008525,-0.008525,,0.023025,0.014500,-0.015729,-0.015729,,0.044887,0.029158,-0.008470,-0.008470,,0.026600,0.018130,-0.154385,-0.154385,,0.337873,0.183488,-0.057585,-0.057585,,0.137920,0.080335,-0.021382,-0.021382,,0.058019,0.036637,-0.039765,-0.039765,,0.706886,0.667121,-0.030397,-0.030397,,0.850551,0.820154
harvest_total,harvest_2007_00254,2007,2024,17,1,-0.008263,-0.008263,,0.028882,0.020619,-0.017160,-0.017160,,0.057400,0.040240,-0.009157,-0.009157,,0.036651,0.027494,-0.141446,-0.141446,,0.303126,0.161680,-0.048400,-0.048400,,0.150226,0.101826,-0.016582,-0.016582,,0.066351,0.049769,-0.102286,-0.102286,,0.630992,0.528706,-0.069163,-0.069163,,0.778210,0.709047
harvest_total,harvest_2007_00254,2007,2025,18,1,-0.007398,-0.007398,,0.023575,0.016177,-0.017105,-0.017105,,0.049563,0.032458,-0.009598,-0.009598,,0.030725,0.021127,-0.122210,-0.122210,,0.299785,0.177575,-0.045182,-0.045182,,0.132750,0.087568,-0.014272,-0.014272,,0.055227,0.040955,-0.058365,-0.058365,,0.680888,0.622523,-0.026730,-0.026730,,0.814075,0.787345
harvest_total,harvest_2007_00307,2007,2004,-3,2,-0.002056,-0.002056,0.000145,0.026325,0.024269,-0.004750,-0.004750,0.004229,0.053261,0.048510,-0.006463,-0.006463,0.000544,0.035606,0.029144,0.088756,0.088756,0.095089,0.352792,0.441547,0.006346,0.006346,0.002752,0.172226,0.178572,-0.002427,-0.002427,0.009460,0.070655,0.068228,0.051382,0.051382,0.078412,0.680279,0.731661,0.071796,0.071796,0.031948,0.803873,0.875668
harvest_total,harvest_2007_00307,2007,2005,-2,2,-0.000488,-0.000488,0.000787,0.026415,0.025926,0.000364,0.000364,0.001915,0.047810,0.048174,-0.000516,-0.000516,0.001098,0.032822,0.032307,0.075302,0.075302,0.069294,0.386802,0.462104,0.008862,0.008862,0.004132,0.178338,0.187200,-0.001787,-0.001787,0.000467,0.074903,0.073116,0.017838,0.017838,0.075996,0.668929,0.686767,0.017296,0.017296,0.035882,0.831313,0.848609
harvest_total,harvest_2007_00307,2007,2006,-1,2,-0.004187,-0.004187,0.003724,0.022530,0.018343,-0.000838,-0.000838,0.004997,0.042694,0.041856,-0.000433,-0.000433,0.004793,0.026634,0.026201,-0.002942,-0.002942,0.011201,0.371849,0.368907,0.012471,0.012471,0.017481,0.166761,0.179232,0.009453,0.009453,0.008333,0.062103,0.071556,-0.026957,-0.026957,0.008029,0.704321,0.677364,-0.022170,-0.022170,0.002425,0.871736,0.849567
harvest_total,harvest_2007_00307,2007,2007,0,2,0.001472,0.001472,0.006476,0.029804,0.031275,0.004544,0.004544,0.003393,0.049384,0.053928,0.005886,0.005886,0.000700,0.034024,0.039911,0.020281,0.020281,0.047932,0.360436,0.380717,0.018191,0.018191,0.015459,0.161996,0.180187,0.008092,0.008092,0.003470,0.065472,0.073564,-0.008714,-0.008714,0.023318,0.681836,0.673122,-0.010434,-0.010434,0.003310,0.818262,0.807828
harvest_total,harvest_2007_00307,2007,2008,1,1,-0.004785,-0.004785,,0.026517,0.021732,-0.004812,-0.004812,,0.044942,0.040130,0.000330,0.000330,,0.027067,0.027397,-0.016637,-0.016637,,0.316587,0.299950,-0.007453,-0.007453,,0.153238,0.145785,-0.004180,-0.004180,,0.063752,0.059572,-0.003577,-0.003577,,0.672179,0.668602,-0.015469,-0.015469,,0.842473,0.827004
harvest_total,harvest_2007_00307,2007,2011,4,1,0.003864,0.003864,,0.015517,0.019381,0.001348,0.001348,,0.035400,0.036748,0.004784,0.004784,,0.020248,0.025032,-0.045004,-0.045004,,0.385805,0.340801,-0.018893,-0.018893,,0.166218,0.147325,-0.002420,-0.002420,,0.062707,0.060287,-0.024848,-0.024848,,0.713965,0.689117,-0.029749,-0.029749,,0.893071,0.863322
harvest_total,harvest_2007_00307,2007,2012,5,2,0.003190,0.003190,0.005716,0.015875,0.019065,0.007604,0.007604,0.005931,0.031192,0.038796,0.013199,0.013199,0.014273,0.018254,0.031453,-0.043175,-0.043175,0.002295,0.359089,0.315914,0.020048,0.020048,0.054720,0.159026,0.179074,0.021670,0.021670,0.034030,0.060535,0.082205,-0.122209,-0.122209,0.139434,0.711726,0.589518,-0.083916,-0.083916,0.078000,0.903050,0.819134
harvest_total,harvest_2007_00307,2007,2014,7,2,0.003588,0.003588,0.010501,0.018055,0.021643,0.004647,0.004647,0.011706,0.048236,0.052883,0.001808,0.001808,0.014380,0.028305,0.030113,-0.010127,-0.010127,0.016150,0.356463,0.346336,0.019518,0.019518,0.022818,0.143448,0.162965,0.008745,0.008745,0.012503,0.060452,0.069197,-0.042289,-0.042289,0.039333,0.709739,0.667449,-0.013001,-0.013001,0.064356,0.853584,0.840583
harvest_total,harvest_2007_00307,2007,2015,8,1,-0.002035,-0.002035,,0.020687,0.018652,-0.003602,-0.003602,,0.036472,0.032870,-0.003877,-0.003877,,0.023355,0.019478,-0.029150,-0.029150,,0.357150,0.328000,-0.021423,-0.021423,,0.155768,0.134345,-0.010588,-0.010588,,0.062240,0.051652,0.025817,0.025817,,0.686271,0.712088,0.019061,0.019061,,0.861677,0.880738
harvest_total,harvest_2007_00307,2007,2016,9,2,0.005610,0.005610,0.007000,0.015394,0.021004,0.012670,0.012670,0.018697,0.033950,0.046620,0.010814,0.010814,0.015119,0.019581,0.030395,0.018892,0.018892,0.060844,0.375665,0.394557,0.011310,0.011310,0.049596,0.158538,0.169848,0.008229,0.008229,0.027117,0.061780,0.070009,-0.014718,-0.014718,0.060616,0.717809,0.703091,-0.038175,-0.038175,0.044804,0.900747,0.862572
harvest_total,harvest_2007_00307,2007,2017,10,2,0.008057,0.008057,0.008245,0.014954,0.023011,0.007845,0.007845,0.014146,0.037448,0.045293,0.008752,0.008752,0.011619,0.019230,0.027982,0.049535,0.049535,0.050432,0.331465,0.381000,0.012107,0.012107,0.044403,0.161171,0.173278,0.006442,0.006442,0.020447,0.062913,0.069356,-0.020960,-0.020960,0.035036,0.710798,0.689838,-0.041284,-0.041284,0.041342,0.891536,0.850252
harvest_total,harvest_2007_00307,2007,2018,11,2,0.000893,0.000893,0.007428,0.022998,0.023891,0.002187,0.002187,0.009743,0.045059,0.047246,0.003445,0.003445,0.008001,0.027232,0.030677,0.024461,0.024461,0.067184,0.356628,0.381089,0.005314,0.005314,0.049226,0.159370,0.164684,0.001890,0.001890,0.022255,0.064846,0.066736,0.011470,0.011470,0.037107,0.694721,0.706191,0.009520,0.009520,0.000009,0.856277,0.865797
harvest_total,harvest_2007_00307,2007,2019,12,2,0.002709,0.002709,0.005426,0.021938,0.024647,-0.001699,-0.001699,0.013252,0.048600,0.046901,-0.003472,-0.003472,0.006660,0.030203,0.026731,0.028586,0.028586,0.106075,0.397190,0.425776,0.001416,0.001416,0.052308,0.175320,0.176736,-0.000673,-0.000673,0.027165,0.075894,0.075220,0.019680,0.019680,0.006879,0.678476,0.698157,0.024673,0.024673,0.008115,0.852342,0.877015
harvest_total,harvest_2007_00307,2007,2021,14,2,0.000179,0.000179,0.011687,0.025871,0.026050,0.002365,0.002365,0.009314,0.042419,0.044785,0.002462,0.002462,0.005522,0.023376,0.025837,0.040803,0.040803,0.129206,0.343386,0.384189,0.004022,0.004022,0.049557,0.158903,0.162924,-0.000351,-0.000351,0.022721,0.065348,0.064997,0.030347,0.030347,0.011560,0.680487,0.710835,0.019507,0.019507,0.000568,0.855588,0.875095
harvest_total,harvest_2007_00307,2007,2022,15,1,0.000275,0.000275,,0.016728,0.017003,-0.005788,-0.005788,,0.034396,0.028608,-0.002447,-0.002447,,0.021072,0.018625,-0.030607,-0.030607,,0.343537,0.312930,-0.028311,-0.028311,,0.157156,0.128845,-0.009694,-0.009694,,0.061456,0.051762,0.024970,0.024970,,0.695703,0.720673,0.008967,0.008967,,0.885464,0.894431
harvest_total,harvest_2007_00307,2007,2023,16,2,0.000331,0.000331,0.005484,0.020522,0.020853,0.006139,0.006139,0.008799,0.036067,0.042206,0.002014,0.002014,0.003821,0.023775,0.025788,0.046076,0.046076,0.144033,0.314539,0.360615,0.014871,0.014871,0.054048,0.136620,0.151492,-0.000165,-0.000165,0.033835,0.057469,0.057304,0.018505,0.018505,0.002086,0.686960,0.705465,0.019864,0.019864,0.016310,0.835795,0.855659
harvest_total,harvest_2007_00307,2007,2024,17,2,0.004014,0.004014,0.003072,0.022242,0.026256,0.004786,0.004786,0.006884,0.043897,0.048683,0.003616,0.003616,0.002935,0.027218,0.030835,0.030828,0.030828,0.150858,0.314223,0.345050,0.013763,0.013763,0.047506,0.149676,0.163440,0.005776,0.005776,0.008906,0.067988,0.073763,0.004622,0.004622,0.110064,0.642815,0.647437,-0.004370,-0.004370,0.108765,0.834404,0.830033
harvest_total,harvest_2007_00307,2007,2025,18,2,0.002338,0.002338,0.004161,0.020880,0.023218,0.002517,0.002517,0.009004,0.048380,0.050896,0.002599,0.002599,0.004880,0.031068,0.033668,0.030250,0.030250,0.102478,0.318815,0.349065,0.007205,0.007205,0.048380,0.152330,0.159535,0.004029,0.004029,0.019892,0.064550,0.068579,0.012590,0.012590,0.001978,0.661258,0.673847,0.021103,0.021103,0.025659,0.821438,0.842541
harvest_total,harvest_2007_00354,2007,2005,-2,10,-0.004681,-0.003382,0.011177,0.032842,0.026428,0.000041,-0.000624,0.012653,0.047678,0.046145,-0.000090,0.001457,0.014208,0.036837,0.037682,0.049775,0.057464,0.038831,0.183405,0.238350,0.033124,0.027948,0.028003,0.089733,0.123517,0.012925,0.011169,0.016932,0.043045,0.056424,-0.011752,0.009469,0.094741,0.626583,0.614742,0.046515,0.052212,0.074353,0.670562,0.705095
harvest_total,harvest_2007_00354,2007,2007,0,9,0.003630,0.004238,0.006987,0.023245,0.026435,0.007727,0.005475,0.009227,0.041862,0.046262,0.006710,0.004295,0.006180,0.030972,0.034685,0.064213,0.062801,0.042815,0.184092,0.246518,0.030827,0.026695,0.022649,0.087870,0.120994,0.016527,0.012557,0.013462,0.040543,0.057070,-0.015771,-0.002380,0.059672,0.630155,0.610800,0.052566,0.044787,0.032874,0.686023,0.719567
harvest_total,harvest_2007_00354,2007,2010,3,10,-0.017229,-0.017791,0.003945,0.041939,0.023025,-0.022522,-0.023646,0.007012,0.063952,0.037752,-0.037263,-0.036778,0.007878,0.066489,0.027356,-0.002750,0.002005,0.031353,0.216480,0.225769,-0.128473,-0.134475,0.027988,0.248126,0.110901,-0.090379,-0.094249,0.016387,0.147861,0.050154,0.435086,0.419642,0.044147,0.192819,0.637998,0.238359,0.233160,0.035500,0.525543,0.766959
harvest_total,harvest_2007_00354,2007,2011,4,7,-0.012650,-0.013750,0.005148,0.038535,0.026462,-0.013750,-0.016176,0.006363,0.061553,0.043815,-0.025327,-0.024640,0.006280,0.055750,0.030340,-0.016005,-0.013058,0.042240,0.242530,0.232108,-0.089182,-0.098619,0.024979,0.211125,0.104397,-0.059125,-0.065356,0.016250,0.113940,0.050690,0.291905,0.282929,0.071825,0.338534,0.658729,0.120076,0.130635,0.050865,0.632476,0.780608
harvest_total,harvest_2007_00354,2007,2014,7,10,-0.014362,-0.014483,0.004024,0.037766,0.022000,-0.018438,-0.018180,0.004663,0.059483,0.042076,-0.021732,-0.021758,0.004734,0.049226,0.026256,-0.044764,-0.056640,0.049827,0.292861,0.244868,-0.110550,-0.110572,0.014044,0.230403,0.116635,-0.071150,-0.067745,0.009627,0.119289,0.051357,0.225407,0.221521,0.065505,0.415662,0.637187,0.086330,0.088380,0.048399,0.698963,0.788904
harvest_total,harvest_2007_00354,2007,2015,8,3,-0.009075,-0.008699,0.002075,0.050305,0.039772,-0.011606,-0.012146,0.001336,0.072113,0.060507,-0.016445,-0.016207,0.004103,0.063340,0.048902,-0.019084,-0.020267,0.025033,0.256362,0.237278,-0.078622,-0.079961,0.005593,0.216570,0.136325,-0.048812,-0.050838,0.009310,0.116497,0.061580,0.135882,0.148813,0.040691,0.420227,0.587897,0.031632,0.051727,0.035541,0.629118,0.667509
harvest_total,harvest_2007_00354,2007,2018,11,1,0.008662,0.008662,,0.028209,0.036871,-0.007287,-0.007287,,0.057001,0.049714,-0.008470,-0.008470,,0.039236,0.030766,-0.055068,-0.055068,,0.321551,0.266483,-0.064969,-0.064969,,0.170109,0.105140,-0.031941,-0.031941,,0.072497,0.040556,0.102179,0.102179,,0.632744,0.734923,0.015752,0.015752,,0.782770,0.798522
harvest_total,harvest_2007_00354,2007,2019,12,10,-0.009796,-0.009929,0.003469,0.033847,0.023451,-0.016218,-0.015104,0.004102,0.057675,0.041973,-0.013695,-0.013322,0.004598,0.041306,0.026641,-0.054140,-0.058355,0.040396,0.296905,0.239436,-0.063732,-0.061215,0.015906,0.175451,0.119234,-0.030553,-0.031691,0.008819,0.082638,0.049528,0.074292,0.079843,0.062696,0.569637,0.626407,0.031909,0.031436,0.040615,0.757766,0.777238
harvest_total,harvest_2007_00354,2007,2020,13,2,-0.023080,-0.023080,0.009207,0.039828,0.016748,-0.034024,-0.034024,0.010957,0.063746,0.029722,-0.025760,-0.025760,0.011832,0.043987,0.018226,-0.203700,-0.203700,0.095235,0.382725,0.179026,-0.125166,-0.125166,0.004803,0.205110,0.079943,-0.058499,-0.058499,0.011774,0.092689,0.034190,0.055321,0.055321,0.136415,0.621498,0.676818,0.039917,0.039917,0.068744,0.777573,0.817490
harvest_total,harvest_2007_00354,2007,2021,14,2,-0.009996,-0.009996,0.006203,0.026916,0.016920,-0.011702,-0.011702,0.001555,0.049604,0.037902,-0.007301,-0.007301,0.001147,0.031392,0.024091,-0.091644,-0.091644,0.074048,0.311700,0.220056,-0.043037,-0.043037,0.002411,0.158153,0.115116,-0.015097,-0.015097,0.012582,0.068695,0.053598,-0.031437,-0.031437,0.153550,0.637264,0.605827,-0.017303,-0.017303,0.060062,0.816421,0.799118
harvest_total,harvest_2007_00354,2007,2022,15,6,-0.004558,-0.004331,0.001919,0.023060,0.018419,-0.009694,-0.009609,0.002153,0.045671,0.037173,-0.007487,-0.006582,0.005016,0.028450,0.021182,-0.072250,-0.075795,0.053244,0.287039,0.212225,-0.035750,-0.035408,0.015263,0.135039,0.100479,-0.013125,-0.011926,0.004632,0.055668,0.044550,0.017177,-0.003913,0.046598,0.669528,0.662594,-0.001432,-0.001667,0.035679,0.814102,0.804714
harvest_total,harvest_2007_00354,2007,2023,16,4,-0.021189,-0.020725,0.004941,0.039078,0.017917,-0.011116,-0.010680,0.005944,0.042618,0.032588,-0.025596,-0.024922,0.004841,0.044104,0.020474,0.106494,0.112307,0.028490,0.067369,0.176667,-0.036210,-0.032484,0.011177,0.129017,0.094250,-0.104191,-0.103407,0.005052,0.145764,0.042206,0.938410,0.905935,0.078027,-0.310376,0.619953,0.535921,0.525152,0.046638,0.277173,0.807210
harvest_total,harvest_2007_00354,2007,2024,17,10,-0.020474,-0.020680,0.001813,0.041683,0.021478,-0.007851,-0.008390,0.005661,0.049432,0.040316,-0.019807,-0.018761,0.004807,0.046888,0.026167,0.077227,0.065286,0.043421,0.137535,0.208925,-0.065492,-0.069123,0.008428,0.185158,0.115446,-0.103751,-0.101415,0.011634,0.158174,0.054066,0.667817,0.646502,0.138187,-0.090592,0.594421,0.301747,0.282364,0.068447,0.459646,0.766981
harvest_total,harvest_2007_00354,2007,2025,18,10,-0.023980,-0.023694,0.003357,0.042014,0.018818,-0.014492,-0.014655,0.005535,0.053879,0.037655,-0.023678,-0.023755,0.005484,0.048119,0.023905,0.022165,0.025586,0.043464,0.172969,0.202710,-0.086914,-0.089659,0.011988,0.191903,0.104700,-0.084879,-0.090208,0.016537,0.134854,0.046304,0.500722,0.497204,0.139688,0.127101,0.633325,0.234855,0.219107,0.058795,0.556985,0.778453
harvest_total,harvest_2007_00357,2007,2005,-2,1,0.001128,0.001128,,0.032581,0.033709,0.006229,0.006229,,0.048600,0.054829,0.009639,0.009639,,0.031467,0.041106,-0.001663,-0.001663,,0.210547,0.208884,0.018411,0.018411,,0.098238,0.116649,0.014025,0.014025,,0.042371,0.056396,-0.074360,-0.074360,,0.648580,0.574220,-0.052371,-0.052371,,0.735624,0.683253
harvest_total,harvest_2007_00357,2007,2007,0,2,0.003300,0.003300,0.003656,0.023863,0.027164,0.004634,0.004634,0.001847,0.043031,0.047665,0.004648,0.004648,0.000661,0.032320,0.036968,0.023884,0.023884,0.004297,0.193979,0.217863,0.026222,0.026222,0.007137,0.090304,0.116526,0.014218,0.014218,0.000895,0.042619,0.056836,-0.043209,-0.043209,0.007177,0.640220,0.597012,0.002780,0.002780,0.005772,0.712067,0.714847
harvest_total,harvest_2007_00357,2007,2010,3,2,-0.010148,-0.010148,0.000389,0.031811,0.021664,-0.013598,-0.013598,0.002508,0.056712,0.043113,-0.020639,-0.020639,0.002430,0.053687,0.033049,-0.017270,-0.017270,0.001750,0.234679,0.217409,-0.087766,-0.087766,0.006397,0.208320,0.120554,-0.057296,-0.057296,0.000058,0.110213,0.052917,0.230529,0.230529,0.016531,0.358325,0.588855,0.105858,0.105858,0.013803,0.629544,0.735402
harvest_total,harvest_2007_00357,2007,2011,4,2,-0.013626,-0.013626,0.003248,0.040020,0.026394,-0.012045,-0.012045,0.003617,0.058239,0.046193,-0.016273,-0.016273,0.007049,0.051749,0.035476,-0.026469,-0.026469,0.027205,0.249460,0.222992,-0.063545,-0.063545,0.006077,0.180724,0.117179,-0.037256,-0.037256,0.000671,0.094621,0.057366,0.139567,0.139567,0.029567,0.450001,0.589568,0.072225,0.072225,0.026242,0.655617,0.727842
harvest_total,harvest_2007_00357,2007,2014,7,1,-0.009075,-0.009075,,0.031770,0.022695,-0.014396,-0.014396,,0.062171,0.047775,-0.017078,-0.017078,,0.046414,0.029336,-0.086680,-0.086680,,0.313659,0.226979,-0.068461,-0.068461,,0.191875,0.123414,-0.032492,-0.032492,,0.091418,0.058926,0.040074,0.040074,,0.547614,0.587688,0.025805,0.025805,,0.741726,0.767531
harvest_total,harvest_2007_00357,2007,2015,8,2,-0.000138,-0.000138,0.003345,0.042853,0.042715,-0.007879,-0.007879,0.003404,0.068593,0.060714,-0.012032,-0.012032,0.004064,0.057180,0.045149,-0.056595,-0.056595,0.002954,0.292057,0.235462,-0.049926,-0.049926,0.012114,0.179253,0.129327,-0.022894,-0.022894,0.010675,0.081559,0.058665,0.037081,0.037081,0.041859,0.561753,0.598834,0.006692,0.006692,0.023204,0.673303,0.679995
harvest_total,harvest_2007_00357,2007,2016,9,1,-0.009240,-0.009240,,0.033722,0.024482,-0.014905,-0.014905,,0.061690,0.046785,-0.011496,-0.011496,,0.041423,0.029927,-0.056787,-0.056787,,0.316367,0.259580,-0.054093,-0.054093,,0.189318,0.135225,-0.022936,-0.022936,,0.088228,0.065292,0.039221,0.039221,,0.562415,0.601636,0.025821,0.025821,,0.768454,0.794275
harvest_total,harvest_2007_00357,2007,2018,11,1,-0.012183,-0.012183,,0.029433,0.017250,-0.024942,-0.024942,,0.060232,0.035290,-0.018631,-0.018631,,0.042536,0.023905,-0.108694,-0.108694,,0.300156,0.191462,-0.079310,-0.079310,,0.175347,0.096037,-0.032711,-0.032711,,0.077571,0.044860,0.030087,0.030087,,0.590262,0.620349,-0.003850,-0.003850,,0.751752,0.747902
harvest_total,harvest_2007_00357,2007,2021,14,1,0.005542,0.005542,,0.023822,0.029364,-0.000316,-0.000316,,0.054210,0.053894,0.001279,0.001279,,0.037751,0.039030,0.015318,0.015318,,0.287451,0.302769,0.011935,0.011935,,0.160649,0.172584,0.014727,0.014727,,0.071411,0.086138,-0.046546,-0.046546,,0.603320,0.556774,0.004845,0.004845,,0.767837,0.772682
harvest_total,harvest_2007_00357,2007,2022,15,2,0.001636,0.001636,0.004337,0.018955,0.020591,-0.002708,-0.002708,0.014448,0.047362,0.044653,-0.002853,-0.002853,0.009693,0.031165,0.028312,-0.014052,-0.014052,0.099095,0.287836,0.273784,0.006518,0.006518,0.041885,0.126480,0.132997,0.009460,0.009460,0.015867,0.053358,0.062818,-0.064030,-0.064030,0.025307,0.687221,0.623191,0.000993,0.000993,0.005807,0.806679,0.807673
harvest_total,harvest_2007_00357,2007,2023,16,1,-0.006146,-0.006146,,0.027370,0.021224,0.003272,0.003272,,0.038425,0.041697,-0.007521,-0.007521,,0.036417,0.028896,0.125180,0.125180,,0.081875,0.207055,-0.031185,-0.031185,,0.148205,0.117020,-0.081730,-0.081730,,0.139185,0.057455,0.834099,0.834099,,-0.259251,0.574848,0.380805,0.380805,,0.384281,0.765086
harvest_total,harvest_2007_00357,2007,2024,17,2,-0.016500,-0.016500,0.001322,0.040432,0.023932,-0.011248,-0.011248,0.007370,0.060185,0.048937,-0.015731,-0.015731,0.003422,0.048669,0.032938,0.072813,0.072813,0.100971,0.190775,0.263588,-0.031474,-0.031474,0.023432,0.176186,0.144712,-0.052958,-0.052958,0.006797,0.120980,0.068022,0.366457,0.366457,0.162732,0.222969,0.589425,0.185837,0.185837,0.069931,0.597673,0.783509
harvest_total,harvest_2007_00357,2007,2025,18,2,-0.011467,-0.011467,0.001691,0.034086,0.022620,-0.001485,-0.001485,0.007254,0.049899,0.048414,-0.011749,-0.011749,0.001818,0.042873,0.031124,0.052656,0.052656,0.090859,0.203390,0.256047,-0.042274,-0.042274,0.010666,0.177011,0.134737,-0.044977,-0.044977,0.006086,0.104961,0.059985,0.276996,0.276996,0.142962,0.337264,0.614261,0.147586,0.147586,0.066296,0.644465,0.792051
harvest_total,harvest_2008_00324,2008,2005,-3,1,0.008731,0.008731,,0.028896,0.037627,-0.002764,-0.002764,,0.059930,0.057166,0.005981,0.005981,,0.043045,0.049026,-0.110976,-0.110976,,0.347979,0.237003,-0.040824,-0.040824,,0.169779,0.128955,-0.010505,-0.010505,,0.074546,0.064041,-0.073638,-0.073638,,0.636813,0.563175,-0.104313,-0.104313,,0.770922,0.666609
harvest_total,harvest_2008_00324,2008,2007,-1,1,-0.004483,-0.004483,,0.027618,0.023135,-0.012127,-0.012127,,0.060356,0.048229,-0.013447,-0.013447,,0.046262,0.032815,-0.131670,-0.131670,,0.331245,0.199575,-0.061242,-0.061242,,0.165406,0.104164,-0.020157,-0.020157,,0.074381,0.054224,-0.046626,-0.046626,,0.630886,0.584260,-0.027554,-0.027554,,0.752336,0.724782
harvest_total,harvest_2008_00324,2008,2010,2,1,-0.006009,-0.006009,,0.031234,0.025225,-0.015249,-0.015249,,0.062213,0.046964,-0.015208,-0.015208,,0.049398,0.034190,-0.096360,-0.096360,,0.309781,0.213421,-0.049060,-0.049060,,0.162051,0.112991,-0.020336,-0.020336,,0.069115,0.048779,-0.001727,-0.001727,,0.627843,0.626116,-0.005179,-0.005179,,0.717826,0.712647
harvest_total,harvest_2008_00324,2008,2012,4,1,-0.003739,-0.003739,,0.028002,0.024263,-0.011866,-0.011866,,0.051982,0.040116,-0.010216,-0.010216,,0.040130,0.029914,-0.081139,-0.081139,,0.296595,0.215456,-0.038184,-0.038184,,0.163963,0.125779,-0.011316,-0.011316,,0.072167,0.060851,-0.050475,-0.050475,,0.608596,0.558121,-0.007453,-0.007453,,0.761645,0.754192
harvest_total,harvest_2008_00324,2008,2013,5,1,-0.002517,-0.002517,,0.023383,0.020866,-0.012031,-0.012031,,0.054430,0.042399,-0.011825,-0.011825,,0.039387,0.027562,-0.090929,-0.090929,,0.317908,0.226979,-0.044646,-0.044646,,0.162519,0.117873,-0.012389,-0.012389,,0.068964,0.056575,-0.055214,-0.055214,,0.645232,0.590018,-0.022827,-0.022827,,0.787636,0.764809
harvest_total,harvest_2008_00324,2008,2014,6,1,-0.004606,-0.004606,,0.026655,0.022049,-0.004056,-0.004056,,0.049205,0.045149,-0.004290,-0.004290,,0.035730,0.031440,-0.075460,-0.075460,,0.302535,0.227075,-0.029384,-0.029384,,0.158160,0.128776,-0.008512,-0.008512,,0.070518,0.062006,-0.033342,-0.033342,,0.621943,0.588601,-0.031899,-0.031899,,0.787606,0.755707
harvest_total,harvest_2008_00324,2008,2015,7,1,0.001086,0.001086,,0.026600,0.027686,-0.012733,-0.012733,,0.054513,0.041780,-0.011674,-0.011674,,0.039250,0.027576,-0.124616,-0.124616,,0.318320,0.193704,-0.049761,-0.049761,,0.155272,0.105511,-0.018109,-0.018109,,0.068400,0.050291,-0.068778,-0.068778,,0.646256,0.577478,-0.028238,-0.028238,,0.778227,0.749989
harvest_total,harvest_2008_00324,2008,2016,8,1,-0.003299,-0.003299,,0.023602,0.020303,-0.014851,-0.014851,,0.054733,0.039882,-0.011660,-0.011660,,0.041065,0.029405,-0.100705,-0.100705,,0.326707,0.226002,-0.025932,-0.025932,,0.150680,0.124748,-0.005335,-0.005335,,0.068483,0.063148,-0.069526,-0.069526,,0.641418,0.571892,-0.006942,-0.006942,,0.776683,0.769741
harvest_total,harvest_2008_00324,2008,2017,9,1,-0.001210,-0.001210,,0.026352,0.025142,-0.011124,-0.011124,,0.061814,0.050690,-0.014286,-0.014286,,0.046111,0.031825,-0.102657,-0.102657,,0.342355,0.239698,-0.030744,-0.030744,,0.160662,0.129918,-0.006586,-0.006586,,0.072291,0.065705,-0.075703,-0.075703,,0.648419,0.572716,-0.008794,-0.008794,,0.761253,0.752459
harvest_total,harvest_2008_00324,2008,2018,10,1,-0.004427,-0.004427,,0.027012,0.022585,-0.006325,-0.006325,,0.053248,0.046923,-0.008978,-0.008978,,0.040446,0.031468,-0.093225,-0.093225,,0.310015,0.216790,-0.030072,-0.030072,,0.153554,0.123482,-0.006724,-0.006724,,0.067754,0.061030,-0.065016,-0.065016,,0.642274,0.577258,-0.021186,-0.021186,,0.774696,0.753510
harvest_total,harvest_2008_00324,2008,2019,11,1,-0.004414,-0.004414,,0.029268,0.024854,-0.006160,-0.006160,,0.053605,0.047445,-0.007287,-0.007287,,0.039470,0.032183,-0.079242,-0.079242,,0.309988,0.230746,-0.032863,-0.032863,,0.159398,0.126535,-0.011000,-0.011000,,0.071370,0.060370,-0.046483,-0.046483,,0.630607,0.584124,-0.020695,-0.020695,,0.777331,0.756636
harvest_total,harvest_2008_00324,2008,2020,12,1,-0.005005,-0.005005,,0.024372,0.019367,-0.012691,-0.012691,,0.051185,0.038494,-0.008868,-0.008868,,0.033612,0.024744,-0.113107,-0.113107,,0.317055,0.203948,-0.031061,-0.031061,,0.142760,0.111699,-0.007522,-0.007522,,0.061113,0.053591,-0.086557,-0.086557,,0.676838,0.590281,-0.021250,-0.021250,,0.809934,0.788684
harvest_total,harvest_2008_00324,2008,2021,13,1,-0.001759,-0.001759,,0.027067,0.025308,-0.006160,-0.006160,,0.058692,0.052532,-0.007095,-0.007095,,0.042660,0.035565,-0.076973,-0.076973,,0.318100,0.241127,-0.029452,-0.029452,,0.158325,0.128873,-0.007315,-0.007315,,0.069142,0.061827,-0.069470,-0.069470,,0.637537,0.568067,-0.015331,-0.015331,,0.769679,0.754348
harvest_total,harvest_2008_00324,2008,2022,14,1,0.000193,0.000193,,0.022915,0.023108,-0.001925,-0.001925,,0.055090,0.053165,-0.009006,-0.009006,,0.037696,0.028690,-0.061724,-0.061724,,0.298561,0.236837,-0.010711,-0.010711,,0.141179,0.130468,-0.001293,-0.001293,,0.062103,0.060810,-0.068914,-0.068914,,0.663404,0.594490,-0.015791,-0.015791,,0.793168,0.777377
harvest_total,harvest_2008_00324,2008,2024,16,1,-0.011220,-0.011220,,0.034245,0.023025,-0.013365,-0.013365,,0.058060,0.044695,-0.010532,-0.010532,,0.042165,0.031633,-0.074910,-0.074910,,0.280535,0.205625,-0.039875,-0.039875,,0.164017,0.124142,-0.017683,-0.017683,,0.077448,0.059765,-0.032505,-0.032505,,0.570791,0.538286,-0.026763,-0.026763,,0.745964,0.719201
harvest_total,harvest_2008_00324,2008,2025,17,1,-0.011550,-0.011550,,0.037985,0.026435,-0.013393,-0.013393,,0.069060,0.055667,-0.013668,-0.013668,,0.049975,0.036307,-0.074635,-0.074635,,0.297640,0.223005,-0.044577,-0.044577,,0.170315,0.125738,-0.018535,-0.018535,,0.081985,0.063450,-0.012887,-0.012887,,0.568074,0.555187,0.008010,0.008010,,0.726678,0.734688
harvest_total,harvest_2009_00256,2009,2007,-2,1,-0.009061,-0.009061,,0.028855,0.019794,-0.013008,-0.013008,,0.050360,0.037352,-0.006655,-0.006655,,0.033186,0.026531,-0.057874,-0.057874,,0.217024,0.159150,-0.041346,-0.041346,,0.117886,0.076540,-0.021684,-0.021684,,0.053990,0.032306,0.064465,0.064465,,0.599443,0.663908,0.010366,0.010366,,0.702810,0.713176
harvest_total,harvest_2009_00256,2009,2008,-1,1,-0.003548,-0.003548,,0.022530,0.018982,-0.009708,-0.009708,,0.040543,0.030835,-0.006600,-0.006600,,0.028030,0.021430,-0.032973,-0.032973,,0.187475,0.154502,-0.024723,-0.024723,,0.095598,0.070875,-0.013476,-0.013476,,0.044228,0.030752,0.044570,0.044570,,0.618239,0.662809,0.016517,0.016517,,0.739867,0.756384
harvest_total,harvest_2009_00256,2009,2010,1,1,-0.021051,-0.021051,,0.044049,0.022998,-0.028504,-0.028504,,0.065664,0.037160,-0.063402,-0.063402,,0.090414,0.027012,-0.048469,-0.048469,,0.213999,0.165530,-0.170404,-0.170404,,0.249364,0.078960,-0.111898,-0.111898,,0.148315,0.036417,0.447803,0.447803,,0.193585,0.641388,0.316515,0.316515,,0.402898,0.719413
harvest_total,harvest_2009_00256,2009,2011,2,1,-0.019842,-0.019842,,0.042523,0.022681,-0.012087,-0.012087,,0.058074,0.045987,-0.028573,-0.028573,,0.058569,0.029996,-0.037744,-0.037744,,0.224421,0.186677,-0.139700,-0.139700,,0.225838,0.086138,-0.094050,-0.094050,,0.133795,0.039745,0.372090,0.372090,,0.284333,0.656423,0.140539,0.140539,,0.588351,0.728890
harvest_total,harvest_2009_00256,2009,2012,3,1,-0.021147,-0.021147,,0.041752,0.020605,-0.027116,-0.027116,,0.060013,0.032897,-0.034265,-0.034265,,0.056080,0.021815,-0.095672,-0.095672,,0.297200,0.201528,-0.155815,-0.155815,,0.260625,0.104810,-0.079393,-0.079393,,0.131155,0.051762,0.203645,0.203645,,0.387634,0.591279,0.122132,0.122132,,0.682518,0.804650
harvest_total,harvest_2009_00256,2009,2013,4,1,-0.027720,-0.027720,,0.042110,0.014390,-0.027404,-0.027404,,0.061333,0.033929,-0.039531,-0.039531,,0.060975,0.021444,-0.064708,-0.064708,,0.252733,0.188025,-0.143137,-0.143137,,0.233372,0.090235,-0.097597,-0.097597,,0.135802,0.038205,0.296357,0.296357,,0.338949,0.635306,0.150547,0.150547,,0.640614,0.791161
harvest_total,harvest_2009_00256,2009,2014,5,1,-0.013035,-0.013035,,0.029680,0.016645,-0.023389,-0.023389,,0.055530,0.032141,-0.025245,-0.025245,,0.045850,0.020605,-0.132193,-0.132193,,0.306825,0.174632,-0.122595,-0.122595,,0.207825,0.085230,-0.062123,-0.062123,,0.100850,0.038727,0.125540,0.125540,,0.505243,0.630783,0.052180,0.052180,,0.727004,0.779184
harvest_total,harvest_2009_00256,2009,2015,6,1,-0.008402,-0.008402,,0.032719,0.024317,-0.015442,-0.015442,,0.054719,0.039277,-0.018961,-0.018961,,0.048586,0.029625,-0.091850,-0.091850,,0.278088,0.186238,-0.111128,-0.111128,,0.191875,0.080747,-0.066427,-0.066427,,0.097234,0.030807,0.204553,0.204553,,0.482281,0.686834,0.022622,0.022622,,0.702898,0.725520
harvest_total,harvest_2009_00256,2009,2016,7,1,-0.020350,-0.020350,,0.034328,0.013978,-0.027266,-0.027266,,0.059476,0.032210,-0.031309,-0.031309,,0.050126,0.018817,-0.105944,-0.105944,,0.282639,0.176695,-0.102479,-0.102479,,0.183969,0.081490,-0.057434,-0.057434,,0.094429,0.036995,0.150860,0.150860,,0.502891,0.653751,0.093109,0.093109,,0.711667,0.804776
harvest_total,harvest_2009_00256,2009,2017,8,1,-0.012691,-0.012691,,0.032471,0.019780,-0.019676,-0.019676,,0.057249,0.037573,-0.026909,-0.026909,,0.051584,0.024675,-0.097240,-0.097240,,0.282488,0.185248,-0.097996,-0.097996,,0.196289,0.098293,-0.049363,-0.049363,,0.097248,0.047885,0.082566,0.082566,,0.513640,0.596206,0.038422,0.038422,,0.720814,0.759236
harvest_total,harvest_2009_00256,2009,2019,10,1,-0.012898,-0.012898,,0.036610,0.023712,-0.026716,-0.026716,,0.065265,0.038549,-0.024282,-0.024282,,0.048957,0.024675,-0.124961,-0.124961,,0.321813,0.196852,-0.107140,-0.107140,,0.208898,0.101758,-0.052113,-0.052113,,0.101538,0.049425,0.062922,0.062922,,0.535736,0.598658,0.036280,0.036280,,0.741080,0.777360
harvest_total,harvest_2009_00256,2009,2020,11,1,-0.013612,-0.013612,,0.026847,0.013235,-0.020021,-0.020021,,0.053578,0.033557,-0.016638,-0.016638,,0.038508,0.021870,-0.121577,-0.121577,,0.289115,0.167538,-0.084645,-0.084645,,0.163825,0.079180,-0.040508,-0.040508,,0.076650,0.036142,0.046800,0.046800,,0.598305,0.645105,-0.005691,-0.005691,,0.774760,0.769069
harvest_total,harvest_2009_00256,2009,2021,12,1,-0.009143,-0.009143,,0.025706,0.016563,-0.023388,-0.023388,,0.055351,0.031963,-0.021725,-0.021725,,0.042247,0.020522,-0.126115,-0.126115,,0.291590,0.165475,-0.086515,-0.086515,,0.174605,0.088090,-0.040040,-0.040040,,0.076320,0.036280,0.068665,0.068665,,0.571691,0.640356,0.027509,0.027509,,0.751816,0.779325
harvest_total,harvest_2009_00256,2009,2022,13,1,-0.011963,-0.011963,,0.027920,0.015957,-0.023582,-0.023582,,0.058308,0.034726,-0.018768,-0.018768,,0.039332,0.020564,-0.142917,-0.142917,,0.327271,0.184354,-0.088110,-0.088110,,0.169009,0.080899,-0.039916,-0.039916,,0.079056,0.039140,0.020807,0.020807,,0.619307,0.640114,0.016459,0.016459,,0.782898,0.799357
harvest_total,harvest_2009_00256,2009,2023,14,1,-0.008854,-0.008854,,0.028167,0.019313,-0.026304,-0.026304,,0.059559,0.033255,-0.019649,-0.019649,,0.041739,0.022090,-0.133911,-0.133911,,0.292594,0.158683,-0.059291,-0.059291,,0.147353,0.088062,-0.024283,-0.024283,,0.064440,0.040157,-0.031145,-0.031145,,0.639036,0.607891,0.022207,0.022207,,0.752793,0.775000
harvest_total,harvest_2009_00256,2009,2024,15,1,-0.009556,-0.009556,,0.027067,0.017511,-0.017875,-0.017875,,0.058101,0.040226,-0.015565,-0.015565,,0.040281,0.024716,-0.112269,-0.112269,,0.281910,0.169641,-0.070015,-0.070015,,0.164898,0.094883,-0.028586,-0.028586,,0.072621,0.044035,-0.026948,-0.026948,,0.609019,0.582071,-0.009674,-0.009674,,0.766749,0.757075
harvest_total,harvest_2009_00256,2009,2025,16,1,-0.012156,-0.012156,,0.025638,0.013482,-0.022000,-0.022000,,0.063230,0.041230,-0.018343,-0.018343,,0.040405,0.022062,-0.121138,-0.121138,,0.290325,0.169187,-0.067458,-0.067458,,0.153458,0.086000,-0.030539,-0.030539,,0.069858,0.039319,0.010861,0.010861,,0.612099,0.622960,0.013726,0.013726,,0.755662,0.769388
harvest_total,harvest_2009_00418,2009,2008,-1,1,-0.003300,-0.003300,,0.018102,0.014802,-0.011330,-0.011330,,0.045245,0.033915,-0.003493,-0.003493,,0.024070,0.020577,-0.077742,-0.077742,,0.251660,0.173918,-0.028188,-0.028188,,0.133273,0.105085,-0.014519,-0.014519,,0.062047,0.047528,0.002745,0.002745,,0.604424,0.607169,0.002272,0.002272,,0.766299,0.768571
harvest_total,harvest_2009_00418,2009,2009,0,1,-0.002282,-0.002282,,0.040570,0.038288,0.007260,0.007260,,0.054430,0.061690,0.005363,0.005363,,0.039607,0.044970,-0.008168,-0.008168,,0.252238,0.244070,-0.004042,-0.004042,,0.132035,0.127993,0.003684,0.003684,,0.053358,0.057042,-0.020879,-0.020879,,0.640506,0.619627,0.002764,0.002764,,0.686068,0.688832
harvest_total,harvest_2009_00418,2009,2010,1,1,-0.001059,-0.001059,,0.020289,0.019230,-0.002228,-0.002228,,0.044200,0.041972,0.003135,0.003135,,0.027054,0.030189,-0.068214,-0.068214,,0.264640,0.196426,-0.025946,-0.025946,,0.124995,0.099049,-0.007219,-0.007219,,0.050704,0.043485,-0.050651,-0.050651,,0.683941,0.633290,-0.080878,-0.080878,,0.814714,0.733836
harvest_total,harvest_2009_00418,2009,2011,2,1,-0.005651,-0.005651,,0.022021,0.016370,-0.008992,-0.008992,,0.038452,0.029460,-0.006518,-0.006518,,0.026078,0.019560,-0.141818,-0.141818,,0.280095,0.138277,-0.064694,-0.064694,,0.136119,0.071425,-0.023953,-0.023953,,0.054430,0.030477,-0.030763,-0.030763,,0.668851,0.638088,-0.017064,-0.017064,,0.829999,0.812935
harvest_total,harvest_2009_00418,2009,2012,3,1,0.000977,0.000977,,0.020467,0.021444,-0.001237,-0.001237,,0.038961,0.037724,-0.000976,-0.000976,,0.025115,0.024139,-0.069465,-0.069465,,0.276218,0.206753,-0.007728,-0.007728,,0.131774,0.124046,0.003053,0.003053,,0.056107,0.059160,-0.108902,-0.108902,,0.663934,0.555032,-0.040994,-0.040994,,0.831760,0.790766
harvest_total,harvest_2009_00418,2009,2013,4,1,-0.002557,-0.002557,,0.022255,0.019698,-0.000852,-0.000852,,0.048462,0.047610,0.003520,0.003520,,0.027095,0.030615,-0.056375,-0.056375,,0.264503,0.208128,-0.021725,-0.021725,,0.138800,0.117075,0.004125,0.004125,,0.054595,0.058720,-0.098352,-0.098352,,0.644775,0.546423,-0.092415,-0.092415,,0.835946,0.743531
harvest_total,harvest_2009_00418,2009,2014,5,1,0.002419,0.002419,,0.018433,0.020852,0.006930,0.006930,,0.039910,0.046840,0.006518,0.006518,,0.022915,0.029433,-0.067471,-0.067471,,0.290861,0.223390,-0.013338,-0.013338,,0.143970,0.130632,0.002970,0.002970,,0.064660,0.067630,-0.090379,-0.090379,,0.639888,0.549509,-0.089167,-0.089167,,0.855904,0.766737
harvest_total,harvest_2009_00418,2009,2015,6,1,0.002117,0.002117,,0.028470,0.030587,0.001059,0.001059,,0.045974,0.047033,0.002296,0.002296,,0.027851,0.030147,-0.046956,-0.046956,,0.256610,0.209654,-0.016060,-0.016060,,0.132324,0.116264,-0.000316,-0.000316,,0.061126,0.060810,-0.053949,-0.053949,,0.631742,0.577793,-0.042362,-0.042362,,0.798306,0.755944
harvest_total,harvest_2009_00418,2009,2017,8,1,0.004757,0.004757,,0.018955,0.023712,0.003644,0.003644,,0.042990,0.046634,0.007988,0.007988,,0.024854,0.032842,-0.002489,-0.002489,,0.240083,0.237594,0.031089,0.031089,,0.119770,0.150859,0.022303,0.022303,,0.057015,0.079318,-0.092649,-0.092649,,0.610450,0.517801,-0.062897,-0.062897,,0.819037,0.756140
harvest_total,harvest_2009_00418,2009,2018,9,1,0.001843,0.001843,,0.021512,0.023355,0.001114,0.001114,,0.044530,0.045644,0.003149,0.003149,,0.026627,0.029776,-0.003011,-0.003011,,0.235297,0.232286,0.029397,0.029397,,0.118505,0.147902,0.021546,0.021546,,0.052148,0.073694,-0.111636,-0.111636,,0.647322,0.535686,-0.041705,-0.041705,,0.806264,0.764559
harvest_total,harvest_2009_00418,2009,2019,10,1,0.003960,0.003960,,0.021705,0.025665,0.007989,0.007989,,0.042137,0.050126,0.006242,0.006242,,0.026655,0.032897,0.018521,0.018521,,0.234088,0.252609,0.023279,0.023279,,0.131375,0.154654,0.016871,0.016871,,0.058940,0.075811,-0.041465,-0.041465,,0.591801,0.550336,-0.027365,-0.027365,,0.794374,0.767009
harvest_total,harvest_2009_00418,2009,2021,12,1,0.000577,0.000577,,0.021155,0.021732,0.006490,0.006490,,0.037875,0.044365,0.007576,0.007576,,0.023754,0.031330,0.001113,0.001113,,0.231049,0.232162,0.018191,0.018191,,0.128364,0.146555,0.008924,0.008924,,0.059944,0.068868,-0.036645,-0.036645,,0.601752,0.565107,-0.036935,-0.036935,,0.816162,0.779227
harvest_total,harvest_2009_00418,2009,2022,13,1,0.007205,0.007205,,0.019312,0.026517,0.012733,0.012733,,0.038535,0.051268,0.007164,0.007164,,0.024414,0.031578,0.055852,0.055852,,0.221685,0.277537,0.034897,0.034897,,0.123730,0.158627,0.011441,0.011441,,0.060177,0.071618,-0.001211,-0.001211,,0.590978,0.589767,-0.017530,-0.017530,,0.808037,0.790507
harvest_total,harvest_2009_00418,2009,2023,14,1,0.004289,0.004289,,0.020413,0.024702,0.009529,0.009529,,0.036844,0.046373,0.009804,0.009804,,0.024854,0.034658,0.040178,0.040178,,0.216927,0.257105,0.035640,0.035640,,0.116195,0.151835,0.013420,0.013420,,0.055502,0.068922,-0.025315,-0.025315,,0.590528,0.565213,-0.014110,-0.014110,,0.791867,0.777757
harvest_total,harvest_2009_00418,2009,2024,15,1,0.004028,0.004028,,0.022998,0.027026,0.012938,0.012938,,0.039484,0.052422,0.010175,0.010175,,0.025115,0.035290,0.070400,0.070400,,0.193470,0.263870,0.045925,0.045925,,0.113624,0.159549,0.019608,0.019608,,0.054430,0.074038,0.015908,0.015908,,0.544599,0.560507,0.003994,0.003994,,0.766170,0.770164
harvest_total,harvest_2009_00418,2009,2025,16,1,-0.001333,-0.001333,,0.024592,0.023259,0.007012,0.007012,,0.054004,0.061016,0.004881,0.004881,,0.030656,0.035537,0.002144,0.002144,,0.247783,0.249927,0.008759,0.008759,,0.132255,0.141014,0.003259,0.003259,,0.063491,0.066750,0.005771,0.005771,,0.581773,0.587544,0.004724,0.004724,,0.752565,0.757289
harvest_total,harvest_2009_00760,2009,2007,-2,1,-0.003891,-0.003891,,0.022296,0.018405,-0.006092,-0.006092,,0.043334,0.037242,-0.005720,-0.005720,,0.030257,0.024537,-0.075748,-0.075748,,0.258741,0.182993,-0.049032,-0.049032,,0.134785,0.085753,-0.022715,-0.022715,,0.058500,0.035785,0.047519,0.047519,,0.621340,0.668859,-0.032027,-0.032027,,0.784981,0.752954
harvest_total,harvest_2009_00760,2009,2008,-1,3,-0.000784,0.000050,0.002644,0.015297,0.013276,-0.003163,0.001214,0.011007,0.029130,0.025967,-0.001471,-0.001118,0.003445,0.018185,0.016714,-0.052621,-0.014786,0.070873,0.206697,0.160607,-0.039971,-0.022687,0.046054,0.108165,0.068194,-0.016143,-0.007842,0.020323,0.039085,0.027824,0.069893,0.041846,0.050159,0.677834,0.677268,-0.000002,0.011158,0.037800,0.824980,0.840047
harvest_total,harvest_2009_00760,2009,2010,1,3,-0.022618,-0.019263,0.005847,0.038095,0.017154,-0.028903,-0.028169,0.008343,0.055764,0.030079,-0.040053,-0.044715,0.008627,0.061951,0.022062,-0.044329,-0.038046,0.021550,0.226470,0.179294,-0.145627,-0.158400,0.024815,0.248277,0.086852,-0.099399,-0.101681,0.011392,0.140546,0.039085,0.391144,0.422357,0.059426,0.251582,0.663730,0.229911,0.251185,0.058167,0.553308,0.799881
harvest_total,harvest_2009_00760,2009,2011,2,3,-0.010573,-0.011041,0.001250,0.032073,0.020852,-0.017408,-0.017164,0.000992,0.050621,0.034548,-0.024901,-0.024379,0.005382,0.046881,0.021375,-0.083187,-0.094861,0.050314,0.272326,0.199217,-0.132412,-0.144393,0.032618,0.229605,0.085533,-0.086433,-0.087084,0.008860,0.122850,0.033942,0.314160,0.298715,0.033742,0.371603,0.693573,0.107417,0.077233,0.065196,0.714879,0.810431
harvest_total,harvest_2009_00760,2009,2013,4,3,-0.017490,-0.016243,0.005524,0.033722,0.016232,-0.024503,-0.026914,0.004858,0.059325,0.032567,-0.017903,-0.018480,0.003079,0.036857,0.017195,-0.152542,-0.178475,0.054043,0.370735,0.199713,-0.116930,-0.133852,0.032504,0.216955,0.082865,-0.056925,-0.064258,0.015071,0.099860,0.037325,0.096847,0.108968,0.038054,0.582261,0.668051,-0.004271,0.001591,0.020503,0.832323,0.825283
harvest_total,harvest_2009_00760,2009,2014,5,3,-0.018865,-0.019076,0.001892,0.035441,0.016576,-0.028655,-0.028802,0.004979,0.064715,0.036060,-0.018205,-0.018301,0.000191,0.039855,0.021650,-0.215848,-0.227750,0.060783,0.438660,0.212555,-0.117742,-0.128851,0.033227,0.224463,0.093865,-0.053776,-0.058222,0.015900,0.102005,0.043636,0.029206,0.038541,0.023002,0.621019,0.650225,-0.018674,-0.016040,0.005354,0.837142,0.817576
harvest_total,harvest_2009_00760,2009,2015,6,3,-0.013969,-0.013786,0.003304,0.030532,0.016563,-0.018287,-0.018562,0.002664,0.050621,0.033200,-0.014121,-0.013796,0.002443,0.034259,0.018377,-0.146575,-0.167218,0.047188,0.349147,0.186760,-0.096567,-0.111875,0.028332,0.194487,0.082232,-0.042322,-0.048693,0.011166,0.085326,0.036115,0.059291,0.067753,0.016459,0.620193,0.679484,-0.011054,-0.007794,0.016464,0.808864,0.813072
harvest_total,harvest_2009_00760,2009,2016,7,3,-0.007686,-0.006994,0.003550,0.024730,0.017044,-0.016514,-0.017710,0.005522,0.051460,0.034946,-0.008896,-0.007833,0.002474,0.028882,0.022007,-0.156749,-0.196093,0.074386,0.379672,0.193786,-0.073535,-0.092395,0.033756,0.187654,0.092655,-0.033715,-0.038143,0.012746,0.083374,0.042027,-0.020074,-0.005788,0.028124,0.657616,0.637542,-0.052299,-0.054115,0.006352,0.859362,0.798185
harvest_total,harvest_2009_00760,2009,2017,8,3,-0.009391,-0.010771,0.008180,0.023685,0.014294,-0.021175,-0.021963,0.013136,0.059435,0.036913,-0.013076,-0.011843,0.003909,0.031770,0.021141,-0.177801,-0.188347,0.065546,0.359295,0.181494,-0.088729,-0.101865,0.030958,0.178428,0.089699,-0.031501,-0.039270,0.015673,0.073735,0.041189,-0.007906,-0.000649,0.043186,0.659331,0.639931,-0.079356,-0.064060,0.026872,0.865380,0.791337
harvest_total,harvest_2009_00760,2009,2018,9,3,-0.007315,-0.007636,0.002068,0.024812,0.019065,-0.012292,-0.013672,0.002644,0.042357,0.030065,-0.007893,-0.004859,0.006207,0.023520,0.019780,-0.164808,-0.191560,0.055858,0.377858,0.208870,-0.067651,-0.090796,0.041647,0.166218,0.095955,-0.026813,-0.034962,0.018339,0.069115,0.041120,-0.023721,-0.004707,0.048515,0.676647,0.681722,-0.047493,-0.056802,0.032929,0.892659,0.826984
harvest_total,harvest_2009_00760,2009,2019,10,3,-0.004248,-0.005940,0.004487,0.022942,0.018694,-0.016266,-0.015056,0.004043,0.042935,0.032128,-0.009020,-0.008594,0.004217,0.023905,0.019684,-0.161273,-0.171504,0.060138,0.342286,0.181013,-0.072421,-0.087684,0.038038,0.166616,0.094195,-0.026772,-0.033014,0.013857,0.069679,0.042907,-0.026310,-0.011844,0.028045,0.662699,0.636389,-0.054360,-0.042930,0.035480,0.869440,0.810303
harvest_total,harvest_2009_00760,2009,2020,11,3,-0.005665,-0.007260,0.006608,0.026462,0.021540,-0.014850,-0.015446,0.005456,0.047857,0.034768,-0.007810,-0.006407,0.003555,0.024565,0.020275,-0.190079,-0.193618,0.070027,0.389682,0.199603,-0.062672,-0.078219,0.045988,0.165585,0.102913,-0.016857,-0.026858,0.020621,0.063285,0.046428,-0.080264,-0.055243,0.051215,0.714682,0.646372,-0.065201,-0.056249,0.025237,0.888296,0.823102
harvest_total,harvest_2009_00760,2009,2021,12,2,-0.007672,-0.007672,0.005969,0.028016,0.020344,-0.012698,-0.012698,0.007904,0.045884,0.033187,-0.009013,-0.009013,0.007652,0.029577,0.020563,-0.136455,-0.136455,0.015596,0.320342,0.183887,-0.056637,-0.056637,0.001050,0.147614,0.090977,-0.027513,-0.027513,0.014740,0.062872,0.035359,-0.027918,-0.027918,0.071368,0.668795,0.640877,-0.048831,-0.048831,0.034894,0.828236,0.779405
harvest_total,harvest_2009_00760,2009,2022,13,3,-0.006078,-0.007343,0.004308,0.023795,0.017717,-0.021339,-0.017788,0.007300,0.047747,0.031619,-0.007563,-0.009520,0.005669,0.024043,0.017401,-0.171435,-0.191725,0.066115,0.367036,0.193167,-0.051067,-0.068374,0.030441,0.143874,0.090510,-0.022234,-0.025726,0.010998,0.064110,0.038411,-0.054412,-0.054214,0.027638,0.701308,0.646896,-0.062746,-0.047694,0.051210,0.884463,0.821717
harvest_total,harvest_2009_00760,2009,2024,15,3,-0.004592,-0.005912,0.003937,0.025417,0.020825,-0.016225,-0.013127,0.006318,0.052725,0.039552,-0.005596,-0.006334,0.005680,0.031990,0.025885,-0.128109,-0.154417,0.070512,0.305739,0.177630,-0.042528,-0.056224,0.029319,0.144534,0.097743,-0.013846,-0.015432,0.007876,0.064426,0.050580,-0.116857,-0.141374,0.099152,0.650101,0.568005,-0.095144,-0.093038,0.101130,0.849498,0.760559
harvest_total,harvest_2009_00760,2009,2025,16,3,-0.000922,0.000752,0.003460,0.020083,0.019354,-0.007068,0.000183,0.018596,0.044228,0.042660,0.002146,0.002187,0.012616,0.021732,0.023878,-0.110357,-0.137399,0.072499,0.314112,0.203755,-0.033660,-0.049945,0.033482,0.134015,0.100355,-0.013488,-0.014859,0.009814,0.060837,0.049728,-0.118723,-0.121992,0.082943,0.650313,0.585256,-0.170388,-0.123409,0.108791,0.881763,0.720005
harvest_total,harvest_2009_00805,2009,2006,-3,2,-0.011578,-0.011578,0.000428,0.032348,0.020770,-0.008154,-0.008154,0.000525,0.047500,0.039346,-0.004345,-0.004345,0.003734,0.033929,0.029583,-0.004840,-0.004840,0.006729,0.202504,0.197664,-0.015730,-0.015730,0.007000,0.107038,0.091308,-0.015428,-0.015428,0.005600,0.055131,0.039704,0.097186,0.097186,0.041087,0.573333,0.670519,0.034132,0.034132,0.041109,0.713958,0.748090
harvest_total,harvest_2009_00805,2009,2010,1,2,-0.025603,-0.025603,0.007040,0.049466,0.023864,-0.030869,-0.030869,0.016081,0.075467,0.044598,-0.063593,-0.063593,0.013981,0.098499,0.034905,0.010038,0.010038,0.001439,0.214838,0.224875,-0.145118,-0.145118,0.017929,0.264324,0.119206,-0.109836,-0.109836,0.007389,0.161186,0.051350,0.509670,0.509670,0.027277,0.118699,0.628368,0.357796,0.357796,0.020443,0.372213,0.730009
harvest_total,harvest_2009_00805,2009,2012,3,1,-0.015785,-0.015785,,0.044530,0.028745,-0.022001,-0.022001,,0.067383,0.045382,-0.024282,-0.024282,,0.065732,0.041450,-0.010092,-0.010092,,0.262165,0.252073,-0.102024,-0.102024,,0.230457,0.128433,-0.082472,-0.082472,,0.140367,0.057895,0.323867,0.323867,,0.302578,0.626445,0.118502,0.118502,,0.599067,0.717569
harvest_total,harvest_2009_00805,2009,2014,5,2,-0.012368,-0.012368,0.001896,0.039649,0.027280,-0.015784,-0.015784,0.001439,0.067506,0.051722,-0.019696,-0.019696,0.003490,0.054911,0.035214,-0.066681,-0.066681,0.006680,0.320445,0.253764,-0.069713,-0.069713,0.008672,0.200441,0.130729,-0.041229,-0.041229,0.003277,0.103291,0.062061,0.099029,0.099029,0.034054,0.511461,0.610490,0.034865,0.034865,0.001240,0.726508,0.761373
harvest_total,harvest_2009_00805,2009,2015,6,2,-0.015111,-0.015111,0.003364,0.039263,0.024153,-0.016590,-0.016590,0.007340,0.063615,0.047025,-0.016527,-0.016527,0.006669,0.049906,0.033379,-0.083298,-0.083298,0.039143,0.307025,0.223727,-0.089877,-0.089877,0.006718,0.202380,0.112503,-0.047142,-0.047142,0.002382,0.100211,0.053069,0.092668,0.092668,0.001032,0.518857,0.611524,-0.005699,-0.005699,0.005076,0.738097,0.732398
harvest_total,harvest_2009_00805,2009,2016,7,2,0.001917,0.001917,0.002187,0.023094,0.025011,-0.001011,-0.001011,0.002791,0.055372,0.054361,-0.000131,-0.000131,0.000612,0.038143,0.038012,-0.074718,-0.074718,0.025901,0.342548,0.267830,-0.053075,-0.053075,0.000117,0.187928,0.134854,-0.024799,-0.024799,0.000612,0.090854,0.066056,0.006242,0.006242,0.004943,0.600905,0.607147,-0.026613,-0.026613,0.002876,0.794933,0.768321
harvest_total,harvest_2009_00805,2009,2018,9,2,0.003740,0.003740,0.004627,0.035345,0.039085,-0.002991,-0.002991,0.008487,0.060288,0.057297,0.000440,0.000440,0.008322,0.042880,0.043320,-0.112049,-0.112049,0.077490,0.351444,0.239395,-0.074855,-0.074855,0.037569,0.204113,0.129257,-0.026970,-0.026970,0.015761,0.088928,0.061958,-0.010008,-0.010008,0.018520,0.601065,0.591057,-0.088215,-0.088215,0.026253,0.764570,0.676355
harvest_total,harvest_2009_00805,2009,2021,12,2,-0.010471,-0.010471,0.002032,0.038611,0.028140,-0.009591,-0.009591,0.005571,0.061697,0.052107,-0.007762,-0.007762,0.003510,0.044173,0.036410,-0.064398,-0.064398,0.031123,0.316622,0.252224,-0.022853,-0.022853,0.016742,0.158346,0.135493,-0.014314,-0.014314,0.008089,0.076286,0.061971,0.005746,0.005746,0.006504,0.602445,0.608191,-0.021085,-0.021085,0.001599,0.760348,0.739264
harvest_total,harvest_2009_00805,2009,2022,13,2,-0.001802,-0.001802,0.000758,0.023452,0.021650,-0.011316,-0.011316,0.002509,0.050579,0.039263,-0.002640,-0.002640,0.000117,0.031399,0.028758,-0.106089,-0.106089,0.038473,0.334071,0.227983,-0.031996,-0.031996,0.011162,0.146927,0.114930,-0.013200,-0.013200,0.007954,0.062515,0.049315,-0.045086,-0.045086,0.004699,0.688843,0.643757,-0.044531,-0.044531,0.025630,0.829398,0.784867
harvest_total,harvest_2009_00805,2009,2024,15,2,-0.004868,-0.004868,0.002568,0.034713,0.029845,-0.002874,-0.002874,0.004492,0.056891,0.054017,-0.001966,-0.001966,0.001303,0.040996,0.039030,-0.035839,-0.035839,0.037383,0.272319,0.236480,-0.031955,-0.031955,0.005211,0.165805,0.133850,-0.024572,-0.024572,0.008497,0.090510,0.065938,0.087578,0.087578,0.118599,0.498036,0.585614,0.003070,0.003070,0.051260,0.744409,0.747479
harvest_total,harvest_2009_00805,2009,2025,16,2,-0.001994,-0.001994,0.003753,0.027012,0.025018,-0.003327,-0.003327,0.000738,0.053742,0.050416,-0.000440,-0.000440,0.000467,0.034561,0.034121,-0.043381,-0.043381,0.013709,0.286035,0.242654,-0.023183,-0.023183,0.006573,0.152976,0.129794,-0.016431,-0.016431,0.007487,0.077516,0.061085,0.017495,0.017495,0.072491,0.583722,0.601217,-0.029043,-0.029043,0.029513,0.788699,0.759656
harvest_total,harvest_2010_00072,2010,2007,-3,1,-0.005885,-0.005885,,0.026270,0.020385,-0.022220,-0.022220,,0.061277,0.039057,-0.009075,-0.009075,,0.034878,0.025803,-0.215435,-0.215435,,0.457992,0.242557,-0.089017,-0.089017,,0.213462,0.124445,-0.034156,-0.034156,,0.084213,0.050057,-0.045176,-0.045176,,0.703037,0.657861,-0.060337,-0.060337,,0.858472,0.798135
harvest_total,harvest_2010_00072,2010,2011,1,1,-0.001622,-0.001622,,0.023602,0.021980,-0.008511,-0.008511,,0.048517,0.040006,-0.003781,-0.003781,,0.029762,0.025981,-0.214032,-0.214032,,0.459615,0.245583,-0.074498,-0.074498,,0.193085,0.118587,-0.016803,-0.016803,,0.066200,0.049397,-0.080934,-0.080934,,0.748200,0.667266,-0.001902,-0.001902,,0.816292,0.814390
harvest_total,harvest_2010_00072,2010,2012,2,1,-0.006352,-0.006352,,0.021017,0.014665,-0.015070,-0.015070,,0.047335,0.032265,-0.007837,-0.007837,,0.025197,0.017360,-0.270407,-0.270407,,0.568377,0.297970,-0.085553,-0.085553,,0.224243,0.138690,-0.030360,-0.030360,,0.084460,0.054100,-0.048578,-0.048578,,0.741253,0.692675,-0.025206,-0.025206,,0.915099,0.889893
harvest_total,harvest_2010_00072,2010,2013,3,1,-0.004097,-0.004097,,0.021952,0.017855,-0.021946,-0.021946,,0.061333,0.039387,-0.005005,-0.005005,,0.028470,0.023465,-0.258830,-0.258830,,0.516320,0.257490,-0.093307,-0.093307,,0.208622,0.115315,-0.038335,-0.038335,,0.083937,0.045602,-0.026937,-0.026937,,0.720904,0.693967,-0.054659,-0.054659,,0.896996,0.842337
harvest_total,harvest_2010_00072,2010,2015,5,1,-0.017078,-0.017078,,0.036459,0.019381,-0.018067,-0.018067,,0.054622,0.036555,-0.017710,-0.017710,,0.040185,0.022475,-0.213112,-0.213112,,0.432748,0.219636,-0.093321,-0.093321,,0.193979,0.100658,-0.032065,-0.032065,,0.075619,0.043554,-0.031322,-0.031322,,0.702050,0.670728,-0.013357,-0.013357,,0.829622,0.816265
harvest_total,harvest_2010_00072,2010,2016,6,1,-0.008855,-0.008855,,0.026655,0.017800,-0.020295,-0.020295,,0.055035,0.034740,-0.013641,-0.013641,,0.032458,0.018817,-0.199842,-0.199842,,0.464977,0.265135,-0.081043,-0.081043,,0.196798,0.115755,-0.024172,-0.024172,,0.076512,0.052340,-0.038928,-0.038928,,0.717400,0.678472,0.000914,0.000914,,0.869501,0.870415
harvest_total,harvest_2010_00072,2010,2017,7,1,-0.003960,-0.003960,,0.020495,0.016535,-0.016611,-0.016611,,0.051653,0.035042,-0.007687,-0.007687,,0.027329,0.019642,-0.212960,-0.212960,,0.468346,0.255386,-0.091973,-0.091973,,0.199877,0.107904,-0.033261,-0.033261,,0.082122,0.048861,-0.025168,-0.025168,,0.704064,0.678896,-0.039129,-0.039129,,0.889038,0.849909
harvest_total,harvest_2010_00072,2010,2018,8,1,-0.008277,-0.008277,,0.026847,0.018570,-0.011275,-0.011275,,0.049205,0.037930,-0.007123,-0.007123,,0.028250,0.021127,-0.217580,-0.217580,,0.477930,0.260350,-0.087299,-0.087299,,0.200441,0.113142,-0.030428,-0.030428,,0.076856,0.046428,-0.022843,-0.022843,,0.723520,0.700677,-0.036421,-0.036421,,0.886302,0.849881
harvest_total,harvest_2010_00072,2010,2019,9,1,-0.001788,-0.001788,,0.024208,0.022420,-0.013585,-0.013585,,0.056987,0.043402,-0.003685,-0.003685,,0.027260,0.023575,-0.230945,-0.230945,,0.512250,0.281305,-0.089719,-0.089719,,0.206533,0.116814,-0.035241,-0.035241,,0.084900,0.049659,-0.022339,-0.022339,,0.723494,0.701155,-0.056466,-0.056466,,0.901528,0.845062
harvest_total,harvest_2010_00072,2010,2020,10,1,-0.003355,-0.003355,,0.020096,0.016741,-0.014176,-0.014176,,0.044901,0.030725,-0.005376,-0.005376,,0.024125,0.018749,-0.219698,-0.219698,,0.463960,0.244262,-0.077949,-0.077949,,0.180793,0.102844,-0.027115,-0.027115,,0.068771,0.041656,-0.032015,-0.032015,,0.737931,0.705916,-0.052884,-0.052884,,0.907771,0.854887
harvest_total,harvest_2010_00072,2010,2021,11,1,-0.011921,-0.011921,,0.027796,0.015875,-0.017009,-0.017009,,0.050181,0.033172,-0.006339,-0.006339,,0.027370,0.021031,-0.196955,-0.196955,,0.423824,0.226869,-0.092950,-0.092950,,0.193401,0.100451,-0.029412,-0.029412,,0.074354,0.044942,-0.006087,-0.006087,,0.694087,0.688000,-0.045272,-0.045272,,0.880127,0.834855
harvest_total,harvest_2010_00072,2010,2022,12,1,-0.007617,-0.007617,,0.024427,0.016810,-0.018713,-0.018713,,0.050676,0.031963,-0.006944,-0.006944,,0.027769,0.020825,-0.231838,-0.231838,,0.461911,0.230073,-0.082308,-0.082308,,0.185715,0.103407,-0.024654,-0.024654,,0.073446,0.048792,-0.043296,-0.043296,,0.721707,0.678411,-0.057868,-0.057868,,0.892608,0.834740
harvest_total,harvest_2010_00072,2010,2023,13,1,-0.010807,-0.010807,,0.031000,0.020193,-0.019814,-0.019814,,0.051144,0.031330,-0.012293,-0.012293,,0.032348,0.020055,-0.158813,-0.158813,,0.350853,0.192040,-0.093363,-0.093363,,0.189730,0.096367,-0.043876,-0.043876,,0.084446,0.040570,0.033943,0.033943,,0.611010,0.644953,-0.030400,-0.030400,,0.831603,0.801203
harvest_total,harvest_2010_00072,2010,2024,14,1,-0.009515,-0.009515,,0.028910,0.019395,-0.015523,-0.015523,,0.057317,0.041794,-0.012787,-0.012787,,0.037366,0.024579,-0.171710,-0.171710,,0.354524,0.182814,-0.089416,-0.089416,,0.195986,0.106570,-0.034046,-0.034046,,0.082013,0.047967,-0.038074,-0.038074,,0.622341,0.584267,-0.039976,-0.039976,,0.810768,0.770792
harvest_total,harvest_2010_00072,2010,2025,15,1,-0.016087,-0.016087,,0.032650,0.016563,-0.020983,-0.020983,,0.065128,0.044145,-0.008112,-0.008112,,0.034355,0.026243,-0.228250,-0.228250,,0.428677,0.200427,-0.104280,-0.104280,,0.195560,0.091280,-0.047410,-0.047410,,0.088915,0.041505,-0.014603,-0.014603,,0.669334,0.654731,-0.057469,-0.057469,,0.859826,0.802357
harvest_total,harvest_2010_00136,2010,2007,-3,1,-0.016885,-0.016885,,0.035180,0.018295,-0.011372,-0.011372,,0.046538,0.035166,-0.017298,-0.017298,,0.043155,0.025857,0.084274,0.084274,,0.148535,0.232809,-0.044564,-0.044564,,0.157913,0.113349,-0.078032,-0.078032,,0.128543,0.050511,0.555057,0.555057,,0.074279,0.629336,0.351875,0.351875,,0.453707,0.805582
harvest_total,harvest_2010_00136,2010,2008,-2,1,-0.010615,-0.010615,,0.028360,0.017745,-0.009983,-0.009983,,0.049040,0.039057,-0.019250,-0.019250,,0.039140,0.019890,0.033880,0.033880,,0.239862,0.273742,-0.046667,-0.046667,,0.188355,0.141688,-0.054423,-0.054423,,0.112235,0.057812,0.263906,0.263906,,0.383704,0.647610,0.113313,0.113313,,0.713701,0.827014
harvest_total,harvest_2010_00136,2010,2010,0,1,-0.007535,-0.007535,,0.022475,0.014940,-0.011770,-0.011770,,0.045492,0.033722,-0.012567,-0.012567,,0.036527,0.023960,-0.017380,-0.017380,,0.266895,0.249515,-0.052773,-0.052773,,0.176283,0.123510,-0.032203,-0.032203,,0.087458,0.055255,0.104500,0.104500,,0.513674,0.618174,0.055127,0.055127,,0.759230,0.814357
harvest_total,harvest_2010_00136,2010,2011,1,1,-0.036341,-0.036341,,0.053921,0.017580,-0.038816,-0.038816,,0.073886,0.035070,-0.072917,-0.072917,,0.097619,0.024702,0.013063,0.013063,,0.229880,0.242943,-0.166952,-0.166952,,0.280342,0.113390,-0.148912,-0.148912,,0.195890,0.046978,0.549264,0.549264,,0.116135,0.665399,0.410870,0.410870,,0.404538,0.815408
harvest_total,harvest_2010_00136,2010,2015,5,1,-0.015469,-0.015469,,0.032554,0.017085,-0.026222,-0.026222,,0.055764,0.029542,-0.028215,-0.028215,,0.047390,0.019175,-0.063030,-0.063030,,0.284440,0.221410,-0.103757,-0.103757,,0.209076,0.105319,-0.070854,-0.070854,,0.112689,0.041835,0.249642,0.249642,,0.432664,0.682306,0.125593,0.125593,,0.714891,0.840484
harvest_total,harvest_2010_00136,2010,2017,7,1,-0.054312,-0.054312,,0.071590,0.017278,-0.059703,-0.059703,,0.095268,0.035565,-0.059015,-0.059015,,0.080060,0.021045,-0.111760,-0.111760,,0.358360,0.246600,-0.119762,-0.119762,,0.223417,0.103655,-0.090365,-0.090365,,0.136462,0.046097,0.205859,0.205859,,0.472198,0.678057,0.202814,0.202814,,0.638065,0.840879
harvest_total,harvest_2010_00136,2010,2019,9,1,-0.011151,-0.011151,,0.029556,0.018405,-0.020130,-0.020130,,0.058198,0.038068,-0.019868,-0.019868,,0.042371,0.022503,-0.072367,-0.072367,,0.329059,0.256692,-0.051108,-0.051108,,0.173931,0.122823,-0.031969,-0.031969,,0.085409,0.053440,0.046445,0.046445,,0.608596,0.655041,0.060100,0.060100,,0.781288,0.841388
harvest_total,harvest_2010_00136,2010,2024,14,1,0.004029,0.004029,,0.018639,0.022668,-0.004537,-0.004537,,0.040102,0.035565,-0.000853,-0.000853,,0.024868,0.024015,-0.049789,-0.049789,,0.263114,0.213325,-0.001650,-0.001650,,0.120375,0.118725,0.001279,0.001279,,0.052216,0.053495,-0.084360,-0.084360,,0.682022,0.597662,-0.030065,-0.030065,,0.834078,0.804013
harvest_total,harvest_2010_00136,2010,2025,15,1,-0.002805,-0.002805,,0.020220,0.017415,-0.012265,-0.012265,,0.048325,0.036060,-0.007589,-0.007589,,0.029927,0.022338,-0.084617,-0.084617,,0.307897,0.223280,-0.019442,-0.019442,,0.132557,0.113115,-0.009295,-0.009295,,0.055090,0.045795,-0.047588,-0.047588,,0.707200,0.659612,-0.011428,-0.011428,,0.829539,0.818111
harvest_total,harvest_2010_00151,2010,2007,-3,1,-0.001829,-0.001829,,0.027453,0.025624,0.001168,0.001168,,0.052533,0.053701,-0.002792,-0.002792,,0.035263,0.032471,0.085209,0.085209,,0.280590,0.365799,0.045444,0.045444,,0.101826,0.147270,0.020859,0.020859,,0.041450,0.062309,-0.025904,-0.025904,,0.734897,0.708993,0.059683,0.059683,,0.777093,0.836776
harvest_total,harvest_2010_00151,2010,2008,-2,1,-0.012884,-0.012884,,0.034245,0.021361,-0.006793,-0.006793,,0.051845,0.045052,-0.010904,-0.010904,,0.040240,0.029336,0.034004,0.034004,,0.269205,0.303209,0.018301,0.018301,,0.105718,0.124019,0.012526,0.012526,,0.043210,0.055736,-0.033532,-0.033532,,0.723381,0.689849,0.085819,0.085819,,0.739921,0.825740
harvest_total,harvest_2010_00151,2010,2009,-1,1,0.017147,0.017147,,0.036747,0.053894,0.026593,0.026593,,0.059215,0.085808,0.024461,0.024461,,0.038068,0.062529,0.103606,0.103606,,0.330998,0.434604,0.074277,0.074277,,0.088558,0.162835,0.037689,0.037689,,0.031000,0.068689,-0.074875,-0.074875,,0.800835,0.725960,0.008618,0.008618,,0.756512,0.765130
harvest_total,harvest_2010_00151,2010,2010,0,1,0.001650,0.001650,,0.020715,0.022365,0.009707,0.009707,,0.041945,0.051652,0.003396,0.003396,,0.024386,0.027782,0.078581,0.078581,,0.269439,0.348020,0.031171,0.031171,,0.099874,0.131045,0.013654,0.013654,,0.038136,0.051790,-0.030578,-0.030578,,0.751999,0.721421,0.017713,0.017713,,0.834430,0.852143
harvest_total,harvest_2010_00151,2010,2011,1,1,-0.003080,-0.003080,,0.023795,0.020715,-0.008539,-0.008539,,0.046084,0.037545,-0.007838,-0.007838,,0.029790,0.021952,0.057530,0.057530,,0.276286,0.333816,0.027789,0.027789,,0.095185,0.122974,0.009763,0.009763,,0.037641,0.047404,-0.008501,-0.008501,,0.760334,0.751833,0.046521,0.046521,,0.810674,0.857195
harvest_total,harvest_2010_00151,2010,2012,2,1,-0.000908,-0.000908,,0.017030,0.016122,-0.004647,-0.004647,,0.039140,0.034493,-0.006050,-0.006050,,0.021760,0.015710,0.073481,0.073481,,0.265877,0.339358,0.033193,0.033193,,0.092407,0.125600,0.012128,0.012128,,0.037765,0.049893,-0.007606,-0.007606,,0.751254,0.743648,0.062812,0.062812,,0.848698,0.911510
harvest_total,harvest_2010_00151,2010,2013,3,1,0.002351,0.002351,,0.019368,0.021719,-0.001375,-0.001375,,0.039910,0.038535,-0.001183,-0.001183,,0.022585,0.021402,0.071967,0.071967,,0.260543,0.332510,0.034046,0.034046,,0.087292,0.121338,0.014795,0.014795,,0.035592,0.050387,-0.026996,-0.026996,,0.763800,0.736804,0.027819,0.027819,,0.847099,0.874918
harvest_total,harvest_2010_00151,2010,2014,4,1,0.001347,0.001347,,0.017113,0.018460,-0.001512,-0.001512,,0.046042,0.044530,-0.001993,-0.001993,,0.024702,0.022709,0.051246,0.051246,,0.295550,0.346796,0.040837,0.040837,,0.094278,0.135115,0.010752,0.010752,,0.040570,0.051322,-0.017787,-0.017787,,0.758598,0.740811,0.042709,0.042709,,0.832977,0.875686
harvest_total,harvest_2010_00151,2010,2017,7,1,-0.004015,-0.004015,,0.018075,0.014060,-0.003341,-0.003341,,0.044090,0.040749,-0.006339,-0.006339,,0.025844,0.019505,0.044193,0.044193,,0.268380,0.312573,0.020982,0.020982,,0.093549,0.114531,0.007178,0.007178,,0.037572,0.044750,0.006435,0.006435,,0.754448,0.760883,0.068718,0.068718,,0.824399,0.893117
harvest_total,harvest_2010_00151,2010,2019,9,1,0.003932,0.003932,,0.017580,0.021512,-0.001870,-0.001870,,0.043925,0.042055,-0.001677,-0.001677,,0.023960,0.022283,0.044220,0.044220,,0.257792,0.302012,0.029975,0.029975,,0.090125,0.120100,0.008387,0.008387,,0.038013,0.046400,-0.018354,-0.018354,,0.752003,0.733649,0.029571,0.029571,,0.824628,0.854199
harvest_total,harvest_2010_00151,2010,2021,11,1,-0.003933,-0.003933,,0.018405,0.014472,-0.002764,-0.002764,,0.039759,0.036995,-0.003946,-0.003946,,0.023479,0.019533,0.043134,0.043134,,0.221176,0.264310,0.028599,0.028599,,0.076018,0.104617,0.014011,0.014011,,0.030189,0.044200,-0.037833,-0.037833,,0.751294,0.713461,0.058766,0.058766,,0.803605,0.862371
harvest_total,harvest_2010_00151,2010,2022,12,1,0.003136,0.003136,,0.013152,0.016288,0.000234,0.000234,,0.028429,0.028663,0.000756,0.000756,,0.017126,0.017882,0.076409,0.076409,,0.172996,0.249405,0.027926,0.027926,,0.077186,0.105112,0.010464,0.010464,,0.031426,0.041890,0.029989,0.029989,,0.682608,0.712597,0.037455,0.037455,,0.814197,0.851652
harvest_total,harvest_2010_00151,2010,2023,13,1,-0.000289,-0.000289,,0.014885,0.014596,-0.000893,-0.000893,,0.031137,0.030244,-0.000426,-0.000426,,0.020110,0.019684,0.061943,0.061943,,0.174193,0.236136,0.023142,0.023142,,0.068757,0.091899,0.013035,0.013035,,0.026462,0.039497,-0.016685,-0.016685,,0.721769,0.705084,0.029989,0.029989,,0.812881,0.842870
harvest_total,harvest_2010_00151,2010,2024,14,1,0.000275,0.000275,,0.015765,0.016040,0.004387,0.004387,,0.033062,0.037449,-0.000468,-0.000468,,0.021375,0.020907,0.069011,0.069011,,0.172515,0.241526,0.028971,0.028971,,0.080390,0.109361,0.007508,0.007508,,0.036747,0.044255,0.030198,0.030198,,0.650764,0.680962,0.056418,0.056418,,0.779514,0.835932
harvest_total,harvest_2010_00151,2010,2025,15,1,-0.001375,-0.001375,,0.014198,0.012823,0.002297,0.002297,,0.035702,0.037999,0.002530,0.002530,,0.017278,0.019808,0.080878,0.080878,,0.191352,0.272230,0.034595,0.034595,,0.077805,0.112400,0.009556,0.009556,,0.034328,0.043884,0.014114,0.014114,,0.708201,0.722315,0.047663,0.047663,,0.820519,0.868182
harvest_total,harvest_2010_00293,2010,2007,-3,2,0.001561,0.001561,0.001974,0.022675,0.024235,0.001519,0.001519,0.000340,0.039051,0.040570,0.002984,0.002984,0.002100,0.025514,0.028498,-0.032533,-0.032533,0.006203,0.243644,0.211112,-0.018212,-0.018212,0.000593,0.114752,0.096539,-0.007830,-0.007830,0.006874,0.047974,0.040144,0.009771,0.009771,0.032262,0.663603,0.673374,-0.060879,-0.060879,0.007348,0.806391,0.745511
harvest_total,harvest_2010_00293,2010,2008,-2,2,-0.000928,-0.000928,0.002441,0.016658,0.015731,-0.000983,-0.000983,0.002401,0.030347,0.029364,-0.000467,-0.000467,0.000738,0.017648,0.017181,-0.043161,-0.043161,0.000642,0.230430,0.187269,-0.030890,-0.030890,0.003470,0.109314,0.078424,-0.013598,-0.013598,0.005308,0.044283,0.030684,0.033256,0.033256,0.034517,0.677538,0.710794,-0.022415,-0.022415,0.004593,0.850652,0.828237
harvest_total,harvest_2010_00293,2010,2011,1,2,-0.019408,-0.019408,0.015391,0.036534,0.017126,-0.030051,-0.030051,0.017958,0.063567,0.033516,-0.046840,-0.046840,0.029023,0.066448,0.019608,-0.052910,-0.052910,0.026524,0.267459,0.214549,-0.145021,-0.145021,0.071268,0.243273,0.098251,-0.090448,-0.090448,0.050519,0.129787,0.039339,0.315716,0.315716,0.139480,0.355993,0.671709,0.212790,0.212790,0.121816,0.614576,0.827366
harvest_total,harvest_2010_00293,2010,2012,2,2,-0.010958,-0.010958,0.004142,0.024840,0.013881,-0.021518,-0.021518,0.007175,0.042743,0.021224,-0.028972,-0.028972,0.011843,0.041629,0.012657,-0.107690,-0.107690,0.039708,0.307980,0.200290,-0.126734,-0.126734,0.046028,0.209186,0.082452,-0.066976,-0.066976,0.024522,0.101373,0.034396,0.194799,0.194799,0.034142,0.508234,0.703032,0.116328,0.116328,0.036639,0.763255,0.879584
harvest_total,harvest_2010_00293,2010,2013,3,2,-0.020212,-0.020212,0.015206,0.040281,0.020069,-0.024798,-0.024798,0.014827,0.063196,0.038398,-0.031591,-0.031591,0.028788,0.055647,0.024057,-0.067574,-0.067574,0.006893,0.286440,0.218867,-0.135932,-0.135932,0.061602,0.232685,0.096752,-0.087491,-0.087491,0.051705,0.131884,0.044393,0.263894,0.263894,0.158982,0.396981,0.660875,0.116445,0.116445,0.128181,0.684006,0.800451
harvest_total,harvest_2010_00293,2010,2014,4,2,-0.006318,-0.006318,0.013388,0.025383,0.019065,-0.020185,-0.020185,0.008537,0.051914,0.031728,-0.017902,-0.017902,0.013923,0.038493,0.020591,-0.116064,-0.116064,0.046358,0.331107,0.215043,-0.111884,-0.111884,0.055245,0.207124,0.095240,-0.060397,-0.060397,0.038979,0.102824,0.042427,0.139783,0.139783,0.075553,0.530096,0.669879,0.027019,0.027019,0.025854,0.788976,0.815995
harvest_total,harvest_2010_00293,2010,2015,5,2,-0.017641,-0.017641,0.009061,0.035641,0.018000,-0.023307,-0.023307,0.012951,0.054664,0.031357,-0.017428,-0.017428,0.012572,0.038170,0.020742,-0.123633,-0.123633,0.049517,0.321318,0.197684,-0.105978,-0.105978,0.052298,0.190466,0.084488,-0.052821,-0.052821,0.032483,0.089988,0.037167,0.112005,0.112005,0.049122,0.567246,0.679252,0.021021,0.021021,0.015040,0.784009,0.805030
harvest_total,harvest_2010_00293,2010,2016,6,2,-0.009784,-0.009784,0.006505,0.030203,0.020419,-0.018247,-0.018247,0.010851,0.055359,0.037112,-0.012684,-0.012684,0.016227,0.036191,0.023506,-0.125256,-0.125256,0.059046,0.340678,0.215422,-0.081696,-0.081696,0.039367,0.177328,0.095632,-0.036808,-0.036808,0.019445,0.080988,0.044179,0.040643,0.040643,0.011570,0.610566,0.651209,-0.021482,-0.021482,0.022292,0.818898,0.797417
harvest_total,harvest_2010_00293,2010,2017,7,1,-0.011825,-0.011825,,0.032815,0.020990,-0.023155,-0.023155,,0.065829,0.042674,-0.018549,-0.018549,,0.045451,0.026902,-0.221251,-0.221251,,0.411889,0.190638,-0.132110,-0.132110,,0.228161,0.096051,-0.054753,-0.054753,,0.101950,0.047197,-0.006302,-0.006302,,0.609407,0.603105,-0.047792,-0.047792,,0.800379,0.752587
harvest_total,harvest_2010_00293,2010,2018,8,1,-0.011372,-0.011372,,0.031358,0.019986,-0.026578,-0.026578,,0.058032,0.031454,-0.016761,-0.016761,,0.036775,0.020014,-0.226339,-0.226339,,0.406595,0.180256,-0.113191,-0.113191,,0.206313,0.093122,-0.046819,-0.046819,,0.089768,0.042949,0.001695,0.001695,,0.610198,0.611893,-0.040221,-0.040221,,0.838431,0.798210
harvest_total,harvest_2010_00293,2010,2019,9,2,-0.006717,-0.006717,0.004385,0.025294,0.018577,-0.017174,-0.017174,0.008226,0.048504,0.031330,-0.008236,-0.008236,0.006261,0.028333,0.020096,-0.160312,-0.160312,0.081010,0.360725,0.200413,-0.078142,-0.078142,0.035780,0.168088,0.089946,-0.032368,-0.032368,0.016295,0.072099,0.039731,-0.017453,-0.017453,0.045241,0.677663,0.660211,-0.045261,-0.045261,0.019659,0.856940,0.811679
harvest_total,harvest_2010_00293,2010,2020,10,2,-0.008044,-0.008044,0.001322,0.029288,0.021244,-0.016259,-0.016259,0.007496,0.052636,0.036376,-0.006168,-0.006168,0.006252,0.029000,0.022832,-0.176983,-0.176983,0.074680,0.391759,0.214775,-0.079021,-0.079021,0.047020,0.185880,0.106859,-0.029357,-0.029357,0.017948,0.077097,0.047740,-0.065010,-0.065010,0.017067,0.688661,0.623650,-0.060807,-0.060807,0.019048,0.865671,0.804864
harvest_total,harvest_2010_00293,2010,2021,11,2,-0.006181,-0.006181,0.002966,0.024263,0.018082,-0.012024,-0.012024,0.000340,0.043141,0.031117,-0.006105,-0.006105,0.002780,0.026325,0.020220,-0.179603,-0.179603,0.057889,0.358676,0.179073,-0.072786,-0.072786,0.028750,0.159672,0.086887,-0.021636,-0.021636,0.004404,0.060562,0.038927,-0.060489,-0.060489,0.039135,0.700825,0.640337,-0.067069,-0.067069,0.018664,0.863038,0.795969
harvest_total,harvest_2010_00293,2010,2022,12,2,-0.015379,-0.015379,0.011755,0.033166,0.017786,-0.025548,-0.025548,0.010306,0.055949,0.030402,-0.011839,-0.011839,0.014234,0.031942,0.020103,-0.202194,-0.202194,0.030995,0.379329,0.177135,-0.076780,-0.076780,0.038113,0.172501,0.095721,-0.027431,-0.027431,0.019543,0.072298,0.044867,-0.087257,-0.087257,0.034928,0.685196,0.597939,-0.059965,-0.059965,0.050128,0.853905,0.793940
harvest_total,harvest_2010_00293,2010,2023,13,2,-0.000688,-0.000688,0.002567,0.022007,0.021319,-0.008731,-0.008731,0.011725,0.045218,0.036486,-0.000358,-0.000358,0.008829,0.026009,0.025651,-0.188774,-0.188774,0.054000,0.359996,0.171222,-0.063360,-0.063360,0.024812,0.157390,0.094030,-0.019002,-0.019002,0.014390,0.064908,0.045905,-0.112046,-0.112046,0.010950,0.701272,0.589226,-0.113079,-0.113079,0.022386,0.868130,0.755051
harvest_total,harvest_2010_00293,2010,2024,14,2,-0.009117,-0.009117,0.004608,0.032554,0.023438,-0.012938,-0.012938,0.006864,0.052450,0.039512,-0.005142,-0.005142,0.008711,0.032691,0.027549,-0.176523,-0.176523,0.055925,0.344830,0.168307,-0.052070,-0.052070,0.033699,0.157678,0.105608,-0.016926,-0.016926,0.014759,0.067739,0.050813,-0.132975,-0.132975,0.022926,0.680270,0.547295,-0.095996,-0.095996,0.019093,0.839224,0.743227
harvest_total,harvest_2010_00293,2010,2025,15,2,-0.005177,-0.005177,0.009246,0.026854,0.021678,-0.013791,-0.013791,0.016587,0.049961,0.036170,-0.003520,-0.003520,0.010229,0.027095,0.023575,-0.175416,-0.175416,0.065074,0.353733,0.178317,-0.052236,-0.052236,0.035410,0.146397,0.094161,-0.015269,-0.015269,0.014711,0.060899,0.045630,-0.111984,-0.111984,0.006934,0.707895,0.595911,-0.059690,-0.059690,0.044960,0.834389,0.774698
harvest_total,harvest_2010_00310,2010,2007,-3,3,-0.004318,-0.003841,0.002524,0.022709,0.018804,-0.005816,-0.005784,0.002152,0.038246,0.033530,-0.003767,-0.004950,0.004037,0.026311,0.024345,0.090695,0.086524,0.031338,0.193113,0.293680,0.022962,0.016312,0.013856,0.106240,0.131829,-0.000728,-0.002003,0.003781,0.051982,0.051254,0.118379,0.116421,0.021905,0.595078,0.703648,0.086417,0.100051,0.045680,0.744086,0.844114
harvest_total,harvest_2010_00310,2010,2008,-2,2,-0.001794,-0.001794,0.004579,0.016947,0.015153,0.004132,0.004132,0.000185,0.027796,0.031928,-0.001300,-0.001300,0.006621,0.019622,0.018322,0.085607,0.085607,0.035857,0.148398,0.234005,0.024675,0.024675,0.014264,0.077750,0.102425,0.005177,0.005177,0.004270,0.035070,0.040247,0.085174,0.085174,0.016020,0.619001,0.704175,0.089772,0.089772,0.045565,0.764936,0.854708
harvest_total,harvest_2010_00310,2010,2010,0,2,-0.000915,-0.000915,0.001002,0.017794,0.016879,0.001539,0.001539,0.000972,0.032540,0.034079,0.002880,0.002880,0.001448,0.022675,0.025555,0.091664,0.091664,0.053757,0.180304,0.271969,0.023162,0.023162,0.018132,0.098726,0.121888,0.002949,0.002949,0.006446,0.045953,0.048903,0.115899,0.115899,0.017369,0.594421,0.710320,0.046163,0.046163,0.016209,0.778362,0.824525
harvest_total,harvest_2010_00310,2010,2011,1,1,-0.021862,-0.021862,,0.042192,0.020330,-0.029095,-0.029095,,0.057620,0.028525,-0.050146,-0.050146,,0.066750,0.016604,0.031336,0.031336,,0.207605,0.238941,-0.134571,-0.134571,,0.234967,0.100396,-0.095893,-0.095893,,0.135060,0.039167,0.524573,0.524573,,0.204623,0.729196,0.351569,0.351569,,0.519112,0.870681
harvest_total,harvest_2010_00310,2010,2013,3,3,-0.029851,-0.029429,0.004265,0.050772,0.025803,-0.032533,-0.027775,0.008276,0.067039,0.039167,-0.047658,-0.046342,0.002907,0.069005,0.023190,0.070276,0.057222,0.061899,0.225879,0.309217,-0.108721,-0.111247,0.034712,0.235710,0.134290,-0.092482,-0.090810,0.020916,0.147600,0.058390,0.438667,0.439368,0.029152,0.244545,0.683212,0.319210,0.318830,0.002781,0.541087,0.860297
harvest_total,harvest_2010_00310,2010,2014,4,3,-0.015290,-0.015643,0.003294,0.035428,0.022888,-0.019498,-0.020391,0.005112,0.052890,0.036981,-0.033522,-0.032973,0.005740,0.053412,0.022282,0.039724,0.027358,0.028898,0.239890,0.283863,-0.095645,-0.091960,0.030227,0.216323,0.130385,-0.076670,-0.069649,0.012304,0.119440,0.053660,0.346321,0.342104,0.020032,0.347334,0.688282,0.236401,0.229897,0.019552,0.627138,0.863539
harvest_total,harvest_2010_00310,2010,2015,5,3,-0.023581,-0.024219,0.001970,0.043169,0.018542,-0.025836,-0.025048,0.005365,0.058775,0.032595,-0.030113,-0.030635,0.002719,0.051378,0.020990,-0.002145,-0.006096,0.032206,0.259387,0.280288,-0.089760,-0.092152,0.018418,0.204717,0.114957,-0.061628,-0.063956,0.005091,0.109210,0.047582,0.284852,0.282431,0.007165,0.411612,0.696464,0.170169,0.174006,0.022096,0.685725,0.856000
harvest_total,harvest_2010_00310,2010,2016,6,2,-0.017826,-0.017826,0.001273,0.033970,0.016144,-0.025988,-0.025988,0.002762,0.060095,0.034107,-0.031921,-0.031921,0.004404,0.050841,0.018920,-0.024475,-0.024475,0.072376,0.286558,0.262082,-0.092530,-0.092530,0.027408,0.208829,0.116298,-0.066344,-0.066344,0.007720,0.115755,0.049411,0.259186,0.259186,0.023016,0.424642,0.683828,0.164178,0.164178,0.058384,0.698505,0.862683
harvest_total,harvest_2010_00310,2010,2017,7,3,-0.016459,-0.017609,0.004010,0.035084,0.017250,-0.026317,-0.025405,0.007912,0.063312,0.034355,-0.030579,-0.030286,0.004064,0.053962,0.019766,-0.052347,-0.039458,0.044808,0.280576,0.272766,-0.099013,-0.092551,0.015895,0.204663,0.112978,-0.062755,-0.060064,0.004708,0.107106,0.046785,0.227094,0.221361,0.024031,0.465631,0.707037,0.144068,0.157141,0.029058,0.715587,0.859852
harvest_total,harvest_2010_00310,2010,2018,8,3,-0.008552,-0.010248,0.005999,0.031192,0.017470,-0.017091,-0.013736,0.009333,0.055447,0.036294,-0.015180,-0.018273,0.006862,0.041697,0.023053,-0.029150,-0.028833,0.038453,0.301352,0.291095,-0.060994,-0.063451,0.014389,0.183982,0.122988,-0.038115,-0.036625,0.004803,0.086852,0.046345,0.156076,0.150601,0.012144,0.540245,0.695633,0.040342,0.074749,0.068388,0.783639,0.823981
harvest_total,harvest_2010_00310,2010,2019,9,3,-0.012252,-0.012499,0.000932,0.033159,0.020907,-0.023333,-0.023695,0.000967,0.057661,0.034328,-0.022866,-0.022600,0.003335,0.043526,0.020660,-0.057640,-0.056806,0.044046,0.304377,0.273550,-0.070606,-0.071216,0.016502,0.186897,0.119825,-0.040809,-0.039747,0.002284,0.091032,0.050223,0.106616,0.105050,0.035263,0.587409,0.669950,0.080497,0.086611,0.039326,0.775451,0.855948
harvest_total,harvest_2010_00310,2010,2020,10,3,-0.009859,-0.011243,0.003279,0.032100,0.023217,-0.021711,-0.022096,0.004015,0.056300,0.034589,-0.020528,-0.021143,0.003126,0.040721,0.020193,-0.068750,-0.045856,0.078680,0.324700,0.276768,-0.067746,-0.053414,0.028955,0.167290,0.118340,-0.034568,-0.031387,0.007534,0.079249,0.049961,0.102172,0.105043,0.046973,0.598554,0.693262,0.074355,0.106165,0.058050,0.776788,0.863495
harvest_total,harvest_2010_00310,2010,2021,11,3,-0.007755,-0.008048,0.001236,0.028305,0.020550,-0.020735,-0.020492,0.001957,0.052175,0.032815,-0.016033,-0.017870,0.005193,0.036720,0.020687,-0.057887,-0.067292,0.039218,0.304900,0.247013,-0.062975,-0.061866,0.007637,0.174467,0.111492,-0.032120,-0.032248,0.001352,0.079345,0.045685,0.081862,0.084436,0.042041,0.604013,0.674795,0.054597,0.065736,0.049203,0.794929,0.845691
harvest_total,harvest_2010_00310,2010,2022,12,3,-0.004249,-0.005422,0.006094,0.023864,0.019615,-0.024627,-0.021171,0.007085,0.055338,0.030711,-0.008167,-0.013864,0.009879,0.032320,0.021705,-0.082803,-0.101264,0.053196,0.342011,0.262302,-0.049706,-0.052025,0.010452,0.172542,0.124899,-0.021120,-0.022573,0.006011,0.075138,0.053138,0.007987,0.007268,0.078038,0.637333,0.645320,0.007432,0.022806,0.071261,0.830521,0.842384
harvest_total,harvest_2010_00310,2010,2023,13,3,-0.000633,-0.001925,0.002804,0.022778,0.021980,-0.001430,-0.002370,0.004562,0.035510,0.034080,-0.006806,-0.009062,0.004207,0.034300,0.023932,0.078141,0.053414,0.070493,0.162038,0.240179,-0.034857,-0.036025,0.009603,0.155052,0.122176,-0.060472,-0.057374,0.007611,0.118312,0.056603,0.418992,0.376064,0.185751,0.188105,0.607097,0.100386,0.105583,0.106655,0.689979,0.790365
harvest_total,harvest_2010_00310,2010,2024,14,3,-0.013406,-0.013800,0.001113,0.039580,0.026174,-0.013227,-0.016037,0.005253,0.057043,0.041230,-0.014699,-0.015978,0.002743,0.043182,0.029075,-0.029150,-0.038619,0.066862,0.252045,0.222895,-0.049747,-0.050911,0.009582,0.185632,0.135885,-0.055234,-0.050664,0.008348,0.122135,0.066901,0.200799,0.172606,0.123574,0.360257,0.561056,0.074582,0.065641,0.091605,0.704184,0.778766
harvest_total,harvest_2010_00310,2010,2025,15,3,-0.008167,-0.008062,0.004326,0.034795,0.026023,-0.014355,-0.011688,0.006284,0.056575,0.044447,-0.007644,-0.010876,0.009818,0.040047,0.032403,-0.050215,-0.047085,0.051215,0.284138,0.241953,-0.050297,-0.052419,0.004235,0.190280,0.136944,-0.035612,-0.037602,0.013080,0.104590,0.060012,0.061776,0.090286,0.121287,0.494047,0.555823,-0.013518,0.041246,0.104431,0.750261,0.752139
harvest_total,harvest_2010_00404,2010,2007,-3,1,-0.014864,-0.014864,,0.040075,0.025211,-0.014204,-0.014204,,0.056080,0.041876,-0.013201,-0.013201,,0.041478,0.028277,-0.120450,-0.120450,,0.313040,0.192590,-0.055371,-0.055371,,0.139061,0.083690,-0.017820,-0.017820,,0.058376,0.040556,-0.027287,-0.027287,,0.678494,0.651207,-0.020119,-0.020119,,0.762356,0.742237
harvest_total,harvest_2010_00404,2010,2009,-1,1,-0.016568,-0.016568,,0.036761,0.020193,-0.023815,-0.023815,,0.059325,0.035510,-0.011110,-0.011110,,0.033530,0.022420,-0.210141,-0.210141,,0.430919,0.220778,-0.110976,-0.110976,,0.178551,0.067575,-0.040590,-0.040590,,0.066750,0.026160,0.011578,0.011578,,0.728924,0.740502,-0.071444,-0.071444,,0.863259,0.791815
harvest_total,harvest_2010_00404,2010,2012,2,1,-0.009171,-0.009171,,0.029020,0.019849,-0.004401,-0.004401,,0.037628,0.033227,-0.008319,-0.008319,,0.025115,0.016796,-0.118442,-0.118442,,0.301627,0.183185,-0.096457,-0.096457,,0.170563,0.074106,-0.037743,-0.037743,,0.069472,0.031729,0.079240,0.079240,,0.625586,0.704826,-0.013302,-0.013302,,0.846270,0.832968
harvest_total,harvest_2010_00404,2010,2014,4,1,-0.007755,-0.007755,,0.023300,0.015545,-0.009488,-0.009488,,0.041203,0.031715,-0.006462,-0.006462,,0.025252,0.018790,-0.191978,-0.191978,,0.380085,0.188107,-0.098217,-0.098217,,0.166919,0.068702,-0.037167,-0.037167,,0.067589,0.030422,0.005064,0.005064,,0.697660,0.702724,-0.068742,-0.068742,,0.880765,0.812023
harvest_total,harvest_2010_00404,2010,2015,5,1,-0.004702,-0.004702,,0.021650,0.016948,-0.002558,-0.002558,,0.038865,0.036307,-0.002283,-0.002283,,0.022503,0.020220,-0.157218,-0.157218,,0.346343,0.189125,-0.084013,-0.084013,,0.161405,0.077392,-0.028517,-0.028517,,0.062900,0.034383,0.008564,0.008564,,0.693905,0.702469,-0.066426,-0.066426,,0.877984,0.811558
harvest_total,harvest_2010_00404,2010,2016,6,1,-0.001238,-0.001238,,0.018653,0.017415,-0.008168,-0.008168,,0.041835,0.033667,-0.002145,-0.002145,,0.021843,0.019698,-0.202496,-0.202496,,0.403804,0.201308,-0.083627,-0.083627,,0.170150,0.086523,-0.029439,-0.029439,,0.067204,0.037765,-0.042003,-0.042003,,0.726074,0.684071,-0.099765,-0.099765,,0.902865,0.803100
harvest_total,harvest_2010_00404,2010,2017,7,1,-0.002337,-0.002337,,0.014527,0.012190,-0.003987,-0.003987,,0.035290,0.031303,-0.003107,-0.003107,,0.020742,0.017635,-0.201273,-0.201273,,0.391278,0.190005,-0.092483,-0.092483,,0.167895,0.075412,-0.030663,-0.030663,,0.064028,0.033365,-0.010444,-0.010444,,0.709677,0.699233,-0.043771,-0.043771,,0.836037,0.792266
harvest_total,harvest_2010_00404,2010,2018,8,1,-0.009130,-0.009130,,0.025569,0.016439,-0.007631,-0.007631,,0.044159,0.036528,-0.003960,-0.003960,,0.026944,0.022984,-0.175917,-0.175917,,0.369250,0.193333,-0.073879,-0.073879,,0.154503,0.080624,-0.028889,-0.028889,,0.062598,0.033709,-0.013862,-0.013862,,0.708972,0.695110,-0.071336,-0.071336,,0.865607,0.794271
harvest_total,harvest_2010_00404,2010,2019,9,1,-0.012443,-0.012443,,0.026517,0.014074,-0.014369,-0.014369,,0.046400,0.032031,-0.006875,-0.006875,,0.026627,0.019752,-0.204037,-0.204037,,0.379893,0.175856,-0.094381,-0.094381,,0.171388,0.077007,-0.033481,-0.033481,,0.067217,0.033736,-0.013173,-0.013173,,0.694495,0.681322,-0.054316,-0.054316,,0.859048,0.804732
harvest_total,harvest_2010_00404,2010,2020,10,1,-0.009846,-0.009846,,0.028608,0.018762,-0.008910,-0.008910,,0.041560,0.032650,-0.003850,-0.003850,,0.024785,0.020935,-0.173498,-0.173498,,0.345243,0.171745,-0.069465,-0.069465,,0.158655,0.089190,-0.026619,-0.026619,,0.067547,0.040928,-0.072405,-0.072405,,0.688362,0.615957,-0.101162,-0.101162,,0.873534,0.772372
harvest_total,harvest_2010_00404,2010,2022,12,1,-0.009391,-0.009391,,0.025844,0.016453,-0.013461,-0.013461,,0.041821,0.028360,-0.006889,-0.006889,,0.025555,0.018666,-0.165647,-0.165647,,0.317798,0.152151,-0.078733,-0.078733,,0.152550,0.073817,-0.031584,-0.031584,,0.063464,0.031880,-0.056276,-0.056276,,0.682405,0.626129,-0.091751,-0.091751,,0.866079,0.774328
harvest_total,harvest_2010_00404,2010,2023,13,1,-0.010051,-0.010051,,0.027177,0.017126,-0.008868,-0.008868,,0.043237,0.034369,-0.002736,-0.002736,,0.023960,0.021224,-0.155939,-0.155939,,0.317825,0.161886,-0.069822,-0.069822,,0.153540,0.083718,-0.025753,-0.025753,,0.061607,0.035854,-0.057210,-0.057210,,0.693521,0.636311,-0.103150,-0.103150,,0.865921,0.762771
harvest_total,harvest_2010_00404,2010,2024,14,1,-0.004674,-0.004674,,0.024702,0.020028,-0.005033,-0.005033,,0.038810,0.033777,-0.000771,-0.000771,,0.025418,0.024647,-0.125841,-0.125841,,0.273303,0.147462,-0.052443,-0.052443,,0.143090,0.090647,-0.018040,-0.018040,,0.062103,0.044063,-0.126729,-0.126729,,0.659101,0.532372,-0.101297,-0.101297,,0.816276,0.714979
harvest_total,harvest_2010_00404,2010,2025,15,1,-0.004221,-0.004221,,0.021169,0.016948,-0.010505,-0.010505,,0.044530,0.034025,-0.005569,-0.005569,,0.026215,0.020646,-0.157547,-0.157547,,0.318980,0.161433,-0.063924,-0.063924,,0.146473,0.082549,-0.020171,-0.020171,,0.058170,0.037999,-0.059105,-0.059105,,0.667980,0.608875,-0.085238,-0.085238,,0.847802,0.762564
harvest_total,harvest_2010_00439,2010,2007,-3,5,0.003328,0.003762,0.001875,0.026325,0.028415,0.003245,0.005318,0.006672,0.046428,0.050167,0.005747,0.005709,0.003762,0.030587,0.036582,-0.070785,-0.075883,0.011889,0.275420,0.204635,-0.030029,-0.032763,0.008179,0.125902,0.095873,-0.010203,-0.011550,0.006131,0.054210,0.043100,-0.034154,-0.026620,0.036038,0.687359,0.660889,-0.079500,-0.091433,0.033467,0.814580,0.717391
harvest_total,harvest_2010_00439,2010,2008,-2,5,0.002090,0.000478,0.002870,0.017223,0.019285,-0.000055,-0.000891,0.002010,0.035510,0.035400,0.000083,0.000017,0.004368,0.020522,0.020550,-0.063635,-0.061225,0.016850,0.241320,0.176750,-0.042323,-0.042526,0.015387,0.115040,0.070160,-0.019552,-0.019701,0.005929,0.051102,0.030642,0.046698,0.048393,0.024381,0.662622,0.710561,-0.058216,-0.052365,0.032914,0.825896,0.787088
harvest_total,harvest_2010_00439,2010,2009,-1,7,0.006655,0.004644,0.005713,0.020138,0.027755,0.008978,0.006278,0.006088,0.038453,0.047321,0.008607,0.007193,0.006303,0.022612,0.028965,-0.075597,-0.057510,0.054848,0.287905,0.215003,-0.032657,-0.030413,0.036669,0.127663,0.080486,-0.012732,-0.009864,0.016795,0.050057,0.036197,-0.015626,-0.004681,0.060950,0.692018,0.708011,-0.095032,-0.078442,0.033342,0.850420,0.759953
harvest_total,harvest_2010_00439,2010,2010,0,5,-0.002310,-0.001160,0.003002,0.020577,0.018350,-0.001017,0.000017,0.005824,0.033942,0.036913,-0.000866,-0.000553,0.003822,0.023877,0.023011,-0.067430,-0.065719,0.020164,0.259993,0.188548,-0.049486,-0.049173,0.017499,0.132255,0.076650,-0.023127,-0.019338,0.010797,0.054045,0.030918,0.045912,0.026362,0.055484,0.670555,0.716467,-0.063002,-0.063095,0.037150,0.849912,0.781582
harvest_total,harvest_2010_00439,2010,2011,1,3,-0.013502,-0.013328,0.001780,0.030175,0.018460,-0.019855,-0.018833,0.003305,0.054183,0.034328,-0.036919,-0.037239,0.005837,0.058129,0.019973,-0.071583,-0.080057,0.020492,0.265121,0.188493,-0.157836,-0.160889,0.006957,0.236480,0.080500,-0.094422,-0.093340,0.006163,0.124720,0.035510,0.341751,0.334571,0.013292,0.329996,0.671747,0.210020,0.176785,0.079024,0.598182,0.808202
harvest_total,harvest_2010_00439,2010,2013,3,6,-0.015414,-0.016491,0.006082,0.032320,0.017168,-0.022302,-0.022242,0.009817,0.061525,0.039223,-0.016583,-0.018320,0.011736,0.038274,0.022736,-0.198412,-0.174185,0.096331,0.397369,0.205447,-0.160875,-0.151553,0.024904,0.239299,0.095900,-0.076478,-0.082656,0.024100,0.116773,0.043911,0.100997,0.162772,0.159901,0.563207,0.671555,-0.016839,0.012557,0.099426,0.819548,0.793508
harvest_total,harvest_2010_00439,2010,2014,4,8,-0.007288,-0.007798,0.005378,0.025926,0.018295,-0.016438,-0.016290,0.003604,0.055537,0.039065,-0.009956,-0.012428,0.005867,0.033881,0.023397,-0.222324,-0.204526,0.058060,0.406911,0.188603,-0.144616,-0.138273,0.019619,0.226539,0.080376,-0.069781,-0.067712,0.014167,0.104480,0.035771,0.076997,0.095601,0.092401,0.607496,0.676267,-0.059316,-0.041745,0.062133,0.852204,0.783149
harvest_total,harvest_2010_00439,2010,2015,5,8,-0.018727,-0.017746,0.003170,0.036541,0.018708,-0.014306,-0.015673,0.004349,0.054526,0.038446,-0.012223,-0.012473,0.003113,0.035001,0.023348,-0.185144,-0.172853,0.051614,0.378332,0.191146,-0.129889,-0.126442,0.017463,0.216804,0.083518,-0.059270,-0.060326,0.014634,0.094938,0.035861,0.078523,0.096381,0.090077,0.615829,0.688990,-0.049068,-0.040002,0.047054,0.840018,0.770131
harvest_total,harvest_2010_00439,2010,2016,6,8,-0.008731,-0.008168,0.002939,0.023478,0.015655,-0.014994,-0.014955,0.003030,0.051556,0.034486,-0.007316,-0.007734,0.004801,0.027914,0.021527,-0.259524,-0.238757,0.070469,0.455490,0.197692,-0.123089,-0.122949,0.018145,0.213847,0.087595,-0.050766,-0.050590,0.008186,0.090387,0.040900,0.022757,0.023063,0.055508,0.679960,0.681240,-0.064289,-0.065129,0.041725,0.882819,0.803764
harvest_total,harvest_2010_00439,2010,2017,7,5,-0.015785,-0.015351,0.001111,0.032554,0.017731,-0.021009,-0.021359,0.003936,0.061827,0.041890,-0.011784,-0.012012,0.001080,0.035304,0.023506,-0.229625,-0.214349,0.033811,0.426725,0.195381,-0.126252,-0.116198,0.024178,0.206904,0.080734,-0.053268,-0.049230,0.008423,0.089259,0.038164,0.020205,0.018794,0.033367,0.658660,0.680084,-0.057434,-0.054762,0.024373,0.844425,0.776056
harvest_total,harvest_2010_00439,2010,2018,8,8,-0.018934,-0.018138,0.002394,0.036273,0.018082,-0.017764,-0.016795,0.004960,0.060727,0.043175,-0.011028,-0.011017,0.005575,0.033805,0.022839,-0.233007,-0.226201,0.051459,0.456061,0.214700,-0.118030,-0.121258,0.018490,0.216570,0.085334,-0.049121,-0.048279,0.010995,0.091548,0.037587,0.018996,0.025522,0.058440,0.678723,0.685725,-0.064513,-0.057397,0.043489,0.868912,0.794995
harvest_total,harvest_2010_00439,2010,2019,9,8,-0.008724,-0.008664,0.002106,0.027528,0.018294,-0.010058,-0.011474,0.004871,0.048448,0.038391,-0.006304,-0.007354,0.004702,0.028428,0.023472,-0.199718,-0.197715,0.037914,0.403969,0.192879,-0.114098,-0.109572,0.017724,0.199197,0.081841,-0.046165,-0.045736,0.007459,0.082933,0.037792,0.026779,0.026831,0.044431,0.665620,0.689478,-0.073503,-0.065237,0.031742,0.858572,0.779340
harvest_total,harvest_2010_00439,2010,2020,10,4,-0.013214,-0.012984,0.001457,0.027171,0.014211,-0.013337,-0.015266,0.004312,0.048243,0.030931,-0.006112,-0.007153,0.004386,0.026826,0.021093,-0.236644,-0.210330,0.068091,0.399149,0.164100,-0.117804,-0.111856,0.017431,0.189200,0.071239,-0.044165,-0.045426,0.004701,0.077605,0.029680,0.028173,0.028165,0.044124,0.687055,0.688894,-0.088842,-0.080207,0.053797,0.880127,0.782964
harvest_total,harvest_2010_00439,2010,2021,11,7,-0.019140,-0.014632,0.023913,0.038645,0.024593,-0.012018,-0.012711,0.023859,0.050800,0.040433,-0.011385,-0.010560,0.029013,0.036748,0.025363,-0.171271,-0.153505,0.036058,0.361399,0.196289,-0.104651,-0.080590,0.042078,0.194460,0.097385,-0.036451,-0.033375,0.031230,0.074739,0.047376,0.003863,-0.013612,0.099473,0.614378,0.617904,-0.017339,-0.059580,0.116893,0.782172,0.764833
harvest_total,harvest_2010_00439,2010,2022,12,8,-0.008119,-0.009443,0.006022,0.024792,0.016796,-0.013241,-0.015027,0.010516,0.046207,0.032718,-0.009027,-0.007320,0.004866,0.028470,0.021567,-0.239326,-0.228671,0.059538,0.407586,0.171670,-0.091245,-0.091680,0.019319,0.170858,0.079517,-0.035469,-0.034280,0.007903,0.072876,0.035304,-0.061320,-0.054107,0.042111,0.704349,0.630362,-0.098613,-0.098114,0.043280,0.878680,0.771710
harvest_total,harvest_2010_00439,2010,2023,13,7,-0.008168,-0.009122,0.004615,0.026820,0.018102,-0.010670,-0.011852,0.005797,0.045822,0.033310,-0.007920,-0.007810,0.003107,0.030890,0.022145,-0.193986,-0.179842,0.054794,0.376813,0.175526,-0.092868,-0.080369,0.018354,0.173120,0.093411,-0.034375,-0.032552,0.005648,0.072635,0.043059,-0.033956,-0.029357,0.039810,0.670837,0.606969,-0.088786,-0.075753,0.039515,0.845767,0.758892
harvest_total,harvest_2010_00439,2010,2024,14,8,-0.010162,-0.010324,0.002100,0.029680,0.019244,-0.012973,-0.012282,0.006282,0.050539,0.038837,-0.003967,-0.004432,0.004178,0.028484,0.025218,-0.235950,-0.214593,0.063836,0.405756,0.166884,-0.081882,-0.079156,0.015526,0.169098,0.089224,-0.029383,-0.029731,0.005120,0.073886,0.042543,-0.116077,-0.099108,0.060696,0.698195,0.578067,-0.121845,-0.106667,0.051486,0.863825,0.741661
harvest_total,harvest_2010_00439,2010,2025,15,8,-0.008587,-0.008630,0.002551,0.026600,0.017552,-0.011412,-0.011287,0.004652,0.049864,0.039312,-0.002482,-0.002977,0.002928,0.025087,0.023932,-0.238384,-0.218235,0.061488,0.423810,0.175430,-0.085738,-0.081977,0.023808,0.172364,0.085230,-0.030827,-0.028921,0.007012,0.071383,0.039993,-0.074689,-0.061230,0.041622,0.703047,0.624454,-0.111513,-0.102848,0.038975,0.889416,0.768135
harvest_total,harvest_2010_01077,2010,2014,4,1,-0.019814,-0.019814,,0.034699,0.014885,-0.027802,-0.027802,,0.059710,0.031908,-0.022151,-0.022151,,0.042344,0.020193,-0.194315,-0.194315,,0.339358,0.145043,-0.132151,-0.132151,,0.202999,0.070848,-0.067018,-0.067018,,0.100493,0.033475,0.105425,0.105425,,0.552778,0.658203,0.004567,0.004567,,0.777118,0.781685
harvest_total,harvest_2010_01077,2010,2015,5,1,-0.010807,-0.010807,,0.028002,0.017195,-0.019374,-0.019374,,0.050154,0.030780,-0.020295,-0.020295,,0.038397,0.018102,-0.200475,-0.200475,,0.354373,0.153898,-0.125263,-0.125263,,0.205598,0.080335,-0.054973,-0.054973,,0.094580,0.039607,0.032477,0.032477,,0.580462,0.612939,-0.024089,-0.024089,,0.804468,0.780379
harvest_total,harvest_2010_01077,2010,2017,7,1,-0.012966,-0.012966,,0.028965,0.015999,-0.020680,-0.020680,,0.053935,0.033255,-0.014520,-0.014520,,0.036115,0.021595,-0.244049,-0.244049,,0.395650,0.151601,-0.122774,-0.122774,,0.204800,0.082026,-0.053638,-0.053638,,0.092297,0.038659,-0.041736,-0.041736,,0.635424,0.593688,-0.071828,-0.071828,,0.823361,0.751533
harvest_total,harvest_2010_01077,2010,2018,8,1,-0.005843,-0.005843,,0.036472,0.030629,-0.011894,-0.011894,,0.064825,0.052931,-0.006655,-0.006655,,0.044269,0.037614,-0.178764,-0.178764,,0.357659,0.178895,-0.081304,-0.081304,,0.166025,0.084721,-0.030167,-0.030167,,0.073061,0.042894,-0.047311,-0.047311,,0.661179,0.613868,-0.118879,-0.118879,,0.779898,0.661019
harvest_total,harvest_2010_01077,2010,2019,9,1,-0.016569,-0.016569,,0.033544,0.016975,-0.021203,-0.021203,,0.058583,0.037380,-0.010257,-0.010257,,0.034107,0.023850,-0.259696,-0.259696,,0.428306,0.168610,-0.111293,-0.111293,,0.198778,0.087485,-0.040219,-0.040219,,0.080459,0.040240,-0.075036,-0.075036,,0.689688,0.614652,-0.109190,-0.109190,,0.861346,0.752156
harvest_total,harvest_2010_01077,2010,2021,11,1,-0.010051,-0.010051,,0.031935,0.021884,-0.017009,-0.017009,,0.054623,0.037614,-0.008882,-0.008882,,0.032897,0.024015,-0.217222,-0.217222,,0.378902,0.161680,-0.100210,-0.100210,,0.179638,0.079428,-0.042061,-0.042061,,0.077585,0.035524,-0.018794,-0.018794,,0.660078,0.641284,-0.101014,-0.101014,,0.842269,0.741255
harvest_total,harvest_2010_01077,2010,2022,12,1,-0.004428,-0.004428,,0.017195,0.012767,-0.012678,-0.012678,,0.040570,0.027892,-0.003795,-0.003795,,0.020990,0.017195,-0.234850,-0.234850,,0.378655,0.143805,-0.081153,-0.081153,,0.160580,0.079427,-0.027335,-0.027335,,0.064550,0.037215,-0.094275,-0.094275,,0.708713,0.614438,-0.118197,-0.118197,,0.890067,0.771870
harvest_total,harvest_2010_01077,2010,2024,14,1,-0.006669,-0.006669,,0.024235,0.017566,-0.012471,-0.012471,,0.051185,0.038714,-0.002667,-0.002667,,0.026462,0.023795,-0.248517,-0.248517,,0.404340,0.155823,-0.073288,-0.073288,,0.162533,0.089245,-0.022454,-0.022454,,0.067383,0.044929,-0.163249,-0.163249,,0.714313,0.551064,-0.160093,-0.160093,,0.889086,0.728993
harvest_total,harvest_2010_01077,2010,2025,15,1,-0.012788,-0.012788,,0.024249,0.011461,-0.018507,-0.018507,,0.046427,0.027920,-0.007865,-0.007865,,0.025005,0.017140,-0.236761,-0.236761,,0.368356,0.131595,-0.077357,-0.077357,,0.151285,0.073928,-0.025038,-0.025038,,0.062652,0.037614,-0.153600,-0.153600,,0.708890,0.555290,-0.104539,-0.104539,,0.874420,0.769881
harvest_total,harvest_2010_01115,2010,2007,-3,1,0.006435,0.006435,,0.021210,0.027645,0.008442,0.008442,,0.044228,0.052670,0.015318,0.015318,,0.025280,0.040598,0.079366,0.079366,,0.189812,0.269178,0.035035,0.035035,,0.105002,0.140037,0.016143,0.016143,,0.050662,0.066805,0.021489,0.021489,,0.578646,0.600135,-0.024368,-0.024368,,0.758717,0.734349
harvest_total,harvest_2010_01115,2010,2008,-2,1,0.011275,0.011275,,0.019780,0.031055,0.019387,0.019387,,0.031523,0.050910,0.023457,0.023457,,0.020083,0.043540,0.112640,0.112640,,0.159590,0.272230,0.047493,0.047493,,0.089712,0.137205,0.020514,0.020514,,0.043458,0.063972,0.047679,0.047679,,0.571762,0.619441,-0.040181,-0.040181,,0.764411,0.724230
harvest_total,harvest_2010_01115,2010,2010,0,2,0.004717,0.004717,0.003753,0.037765,0.042482,0.009597,0.009597,0.005445,0.054362,0.063959,0.014610,0.014610,0.001468,0.038452,0.053062,0.083332,0.083332,0.005260,0.201968,0.285299,0.040810,0.040810,0.017734,0.118079,0.158889,0.018363,0.018363,0.014224,0.058047,0.076409,0.013728,0.013728,0.078513,0.567159,0.580886,0.010154,0.010154,0.018120,0.679907,0.690061
harvest_total,harvest_2010_01115,2010,2011,1,2,-0.017441,-0.017441,0.003160,0.047369,0.029928,-0.015462,-0.015462,0.002654,0.074724,0.059263,-0.035392,-0.035392,0.012367,0.079606,0.044214,0.042316,0.042316,0.004931,0.248725,0.291040,-0.127675,-0.127675,0.012863,0.266915,0.139240,-0.083223,-0.083223,0.005980,0.148247,0.065024,0.363866,0.363866,0.029708,0.273671,0.637537,0.224127,0.224127,0.040855,0.519093,0.743221
harvest_total,harvest_2010_01115,2010,2013,3,1,-0.010477,-0.010477,,0.032622,0.022145,-0.003383,-0.003383,,0.056135,0.052752,-0.013392,-0.013392,,0.049741,0.036349,0.036686,0.036686,,0.263402,0.300088,-0.071088,-0.071088,,0.198860,0.127772,-0.052428,-0.052428,,0.110172,0.057744,0.251337,0.251337,,0.399993,0.651330,0.093391,0.093391,,0.673582,0.766973
harvest_total,harvest_2010_01115,2010,2014,4,2,-0.016521,-0.016521,0.000224,0.040384,0.023863,-0.012107,-0.012107,0.003199,0.063938,0.051831,-0.017435,-0.017435,0.007662,0.053358,0.035922,-0.020790,-0.020790,0.009335,0.274691,0.253902,-0.087038,-0.087038,0.004337,0.207275,0.120237,-0.056183,-0.056183,0.009062,0.113267,0.057083,0.233399,0.233399,0.056155,0.407423,0.640822,0.087126,0.087126,0.040427,0.684826,0.771951
harvest_total,harvest_2010_01115,2010,2015,5,2,-0.008387,-0.008387,0.001031,0.033798,0.025411,-0.006731,-0.006731,0.001759,0.057819,0.051089,-0.010073,-0.010073,0.000846,0.047741,0.037668,-0.021601,-0.021601,0.030606,0.287458,0.265857,-0.068943,-0.068943,0.006533,0.200950,0.132007,-0.043965,-0.043965,0.014963,0.104899,0.060934,0.165331,0.165331,0.064589,0.458618,0.623949,0.030168,0.030168,0.017167,0.723438,0.753606
harvest_total,harvest_2010_01115,2010,2016,6,2,-0.010739,-0.010739,0.000292,0.032100,0.021361,-0.012072,-0.012072,0.000740,0.060019,0.047947,-0.015586,-0.015586,0.002985,0.048023,0.032437,-0.048723,-0.048723,0.001273,0.329319,0.280597,-0.066406,-0.066406,0.029198,0.194969,0.128563,-0.041023,-0.041023,0.017064,0.098650,0.057627,0.141979,0.141979,0.062999,0.524145,0.666124,0.046892,0.046892,0.022606,0.755682,0.802574
harvest_total,harvest_2010_01115,2010,2017,7,2,-0.011365,-0.011365,0.004307,0.033592,0.022227,-0.010058,-0.010058,0.007070,0.061106,0.051047,-0.016266,-0.016266,0.003695,0.056369,0.040102,-0.029638,-0.029638,0.000827,0.295096,0.265458,-0.069142,-0.069142,0.002168,0.204979,0.135836,-0.039490,-0.039490,0.005989,0.105057,0.065568,0.119772,0.119772,0.040430,0.483619,0.603390,0.059543,0.059543,0.019491,0.678595,0.738138
harvest_total,harvest_2010_01115,2010,2018,8,1,-0.011866,-0.011866,,0.035056,0.023190,-0.013338,-0.013338,,0.065320,0.051982,-0.017531,-0.017531,,0.049920,0.032389,-0.035255,-0.035255,,0.277730,0.242475,-0.077729,-0.077729,,0.190349,0.112620,-0.046420,-0.046420,,0.096601,0.050181,0.171780,0.171780,,0.478773,0.650553,0.067098,0.067098,,0.697185,0.764283
harvest_total,harvest_2010_01115,2010,2019,9,2,-0.010188,-0.010188,0.003850,0.035585,0.025397,-0.009096,-0.009096,0.006058,0.061505,0.052409,-0.009673,-0.009673,0.007866,0.045740,0.036067,-0.035248,-0.035248,0.010491,0.310647,0.275400,-0.058093,-0.058093,0.027612,0.191236,0.133142,-0.033907,-0.033907,0.015964,0.094910,0.061003,0.122076,0.122076,0.054270,0.536455,0.658531,0.038116,0.038116,0.021873,0.743389,0.781505
harvest_total,harvest_2010_01115,2010,2020,10,1,-0.009212,-0.009212,,0.023135,0.013923,-0.026332,-0.026332,,0.053454,0.027122,-0.019306,-0.019306,,0.040818,0.021512,-0.100897,-0.100897,,0.298960,0.198063,-0.081689,-0.081689,,0.163784,0.082095,-0.045664,-0.045664,,0.081861,0.036197,0.134159,0.134159,,0.556804,0.690963,0.050875,0.050875,,0.756501,0.807376
harvest_total,harvest_2010_01115,2010,2021,11,2,-0.010258,-0.010258,0.001944,0.031151,0.020893,-0.010456,-0.010456,0.005960,0.058686,0.048229,-0.014808,-0.014808,0.004258,0.048064,0.033256,-0.032574,-0.032574,0.025707,0.285918,0.253344,-0.066942,-0.066942,0.012844,0.182381,0.115438,-0.037338,-0.037338,0.007048,0.089053,0.051714,0.128924,0.128924,0.020555,0.536417,0.665342,0.053854,0.053854,0.000757,0.716481,0.770336
harvest_total,harvest_2010_01115,2010,2022,12,2,-0.005831,-0.005831,0.000252,0.024187,0.018356,-0.009646,-0.009646,0.003141,0.053089,0.043443,-0.009618,-0.009618,0.004949,0.039147,0.029528,-0.050765,-0.050765,0.007487,0.324095,0.273330,-0.056574,-0.056574,0.013038,0.173189,0.116615,-0.026338,-0.026338,0.006542,0.078046,0.051708,0.079320,0.079320,0.041479,0.605729,0.685048,0.021704,0.021704,0.019503,0.784514,0.806218
harvest_total,harvest_2010_01115,2010,2023,13,2,-0.004489,-0.004489,0.002090,0.030759,0.026270,0.012375,0.012375,0.001245,0.035565,0.047940,-0.005219,-0.005219,0.002596,0.040405,0.035186,0.142429,0.142429,0.007458,0.085918,0.228347,-0.013268,-0.013268,0.011044,0.133478,0.120210,-0.073735,-0.073735,0.002110,0.132524,0.058789,0.762068,0.762068,0.139770,-0.169602,0.592467,0.379532,0.379532,0.100079,0.358669,0.738201
harvest_total,harvest_2010_01115,2010,2024,14,2,-0.016954,-0.016954,0.002042,0.039979,0.023025,-0.006043,-0.006043,0.004443,0.055956,0.049913,-0.016425,-0.016425,0.000904,0.050731,0.034307,0.058768,0.058768,0.016840,0.189827,0.248594,-0.068097,-0.068097,0.002499,0.189414,0.121317,-0.078271,-0.078271,0.018483,0.135238,0.056967,0.482863,0.482863,0.201627,0.143518,0.626381,0.221823,0.221823,0.079159,0.543243,0.765066
harvest_total,harvest_2010_01115,2010,2025,15,2,-0.010677,-0.010677,0.000826,0.031983,0.021306,-0.003802,-0.003802,0.001857,0.050580,0.046778,-0.012182,-0.012182,0.003812,0.044517,0.032334,0.031605,0.031605,0.023752,0.219643,0.251248,-0.067623,-0.067623,0.000156,0.185138,0.117515,-0.053399,-0.053399,0.006194,0.110496,0.057097,0.283123,0.283123,0.093838,0.346028,0.629152,0.121087,0.121087,0.062220,0.647654,0.768741
harvest_total,harvest_2010_01132,2010,2007,-3,3,0.000495,0.002007,0.003525,0.020165,0.022090,-0.003053,-0.000046,0.005900,0.035634,0.036307,-0.001485,-0.000174,0.003685,0.027494,0.026270,-0.002324,0.000321,0.023973,0.175774,0.173450,-0.002530,-0.002012,0.007747,0.090125,0.080637,0.000014,-0.000963,0.003841,0.039223,0.034025,0.026297,0.012393,0.032085,0.631180,0.660022,-0.000263,-0.000027,0.013496,0.729877,0.717772
harvest_total,harvest_2010_01132,2010,2008,-2,1,-0.001402,-0.001402,,0.017717,0.016315,-0.003726,-0.003726,,0.032925,0.029199,-0.004112,-0.004112,,0.022283,0.018171,-0.030787,-0.030787,,0.142018,0.111231,-0.004896,-0.004896,,0.056603,0.051707,0.000220,0.000220,,0.024125,0.024345,-0.076762,-0.076762,,0.717307,0.640545,0.008656,0.008656,,0.728758,0.737414
harvest_total,harvest_2010_01132,2010,2010,0,3,-0.002599,-0.001714,0.002690,0.029817,0.027782,0.000386,0.003195,0.007572,0.038879,0.043568,-0.000825,0.002406,0.005824,0.028415,0.029652,-0.026978,-0.001274,0.047079,0.176393,0.159150,-0.013420,0.004505,0.032318,0.080844,0.066887,-0.003960,0.002347,0.012158,0.030670,0.025308,-0.023625,-0.006453,0.036576,0.690052,0.672144,-0.024378,-0.018841,0.039640,0.722358,0.703304
harvest_total,harvest_2010_01132,2010,2011,1,3,-0.029027,-0.029352,0.004869,0.046978,0.017594,-0.037222,-0.041438,0.010849,0.069912,0.028126,-0.066123,-0.071120,0.012747,0.088310,0.019024,-0.036396,-0.030800,0.036888,0.189400,0.153004,-0.180579,-0.195947,0.027408,0.283725,0.072841,-0.131464,-0.145567,0.025048,0.179088,0.031426,0.632226,0.612005,0.091476,0.031719,0.653205,0.391541,0.419191,0.048650,0.375938,0.766604
harvest_total,harvest_2010_01132,2010,2012,2,2,-0.044860,-0.044860,0.022139,0.061071,0.016212,-0.053928,-0.053928,0.022342,0.081517,0.027590,-0.075556,-0.075556,0.041943,0.094154,0.018597,-0.052917,-0.052917,0.013991,0.245514,0.192597,-0.245760,-0.245760,0.095429,0.341475,0.095715,-0.188464,-0.188464,0.091539,0.229075,0.040612,0.616332,0.616332,0.297867,0.037802,0.654134,0.393471,0.393471,0.262637,0.434394,0.827865
harvest_total,harvest_2010_01132,2010,2013,3,3,-0.031886,-0.026913,0.014494,0.042632,0.010746,-0.033756,-0.035406,0.014208,0.057785,0.024029,-0.052072,-0.046388,0.025248,0.065953,0.013881,-0.048757,-0.051117,0.007841,0.192040,0.143283,-0.188101,-0.176372,0.053519,0.254053,0.065952,-0.141006,-0.131835,0.047874,0.171332,0.030326,0.663488,0.567878,0.257716,-0.002571,0.660917,0.385817,0.305222,0.197372,0.442874,0.821961
harvest_total,harvest_2010_01132,2010,2014,4,3,-0.037358,-0.034054,0.017784,0.051542,0.014184,-0.038446,-0.036506,0.015744,0.069528,0.031082,-0.052703,-0.046850,0.022744,0.071562,0.018859,-0.049445,-0.049812,0.003493,0.214948,0.168431,-0.203541,-0.191304,0.059147,0.277125,0.073584,-0.144513,-0.132477,0.059400,0.176915,0.032402,0.567864,0.510421,0.254776,0.093985,0.664229,0.303166,0.251665,0.152792,0.499590,0.802756
harvest_total,harvest_2010_01132,2010,2015,5,3,-0.025987,-0.027252,0.016508,0.043100,0.017113,-0.033276,-0.033665,0.017363,0.064138,0.030862,-0.039820,-0.038926,0.026143,0.063752,0.023932,-0.073714,-0.074117,0.007268,0.236081,0.162367,-0.174694,-0.177604,0.070713,0.266744,0.092050,-0.122114,-0.118860,0.056720,0.163976,0.041862,0.409457,0.397279,0.261447,0.190956,0.661515,0.183185,0.184647,0.167133,0.574862,0.797458
harvest_total,harvest_2010_01132,2010,2017,7,3,-0.020391,-0.019703,0.016758,0.034795,0.014404,-0.031927,-0.031872,0.016802,0.062996,0.031069,-0.034939,-0.033169,0.026116,0.057799,0.022860,-0.118828,-0.116687,0.009472,0.279160,0.160332,-0.153849,-0.160733,0.075832,0.255579,0.101730,-0.099646,-0.101003,0.058766,0.150914,0.051268,0.226301,0.275065,0.242079,0.304055,0.638242,0.096534,0.105929,0.117605,0.655840,0.752374
harvest_total,harvest_2010_01132,2010,2018,8,3,-0.022935,-0.027078,0.016872,0.047995,0.023328,-0.036726,-0.032537,0.019358,0.073226,0.036500,-0.032561,-0.033775,0.023434,0.065513,0.032760,-0.089087,-0.099848,0.019757,0.281924,0.192837,-0.130872,-0.138004,0.058654,0.232327,0.101455,-0.089636,-0.086007,0.045909,0.133671,0.044035,0.254782,0.233872,0.182879,0.351873,0.606655,0.097562,0.093436,0.120519,0.618034,0.739097
harvest_total,harvest_2010_01132,2010,2019,9,3,-0.016280,-0.015295,0.017119,0.034493,0.018213,-0.028119,-0.026863,0.020585,0.062955,0.034836,-0.027252,-0.023787,0.027909,0.054677,0.027425,-0.120106,-0.123961,0.014638,0.296375,0.176269,-0.098766,-0.110472,0.077732,0.221382,0.122616,-0.059372,-0.065596,0.054853,0.121447,0.062075,0.041333,0.120359,0.174143,0.430585,0.608278,0.022653,0.020044,0.109760,0.698402,0.743475
harvest_total,harvest_2010_01132,2010,2020,10,3,-0.018672,-0.018484,0.012191,0.040267,0.021595,-0.031955,-0.029026,0.017966,0.065677,0.033722,-0.031350,-0.026074,0.021360,0.051845,0.020495,-0.151827,-0.135671,0.035546,0.326680,0.174853,-0.096168,-0.098680,0.066008,0.198145,0.101977,-0.070592,-0.060876,0.043529,0.117212,0.046620,0.108358,0.104238,0.107821,0.470642,0.629999,0.056795,0.028155,0.074264,0.725310,0.782105
harvest_total,harvest_2010_01132,2010,2022,12,3,-0.007769,-0.009460,0.003159,0.023974,0.016205,-0.020460,-0.017944,0.007284,0.048614,0.029790,-0.014947,-0.013768,0.007338,0.035098,0.020275,-0.133224,-0.127051,0.011879,0.296018,0.161446,-0.074374,-0.073214,0.024805,0.169188,0.094814,-0.033385,-0.035773,0.017809,0.078204,0.044819,-0.001097,0.023692,0.059846,0.585468,0.608902,-0.000669,0.002590,0.010442,0.787607,0.781774
harvest_total,harvest_2010_01132,2010,2023,13,3,-0.009969,-0.011385,0.005146,0.028071,0.018102,-0.021574,-0.017838,0.009809,0.050814,0.029240,-0.016486,-0.014534,0.010084,0.037586,0.021100,-0.113094,-0.099903,0.029360,0.271364,0.151010,-0.064406,-0.063333,0.032312,0.152138,0.087732,-0.035957,-0.031318,0.020850,0.075894,0.039937,-0.023866,-0.011250,0.048839,0.585715,0.575942,-0.001968,0.001051,0.009208,0.763448,0.757180
harvest_total,harvest_2010_01132,2010,2024,14,3,-0.006545,-0.005839,0.002007,0.023877,0.017855,-0.009130,-0.011147,0.003929,0.046565,0.035675,-0.007452,-0.007929,0.004529,0.032567,0.022832,-0.105326,-0.098588,0.013101,0.282873,0.175925,-0.031652,-0.035191,0.020498,0.140203,0.110503,-0.006957,-0.012274,0.011596,0.061057,0.052835,-0.050557,-0.050044,0.045764,0.627994,0.584441,-0.022857,-0.034091,0.020123,0.799228,0.741905
harvest_total,harvest_2010_01132,2010,2025,15,3,-0.000948,-0.002823,0.004440,0.022021,0.020124,-0.004057,-0.008814,0.010571,0.046813,0.041051,0.000757,-0.002828,0.008481,0.030587,0.027631,-0.108062,-0.107525,0.007872,0.311184,0.203122,-0.017902,-0.030314,0.022312,0.134194,0.117226,-0.004606,-0.011445,0.015287,0.062213,0.056025,-0.076193,-0.060310,0.061496,0.645281,0.600442,-0.061609,-0.048682,0.034088,0.813357,0.771998
harvest_total,harvest_2011_00040,2011,2008,-3,1,-0.003850,-0.003850,,0.033173,0.029323,-0.002530,-0.002530,,0.052203,0.049673,-0.007906,-0.007906,,0.041147,0.033241,0.053542,0.053542,,0.236315,0.289857,0.014603,0.014603,,0.101207,0.115810,0.009130,0.009130,,0.043361,0.052491,0.005147,0.005147,,0.701182,0.706329,0.076449,0.076449,,0.714128,0.790577
harvest_total,harvest_2011_00040,2011,2011,0,1,0.004428,0.004428,,0.020907,0.025335,0.004661,0.004661,,0.037435,0.042096,0.001292,0.001292,,0.023905,0.025197,0.061958,0.061958,,0.238790,0.300748,0.007562,0.007562,,0.106818,0.114380,-0.001471,-0.001471,,0.044970,0.043499,0.057275,0.057275,,0.693498,0.750773,0.030416,0.030416,,0.818458,0.848874
harvest_total,harvest_2011_00040,2011,2012,1,1,-0.019470,-0.019470,,0.028305,0.008835,-0.006022,-0.006022,,0.035867,0.029845,-0.009075,-0.009075,,0.026215,0.017140,0.059124,0.059124,,0.203618,0.262742,-0.002337,-0.002337,,0.100960,0.098623,-0.004345,-0.004345,,0.041780,0.037435,0.093124,0.093124,,0.657457,0.750581,0.105643,0.105643,,0.771877,0.877520
harvest_total,harvest_2011_00040,2011,2013,2,1,-0.000138,-0.000138,,0.020770,0.020632,-0.001128,-0.001128,,0.037903,0.036775,-0.000137,-0.000137,,0.020907,0.020770,0.034046,0.034046,,0.217367,0.251413,0.003960,0.003960,,0.093040,0.097000,0.006696,0.006696,,0.036060,0.042756,0.004055,0.004055,,0.697736,0.701791,0.002847,0.002847,,0.824510,0.827357
harvest_total,harvest_2011_00040,2011,2014,3,1,-0.000591,-0.000591,,0.022585,0.021994,0.001375,0.001375,,0.042055,0.043430,-0.001980,-0.001980,,0.024922,0.022942,0.047933,0.047933,,0.237662,0.285595,0.003465,0.003465,,0.103820,0.107285,-0.000935,-0.000935,,0.045602,0.044667,0.064897,0.064897,,0.677265,0.742162,0.045929,0.045929,,0.799886,0.845815
harvest_total,harvest_2011_00040,2011,2015,4,1,0.002227,0.002227,,0.020055,0.022282,0.000894,0.000894,,0.038672,0.039566,0.000069,0.000069,,0.022530,0.022599,0.062838,0.062838,,0.206697,0.269535,0.007989,0.007989,,0.087540,0.095529,-0.000358,-0.000358,,0.039195,0.038837,0.064641,0.064641,,0.683473,0.748114,0.036831,0.036831,,0.809222,0.846053
harvest_total,harvest_2011_00040,2011,2016,5,1,0.008401,0.008401,,0.020110,0.028511,0.006751,0.006751,,0.038288,0.045039,0.007411,0.007411,,0.023025,0.030436,0.049129,0.049129,,0.223060,0.272189,0.010931,0.010931,,0.087678,0.098609,0.006517,0.006517,,0.038288,0.044805,0.008806,0.008806,,0.715625,0.724431,-0.006899,-0.006899,,0.812492,0.805593
harvest_total,harvest_2011_00040,2011,2017,6,1,-0.001980,-0.001980,,0.025445,0.023465,0.000866,0.000866,,0.046675,0.047541,-0.001773,-0.001773,,0.029542,0.027769,0.026647,0.026647,,0.229055,0.255702,-0.002640,-0.002640,,0.097743,0.095103,-0.000908,-0.000908,,0.040653,0.039745,0.035989,0.035989,,0.700086,0.736075,0.035403,0.035403,,0.769562,0.804965
harvest_total,harvest_2011_00040,2011,2018,7,1,-0.009405,-0.009405,,0.028071,0.018666,-0.003204,-0.003204,,0.046854,0.043650,-0.003534,-0.003534,,0.026559,0.023025,0.018384,0.018384,,0.265987,0.284371,0.007782,0.007782,,0.097330,0.105112,0.003630,0.003630,,0.042412,0.046042,0.024213,0.024213,,0.726908,0.751121,0.033064,0.033064,,0.808346,0.841410
harvest_total,harvest_2011_00040,2011,2019,8,1,-0.001637,-0.001637,,0.022448,0.020811,0.000386,0.000386,,0.039387,0.039773,0.000124,0.000124,,0.024510,0.024634,0.031528,0.031528,,0.239368,0.270896,0.011110,0.011110,,0.091720,0.102830,0.003052,0.003052,,0.039800,0.042852,0.012727,0.012727,,0.711663,0.724390,0.026715,0.026715,,0.802776,0.829491
harvest_total,harvest_2011_00040,2011,2022,11,1,-0.003616,-0.003616,,0.020646,0.017030,-0.005252,-0.005252,,0.035482,0.030230,-0.003987,-0.003987,,0.024400,0.020413,-0.037414,-0.037414,,0.212734,0.175320,0.002640,0.002640,,0.083113,0.085753,0.006916,0.006916,,0.035084,0.042000,-0.093058,-0.093058,,0.710437,0.617379,-0.008464,-0.008464,,0.791220,0.782756
harvest_total,harvest_2011_00040,2011,2023,12,1,-0.004867,-0.004867,,0.030436,0.025569,-0.006504,-0.006504,,0.048916,0.042412,-0.001691,-0.001691,,0.030367,0.028676,-0.023581,-0.023581,,0.227845,0.204264,0.010505,0.010505,,0.100589,0.111094,0.008113,0.008113,,0.044076,0.052189,-0.075712,-0.075712,,0.675737,0.600025,-0.001251,-0.001251,,0.757799,0.756548
harvest_total,harvest_2011_00040,2011,2024,13,1,0.000825,0.000825,,0.027659,0.028484,0.000866,0.000866,,0.041478,0.042344,0.003410,0.003410,,0.028828,0.032238,0.019415,0.019415,,0.166163,0.185578,0.026359,0.026359,,0.091307,0.117666,0.016321,0.016321,,0.041739,0.058060,-0.071759,-0.071759,,0.587718,0.515959,0.011226,0.011226,,0.699510,0.710736
harvest_total,harvest_2011_00040,2011,2025,14,1,-0.001568,-0.001568,,0.023383,0.021815,-0.009130,-0.009130,,0.045822,0.036692,-0.003437,-0.003437,,0.027727,0.024290,0.004345,0.004345,,0.203948,0.208293,0.020336,0.020336,,0.091335,0.111671,0.013474,0.013474,,0.041313,0.054787,-0.055059,-0.055059,,0.645562,0.590503,0.002253,0.002253,,0.769894,0.772147
harvest_total,harvest_2011_00051,2011,2008,-3,1,-0.006545,-0.006545,,0.030587,0.024042,-0.012100,-0.012100,,0.050662,0.038562,-0.005555,-0.005555,,0.035730,0.030175,-0.178585,-0.178585,,0.350550,0.171965,-0.109202,-0.109202,,0.190142,0.080940,-0.040893,-0.040893,,0.079483,0.038590,0.003520,0.003520,,0.629925,0.633445,-0.109206,-0.109206,,0.810651,0.701445
harvest_total,harvest_2011_00051,2011,2010,-1,1,-0.012788,-0.012788,,0.027590,0.014802,-0.015648,-0.015648,,0.049315,0.033667,-0.011303,-0.011303,,0.028745,0.017442,-0.192170,-0.192170,,0.377555,0.185385,-0.114812,-0.114812,,0.198447,0.083635,-0.041250,-0.041250,,0.074037,0.032787,0.031311,0.031311,,0.672105,0.703416,-0.028310,-0.028310,,0.858504,0.830194
harvest_total,harvest_2011_00051,2011,2011,0,1,-0.000467,-0.000467,,0.020880,0.020413,-0.001265,-0.001265,,0.042330,0.041065,0.000275,0.000275,,0.025390,0.025665,-0.199527,-0.199527,,0.398194,0.198667,-0.103552,-0.103552,,0.193979,0.090427,-0.035544,-0.035544,,0.074601,0.039057,-0.010273,-0.010273,,0.684561,0.674288,-0.109069,-0.109069,,0.880705,0.771636
harvest_total,harvest_2011_00051,2011,2013,2,1,-0.001541,-0.001541,,0.020193,0.018652,0.001183,0.001183,,0.036390,0.037573,-0.006133,-0.006133,,0.026353,0.020220,-0.170349,-0.170349,,0.341489,0.171140,-0.087889,-0.087889,,0.165557,0.077668,-0.028504,-0.028504,,0.067286,0.038782,-0.021752,-0.021752,,0.673025,0.651273,-0.068358,-0.068358,,0.856846,0.788488
harvest_total,harvest_2011_00051,2011,2014,3,1,-0.006311,-0.006311,,0.023960,0.017649,-0.008979,-0.008979,,0.047981,0.039002,-0.005610,-0.005610,,0.029542,0.023932,-0.202909,-0.202909,,0.390755,0.187846,-0.101131,-0.101131,,0.187874,0.086743,-0.039257,-0.039257,,0.078754,0.039497,-0.015884,-0.015884,,0.672144,0.656260,-0.094811,-0.094811,,0.866421,0.771610
harvest_total,harvest_2011_00051,2011,2015,4,1,-0.001939,-0.001939,,0.021650,0.019711,-0.002626,-0.002626,,0.034685,0.032059,-0.005968,-0.005968,,0.027920,0.021952,-0.184072,-0.184072,,0.357728,0.173656,-0.105325,-0.105325,,0.183350,0.078025,-0.037881,-0.037881,,0.074367,0.036486,-0.020679,-0.020679,,0.668541,0.647862,-0.083685,-0.083685,,0.850271,0.766586
harvest_total,harvest_2011_00051,2011,2016,5,1,-0.011000,-0.011000,,0.029103,0.018103,-0.007521,-0.007521,,0.048105,0.040584,0.001210,0.001210,,0.025142,0.026352,-0.269473,-0.269473,,0.453428,0.183955,-0.107209,-0.107209,,0.193965,0.086756,-0.035708,-0.035708,,0.078437,0.042729,-0.092154,-0.092154,,0.704925,0.612771,-0.154968,-0.154968,,0.894878,0.739910
harvest_total,harvest_2011_00051,2011,2017,6,1,-0.004936,-0.004936,,0.024771,0.019835,-0.010134,-0.010134,,0.051364,0.041230,-0.002283,-0.002283,,0.027260,0.024977,-0.234520,-0.234520,,0.407008,0.172488,-0.119969,-0.119969,,0.200359,0.080390,-0.040398,-0.040398,,0.082975,0.042577,-0.069597,-0.069597,,0.681601,0.612004,-0.087048,-0.087048,,0.859312,0.772264
harvest_total,harvest_2011_00051,2011,2018,7,1,-0.010986,-0.010986,,0.028305,0.017319,-0.010257,-0.010257,,0.048737,0.038480,-0.003177,-0.003177,,0.025803,0.022626,-0.234864,-0.234864,,0.446855,0.211991,-0.099577,-0.099577,,0.191875,0.092298,-0.031942,-0.031942,,0.075358,0.043416,-0.051291,-0.051291,,0.711287,0.659996,-0.088861,-0.088861,,0.894307,0.805446
harvest_total,harvest_2011_00051,2011,2019,8,1,-0.012087,-0.012087,,0.031014,0.018927,-0.013214,-0.013214,,0.050209,0.036995,-0.005679,-0.005679,,0.029446,0.023767,-0.179396,-0.179396,,0.385736,0.206340,-0.092579,-0.092579,,0.192301,0.099722,-0.039257,-0.039257,,0.082329,0.043072,-0.007472,-0.007472,,0.647820,0.640348,-0.087798,-0.087798,,0.858153,0.770355
harvest_total,harvest_2011_00051,2011,2020,9,1,-0.015290,-0.015290,,0.030697,0.015407,-0.013585,-0.013585,,0.046510,0.032925,-0.005527,-0.005527,,0.025775,0.020248,-0.178365,-0.178365,,0.354785,0.176420,-0.099935,-0.099935,,0.184835,0.084900,-0.038006,-0.038006,,0.077448,0.039442,0.033204,0.033204,,0.601308,0.634512,-0.052678,-0.052678,,0.846858,0.794180
harvest_total,harvest_2011_00051,2011,2022,11,1,0.000096,0.000096,,0.016425,0.016521,-0.010023,-0.010023,,0.036087,0.026064,-0.005541,-0.005541,,0.022145,0.016604,-0.187757,-0.187757,,0.340073,0.152316,-0.091589,-0.091589,,0.167428,0.075839,-0.028379,-0.028379,,0.063202,0.034823,-0.067170,-0.067170,,0.686601,0.619431,-0.083936,-0.083936,,0.873228,0.789292
harvest_total,harvest_2011_00051,2011,2023,12,1,-0.009803,-0.009803,,0.027122,0.017319,0.001788,0.001788,,0.043540,0.045328,0.001238,0.001238,,0.025431,0.026669,-0.114661,-0.114661,,0.305450,0.190789,-0.071143,-0.071143,,0.163509,0.092366,-0.028243,-0.028243,,0.071604,0.043361,0.001328,0.001328,,0.623997,0.625325,-0.070676,-0.070676,,0.832356,0.761680
harvest_total,harvest_2011_00051,2011,2024,13,1,-0.012746,-0.012746,,0.031371,0.018625,-0.010560,-0.010560,,0.047060,0.036500,-0.004166,-0.004166,,0.029006,0.024840,-0.156338,-0.156338,,0.327780,0.171442,-0.091561,-0.091561,,0.180751,0.089190,-0.032134,-0.032134,,0.077379,0.045245,-0.030670,-0.030670,,0.620490,0.589820,-0.080586,-0.080586,,0.835549,0.754963
harvest_total,harvest_2011_00051,2011,2025,14,1,-0.002998,-0.002998,,0.020935,0.017937,-0.003630,-0.003630,,0.041340,0.037710,-0.000853,-0.000853,,0.023630,0.022777,-0.129195,-0.129195,,0.308475,0.179280,-0.088276,-0.088276,,0.175403,0.087127,-0.035283,-0.035283,,0.075880,0.040597,0.013724,0.013724,,0.605157,0.618881,-0.078072,-0.078072,,0.857802,0.779730
harvest_total,harvest_2012_00017,2012,2011,-1,1,-0.019937,-0.019937,,0.040212,0.020275,-0.026358,-0.026358,,0.063986,0.037628,-0.019209,-0.019209,,0.043251,0.024042,-0.073094,-0.073094,,0.365372,0.292278,-0.024599,-0.024599,,0.180091,0.155492,-0.006036,-0.006036,,0.070504,0.064468,-0.019797,-0.019797,,0.658376,0.638579,0.055385,0.055385,,0.801027,0.856412
harvest_total,harvest_2012_00017,2012,2012,0,1,-0.010780,-0.010780,,0.040020,0.029240,-0.023046,-0.023046,,0.065238,0.042192,-0.027720,-0.027720,,0.066434,0.038714,-0.000233,-0.000233,,0.242626,0.242393,-0.038239,-0.038239,,0.204635,0.166396,-0.032257,-0.032257,,0.108151,0.075894,0.139748,0.139748,,0.383363,0.523111,0.154467,0.154467,,0.570090,0.724557
harvest_total,harvest_2012_00017,2012,2013,1,2,-0.000673,-0.000673,0.015129,0.028325,0.027652,-0.007790,-0.007790,0.011832,0.054753,0.046963,-0.011000,-0.011000,0.018045,0.043465,0.032465,-0.022488,-0.022488,0.065542,0.300355,0.277867,-0.026627,-0.026627,0.023052,0.171305,0.144678,-0.019085,-0.019085,0.021039,0.086460,0.067376,0.056014,0.056014,0.172081,0.552517,0.608532,0.049526,0.049526,0.146684,0.738247,0.787773
harvest_total,harvest_2012_00017,2012,2014,2,2,-0.006806,-0.006806,0.011647,0.031440,0.024634,-0.017785,-0.017785,0.002576,0.067018,0.049232,-0.012024,-0.012024,0.013758,0.044454,0.032430,-0.050985,-0.050985,0.054447,0.347649,0.296664,-0.023409,-0.023409,0.041914,0.175753,0.152344,-0.011798,-0.011798,0.028935,0.084171,0.072374,0.023355,0.023355,0.173438,0.599939,0.623294,0.040084,0.040084,0.108480,0.767508,0.807592
harvest_total,harvest_2012_00017,2012,2015,3,2,-0.007137,-0.007137,0.009257,0.029852,0.022715,-0.011392,-0.011392,0.004540,0.052512,0.041120,-0.008085,-0.008085,0.009100,0.037690,0.029605,-0.046538,-0.046538,0.030131,0.314306,0.267768,-0.014368,-0.014368,0.024249,0.161301,0.146933,-0.006435,-0.006435,0.025766,0.072360,0.065925,-0.003266,-0.003266,0.151287,0.618276,0.615010,0.022305,0.022305,0.078394,0.779141,0.801446
harvest_total,harvest_2012_00017,2012,2016,4,2,-0.006511,-0.006511,0.012456,0.035139,0.028628,-0.016224,-0.016224,0.011279,0.072484,0.056259,-0.023430,-0.023430,0.021195,0.057111,0.033682,-0.022812,-0.022812,0.022265,0.350509,0.327697,-0.009975,-0.009975,0.044773,0.163756,0.153781,-0.011577,-0.011577,0.030258,0.086633,0.075055,0.048154,0.048154,0.142536,0.601085,0.649239,0.115615,0.115615,0.109188,0.717955,0.833570
harvest_total,harvest_2012_00017,2012,2017,5,2,-0.004008,-0.004008,0.007846,0.025975,0.021966,-0.012808,-0.012808,0.009150,0.060418,0.047610,-0.006738,-0.006738,0.013417,0.037820,0.031082,-0.044681,-0.044681,0.019552,0.361708,0.317028,-0.007357,-0.007357,0.031696,0.166122,0.158765,-0.007597,-0.007597,0.029858,0.078527,0.070930,-0.010729,-0.010729,0.127365,0.650856,0.640127,0.026111,0.026111,0.092112,0.803345,0.829456
harvest_total,harvest_2012_00017,2012,2019,7,2,-0.000880,-0.000880,0.000117,0.028023,0.027143,-0.005438,-0.005438,0.000496,0.055798,0.050360,0.000378,0.000378,0.002674,0.034169,0.034547,-0.055323,-0.055323,0.026475,0.368301,0.312978,0.009508,0.009508,0.023635,0.160703,0.170212,0.007054,0.007054,0.012465,0.070793,0.077846,-0.086732,-0.086732,0.077424,0.687169,0.600437,-0.026268,-0.026268,0.038512,0.829879,0.803611
harvest_total,harvest_2012_00017,2012,2020,8,2,0.000213,0.000213,0.005028,0.027143,0.027356,-0.002166,-0.002166,0.001021,0.049913,0.047747,0.000536,0.000536,0.001614,0.030395,0.030931,-0.036513,-0.036513,0.034039,0.326563,0.290050,0.000941,0.000941,0.037482,0.154798,0.155740,0.007226,0.007226,0.022333,0.064722,0.071947,-0.070929,-0.070929,0.129363,0.671474,0.600545,-0.025364,-0.025364,0.028949,0.829900,0.804536
harvest_total,harvest_2012_00017,2012,2021,9,2,0.004262,0.004262,0.004939,0.028443,0.032705,-0.003479,-0.003479,0.005503,0.059036,0.055557,0.003795,0.003795,0.002294,0.036253,0.040047,-0.035172,-0.035172,0.003189,0.311074,0.275902,0.017518,0.017518,0.038580,0.149236,0.166754,0.011096,0.011096,0.025143,0.065609,0.076705,-0.082202,-0.082202,0.096933,0.665076,0.582874,-0.013341,-0.013341,0.001718,0.791743,0.778401
harvest_total,harvest_2012_00017,2012,2022,10,2,-0.000440,-0.000440,0.002333,0.020234,0.019793,-0.006202,-0.006202,0.004492,0.046090,0.039889,-0.001678,-0.001678,0.005211,0.028126,0.026448,-0.015304,-0.015304,0.010481,0.302295,0.286991,0.028490,0.028490,0.032123,0.126315,0.154805,0.012375,0.012375,0.022868,0.053949,0.066324,-0.092469,-0.092469,0.092158,0.704039,0.611569,-0.023410,-0.023410,0.024030,0.835048,0.811638
harvest_total,harvest_2012_00017,2012,2023,11,2,0.006573,0.006573,0.002373,0.025912,0.032485,0.001939,0.001939,0.003947,0.051501,0.053441,0.004703,0.004703,0.002177,0.029460,0.034162,-0.012960,-0.012960,0.015313,0.318843,0.305883,0.023032,0.023032,0.054350,0.151244,0.174275,0.013902,0.013902,0.024054,0.065526,0.079427,-0.093310,-0.093310,0.075793,0.682075,0.588765,-0.027709,-0.027709,0.012198,0.832374,0.804665
harvest_total,harvest_2012_00017,2012,2024,12,2,0.003430,0.003430,0.003801,0.023211,0.026641,-0.000770,-0.000770,0.003889,0.048243,0.047473,0.003589,0.003589,0.004103,0.029831,0.033420,-0.011454,-0.011454,0.003870,0.278926,0.267473,0.009426,0.009426,0.033787,0.134929,0.144355,0.009632,0.009632,0.020466,0.060157,0.069789,-0.076236,-0.076236,0.093886,0.664794,0.588558,-0.034240,-0.034240,0.011755,0.811090,0.776849
harvest_total,harvest_2012_00017,2012,2025,13,2,0.001849,0.001849,0.003490,0.023032,0.024881,0.002922,0.002922,0.001799,0.049940,0.052862,0.006531,0.006531,0.001575,0.028154,0.034685,-0.036939,-0.036939,0.012532,0.329904,0.292965,0.017456,0.017456,0.033961,0.138670,0.156126,0.015661,0.015661,0.019990,0.056946,0.072607,-0.093673,-0.093673,0.113772,0.710444,0.616770,-0.038078,-0.038078,0.010744,0.842535,0.804458
harvest_total,harvest_2012_00062,2012,2012,0,4,-0.018769,-0.020412,0.004877,0.045926,0.026077,-0.030381,-0.027937,0.009916,0.065760,0.037077,-0.060747,-0.061287,0.015207,0.085394,0.026875,0.060589,0.045619,0.047144,0.202958,0.277826,-0.151704,-0.156839,0.045484,0.288702,0.137576,-0.127606,-0.125101,0.022971,0.178345,0.054430,0.607083,0.578747,0.071368,0.065265,0.652368,0.403483,0.408213,0.054925,0.400574,0.799167
harvest_total,harvest_2012_00062,2012,2014,2,5,-0.024145,-0.023969,0.005527,0.044887,0.024139,-0.022385,-0.022580,0.008461,0.063106,0.043430,-0.044083,-0.039911,0.009062,0.064825,0.024537,0.043588,0.037166,0.082503,0.222070,0.275049,-0.108364,-0.120931,0.051942,0.244441,0.136559,-0.085828,-0.094226,0.024386,0.148975,0.063147,0.445536,0.460738,0.054997,0.197730,0.643266,0.252558,0.267458,0.048994,0.548202,0.789537
harvest_total,harvest_2012_00062,2012,2015,3,5,-0.024502,-0.025710,0.005964,0.049177,0.024675,-0.019745,-0.024302,0.007139,0.067616,0.045396,-0.031323,-0.032288,0.007503,0.061333,0.027439,0.010120,-0.005261,0.065193,0.255758,0.274705,-0.086749,-0.112913,0.054458,0.234803,0.143612,-0.077467,-0.086364,0.026866,0.141852,0.063918,0.364118,0.369122,0.065751,0.262770,0.636146,0.183672,0.180410,0.029387,0.610927,0.762109
harvest_total,harvest_2012_00062,2012,2016,4,4,-0.020817,-0.023189,0.007196,0.042914,0.021513,-0.026056,-0.025492,0.011035,0.064028,0.037711,-0.048710,-0.049064,0.009269,0.077186,0.025692,0.030862,0.031274,0.074453,0.221623,0.246717,-0.139541,-0.139758,0.047270,0.257833,0.118292,-0.115748,-0.114723,0.024730,0.170528,0.055062,0.521768,0.516566,0.016482,0.119244,0.641012,0.313416,0.318530,0.014219,0.479421,0.791694
harvest_total,harvest_2012_00062,2012,2017,5,3,-0.018768,-0.019520,0.008563,0.041711,0.022943,-0.010217,-0.015666,0.011309,0.061167,0.049590,-0.032890,-0.032711,0.013414,0.061841,0.028085,0.081455,0.056884,0.102531,0.220448,0.301903,-0.047341,-0.081088,0.082032,0.198654,0.151313,-0.046654,-0.067760,0.045717,0.114311,0.067657,0.307227,0.350267,0.085367,0.315591,0.650974,0.232485,0.225103,0.034589,0.570361,0.802846
harvest_total,harvest_2012_00062,2012,2018,6,4,-0.025403,-0.025238,0.006185,0.044585,0.019182,-0.026689,-0.023348,0.011013,0.064743,0.038356,-0.034203,-0.031347,0.008717,0.056919,0.022715,-0.032215,-0.032577,0.059807,0.266991,0.234281,-0.105422,-0.105704,0.042235,0.221300,0.113981,-0.075185,-0.075652,0.019809,0.127387,0.051418,0.298838,0.300909,0.011521,0.342850,0.641687,0.144543,0.152917,0.033805,0.657671,0.791868
harvest_total,harvest_2012_00062,2012,2019,7,5,-0.015262,-0.016296,0.006521,0.037930,0.022668,-0.025025,-0.025259,0.010027,0.065568,0.040377,-0.034100,-0.031592,0.008542,0.059298,0.025060,-0.014053,-0.045122,0.065800,0.300170,0.306000,-0.093376,-0.105740,0.048581,0.241279,0.148494,-0.069672,-0.073557,0.021099,0.131898,0.062226,0.238846,0.234750,0.032354,0.396826,0.635672,0.105102,0.121648,0.027515,0.668305,0.773115
harvest_total,harvest_2012_00062,2012,2020,8,2,-0.016033,-0.016033,0.010889,0.036679,0.020646,-0.025699,-0.025699,0.010247,0.060452,0.034753,-0.025932,-0.025932,0.007584,0.048559,0.022627,-0.078485,-0.078485,0.089566,0.302700,0.224214,-0.084865,-0.084865,0.064209,0.203879,0.119013,-0.053748,-0.053748,0.026543,0.106116,0.052367,0.128045,0.128045,0.023921,0.495121,0.623167,0.073781,0.073781,0.036439,0.727161,0.800943
harvest_total,harvest_2012_00062,2012,2022,10,5,-0.010863,-0.010120,0.003831,0.027906,0.018240,-0.018975,-0.018645,0.007607,0.053275,0.034300,-0.020501,-0.018422,0.006985,0.040542,0.020110,-0.042872,-0.083080,0.077862,0.316464,0.264008,-0.044083,-0.064518,0.037980,0.179170,0.131540,-0.026648,-0.033861,0.016334,0.083016,0.057922,0.044590,0.048034,0.026670,0.583148,0.650013,0.025911,0.038046,0.037185,0.768441,0.792127
harvest_total,harvest_2012_00062,2012,2023,11,4,-0.016005,-0.015180,0.003933,0.038480,0.023093,-0.004874,-0.003365,0.006530,0.048325,0.046785,-0.018858,-0.019037,0.004011,0.046207,0.026125,0.117935,0.123407,0.053190,0.133177,0.286242,-0.027508,-0.024352,0.024163,0.158745,0.144464,-0.063827,-0.064295,0.025923,0.124170,0.061511,0.585549,0.567548,0.302988,0.040572,0.639355,0.317899,0.315340,0.155544,0.488413,0.806312
harvest_total,harvest_2012_00062,2012,2024,12,5,-0.017407,-0.018232,0.006608,0.038507,0.022668,-0.013805,-0.016398,0.011683,0.054210,0.040405,-0.016280,-0.021664,0.010728,0.048820,0.024345,0.006766,0.003823,0.062312,0.208788,0.267253,-0.044454,-0.063236,0.036270,0.181810,0.139873,-0.059180,-0.064556,0.028677,0.123730,0.061580,0.310144,0.286905,0.100784,0.241428,0.609866,0.151154,0.142680,0.028921,0.615057,0.765777
harvest_total,harvest_2012_00062,2012,2025,13,5,-0.006380,-0.007956,0.006717,0.025280,0.018900,-0.011935,-0.009281,0.012503,0.048270,0.036335,-0.016610,-0.017484,0.011984,0.040226,0.024056,-0.007123,-0.011685,0.060956,0.251358,0.279298,-0.047314,-0.060335,0.048210,0.183914,0.136600,-0.048399,-0.055542,0.030826,0.111327,0.060260,0.240256,0.227947,0.079722,0.352021,0.645162,0.089770,0.095609,0.019061,0.701933,0.791703
harvest_total,harvest_2012_00284,2012,2010,-2,1,0.001059,0.001059,,0.016191,0.017250,0.001953,0.001953,,0.029226,0.031179,0.001031,0.001031,,0.020949,0.021980,0.004524,0.004524,,0.163797,0.168321,0.007604,0.007604,,0.066021,0.073625,-0.000357,-0.000357,,0.028552,0.028195,0.011260,0.011260,,0.702657,0.713917,-0.006253,-0.006253,,0.775561,0.769308
harvest_total,harvest_2012_00284,2012,2012,0,3,-0.004524,-0.007072,0.014184,0.029529,0.024867,-0.006916,-0.010949,0.019064,0.044544,0.034878,-0.020240,-0.023054,0.024937,0.045245,0.022558,-0.003355,-0.005170,0.013840,0.175155,0.169627,-0.031996,-0.038467,0.056420,0.113101,0.072443,-0.029961,-0.036075,0.051451,0.060246,0.030285,0.213960,0.192628,0.293544,0.501824,0.697017,0.156533,0.154816,0.161164,0.602841,0.765252
harvest_total,harvest_2012_00284,2012,2013,1,1,-0.027528,-0.027528,,0.053179,0.025651,-0.019580,-0.019580,,0.076801,0.057221,-0.046131,-0.046131,,0.083882,0.037751,0.146176,0.146176,,0.194419,0.340595,-0.066935,-0.066935,,0.217574,0.150639,-0.081290,-0.081290,,0.148659,0.067369,0.534902,0.534902,,0.134808,0.669710,0.397373,0.397373,,0.402173,0.799546
harvest_total,harvest_2012_00284,2012,2014,2,4,-0.024476,-0.021234,0.009864,0.047157,0.022193,-0.024888,-0.026424,0.012934,0.068798,0.038617,-0.041023,-0.038600,0.012997,0.070050,0.026167,-0.000721,0.013200,0.048263,0.193154,0.184526,-0.083284,-0.083868,0.025171,0.185296,0.083910,-0.073982,-0.071628,0.023045,0.120836,0.038452,0.469852,0.417911,0.129793,0.214765,0.675233,0.327610,0.289469,0.105218,0.463642,0.771484
harvest_total,harvest_2012_00284,2012,2015,3,4,-0.024454,-0.022622,0.008524,0.046297,0.019120,-0.021072,-0.021082,0.012420,0.064213,0.037215,-0.032250,-0.031188,0.015841,0.060184,0.023960,-0.004606,0.007092,0.049230,0.198915,0.182581,-0.085023,-0.088653,0.033729,0.186471,0.075990,-0.071486,-0.068262,0.028631,0.115177,0.037600,0.425599,0.384497,0.135046,0.266334,0.673870,0.272891,0.241371,0.120433,0.514861,0.782057
harvest_total,harvest_2012_00284,2012,2016,4,3,-0.022193,-0.024356,0.004418,0.044351,0.017979,-0.029562,-0.030584,0.011879,0.071150,0.032031,-0.043313,-0.043349,0.011468,0.064027,0.020440,-0.019140,0.002988,0.052849,0.210437,0.186347,-0.108089,-0.100920,0.025104,0.199025,0.083291,-0.084453,-0.079622,0.010507,0.123070,0.038617,0.419574,0.404162,0.042697,0.268108,0.703242,0.267343,0.264906,0.068442,0.540254,0.807597
harvest_total,harvest_2012_00284,2012,2017,5,1,-0.019388,-0.019388,,0.042344,0.022956,-0.020762,-0.020762,,0.074037,0.053275,-0.028202,-0.028202,,0.061113,0.032911,0.016775,0.016775,,0.291150,0.307925,-0.077467,-0.077467,,0.216020,0.138553,-0.068434,-0.068434,,0.127099,0.058665,0.244209,0.244209,,0.425855,0.670064,0.154871,0.154871,,0.645555,0.800426
harvest_total,harvest_2012_00284,2012,2018,6,2,-0.018783,-0.018783,0.010287,0.037923,0.019140,-0.022488,-0.022488,0.012299,0.060157,0.037669,-0.027321,-0.027321,0.020671,0.050470,0.023149,-0.042975,-0.042975,0.012805,0.235380,0.192405,-0.088151,-0.088151,0.034185,0.175237,0.087086,-0.061222,-0.061222,0.032542,0.099221,0.037999,0.234004,0.234004,0.133217,0.436791,0.670794,0.123167,0.123167,0.129418,0.660381,0.783548
harvest_total,harvest_2012_00284,2012,2019,7,4,-0.018349,-0.015984,0.008710,0.039649,0.022715,-0.021368,-0.021808,0.008060,0.067754,0.040597,-0.030209,-0.028511,0.011432,0.057916,0.025060,-0.058891,-0.048630,0.029791,0.247796,0.184848,-0.098113,-0.100103,0.029328,0.205886,0.084817,-0.070469,-0.066763,0.025613,0.117741,0.039415,0.267761,0.256386,0.120466,0.405078,0.668435,0.136249,0.121204,0.074847,0.658366,0.768786
harvest_total,harvest_2012_00284,2012,2020,8,2,-0.026813,-0.026813,0.003618,0.044654,0.017841,-0.027004,-0.027004,0.010539,0.063560,0.036556,-0.031130,-0.031130,0.013378,0.054168,0.023038,-0.071762,-0.071762,0.013204,0.247659,0.175897,-0.118910,-0.118910,0.002800,0.200799,0.081889,-0.076243,-0.076243,0.005543,0.113115,0.036872,0.280515,0.280515,0.017340,0.375040,0.655555,0.133761,0.133761,0.049972,0.634367,0.768128
harvest_total,harvest_2012_00284,2012,2022,10,4,-0.011220,-0.009766,0.006219,0.026270,0.014981,-0.018397,-0.015713,0.008298,0.049095,0.029088,-0.016988,-0.016613,0.010198,0.038288,0.018350,-0.082060,-0.074652,0.030199,0.255208,0.160567,-0.079063,-0.070758,0.027404,0.158380,0.067465,-0.045333,-0.043051,0.019246,0.080211,0.029597,0.131029,0.140654,0.077254,0.561610,0.682315,0.039272,0.052453,0.047370,0.758853,0.803003
harvest_total,harvest_2012_00284,2012,2023,11,1,-0.005376,-0.005376,,0.027315,0.021939,-0.000288,-0.000288,,0.048861,0.048573,-0.005761,-0.005761,,0.035317,0.029556,0.005142,0.005142,,0.284564,0.289706,-0.013393,-0.013393,,0.143723,0.130330,-0.014190,-0.014190,,0.072484,0.058294,0.045410,0.045410,,0.614399,0.659809,0.015874,0.015874,,0.794158,0.810032
harvest_total,harvest_2012_00284,2012,2024,12,4,-0.009941,-0.010841,0.004859,0.030463,0.019354,-0.012905,-0.012179,0.007682,0.051556,0.036060,-0.011254,-0.012795,0.008379,0.037105,0.023808,-0.084672,-0.071218,0.032740,0.237229,0.148851,-0.063937,-0.061331,0.025450,0.152688,0.079469,-0.033887,-0.035234,0.015934,0.076594,0.037875,0.080900,0.088660,0.058052,0.561306,0.627909,0.011386,0.018876,0.044114,0.759634,0.753729
harvest_total,harvest_2012_00284,2012,2025,13,4,-0.009102,-0.008755,0.003557,0.028553,0.019085,-0.012417,-0.013877,0.004502,0.054430,0.038796,-0.010704,-0.012945,0.005820,0.037765,0.023417,-0.086226,-0.078214,0.018172,0.259490,0.173264,-0.053344,-0.053172,0.020873,0.141729,0.077482,-0.025692,-0.029332,0.013112,0.068627,0.036520,0.053615,0.066454,0.052988,0.618353,0.664775,-0.005362,0.006487,0.039743,0.782373,0.763194
harvest_total,harvest_2012_00345,2012,2012,0,2,-0.010437,-0.010437,0.000797,0.026367,0.015930,-0.004083,-0.004083,0.000368,0.035345,0.031261,-0.026291,-0.026291,0.000972,0.045424,0.019133,0.131133,0.131133,0.032416,0.093659,0.224793,-0.069493,-0.069493,0.015012,0.171305,0.101813,-0.119446,-0.119446,0.008536,0.162038,0.042592,0.949441,0.949441,0.001054,-0.267497,0.681944,0.494264,0.494264,0.036767,0.346804,0.841068
harvest_total,harvest_2012_00345,2012,2014,2,2,-0.030119,-0.030119,0.001099,0.048806,0.018687,-0.024633,-0.024633,0.003666,0.066234,0.041601,-0.050133,-0.050133,0.006807,0.075110,0.024977,0.038342,0.038342,0.041118,0.190878,0.229220,-0.111547,-0.111547,0.027118,0.210452,0.098905,-0.097542,-0.097542,0.018745,0.140278,0.042736,0.535785,0.535785,0.025726,0.151828,0.687613,0.369996,0.369996,0.002061,0.431926,0.801922
harvest_total,harvest_2012_00345,2012,2015,3,2,-0.034912,-0.034912,0.004025,0.051254,0.016342,-0.041676,-0.041676,0.003849,0.071590,0.029914,-0.054677,-0.054677,0.004404,0.075619,0.020942,0.004462,0.004462,0.045454,0.210479,0.214940,-0.136613,-0.136613,0.025891,0.236391,0.099777,-0.118780,-0.118780,0.016461,0.158531,0.039752,0.547103,0.547103,0.016022,0.146494,0.693597,0.352760,0.352760,0.028683,0.471775,0.824535
harvest_total,harvest_2012_00345,2012,2018,6,2,-0.022529,-0.022529,0.000555,0.062020,0.039490,-0.026936,-0.026936,0.003889,0.086824,0.059888,-0.030175,-0.030175,0.004851,0.073735,0.043561,-0.060692,-0.060692,0.026193,0.306344,0.245652,-0.111870,-0.111870,0.015887,0.220407,0.108537,-0.079977,-0.079977,0.007088,0.131142,0.051165,0.270925,0.270925,0.023849,0.386852,0.657777,0.110593,0.110593,0.015075,0.597707,0.708300
harvest_total,harvest_2012_00345,2012,2019,7,2,-0.032498,-0.032498,0.002266,0.051295,0.018797,-0.039669,-0.039669,0.003287,0.075853,0.036184,-0.043182,-0.043182,0.006330,0.065526,0.022344,-0.069039,-0.069039,0.027204,0.300913,0.231874,-0.122347,-0.122347,0.041963,0.229412,0.107065,-0.089526,-0.089526,0.026542,0.135348,0.045823,0.291312,0.291312,0.084540,0.380832,0.672144,0.184299,0.184299,0.020817,0.637811,0.822110
harvest_total,harvest_2012_00345,2012,2021,9,1,-0.011880,-0.011880,,0.038315,0.026435,-0.021340,-0.021340,,0.061635,0.040295,-0.021065,-0.021065,,0.048985,0.027920,-0.051645,-0.051645,,0.296073,0.244428,-0.074827,-0.074827,,0.192645,0.117818,-0.031433,-0.031433,,0.091693,0.060260,0.081387,0.081387,,0.515492,0.596879,0.071803,0.071803,,0.718766,0.790569
harvest_total,harvest_2012_00345,2012,2022,10,2,-0.014190,-0.014190,0.006514,0.028250,0.014060,-0.024557,-0.024557,0.003792,0.052422,0.027865,-0.021725,-0.021725,0.003558,0.039993,0.018267,-0.101214,-0.101214,0.074417,0.303581,0.202367,-0.068812,-0.068812,0.036490,0.164299,0.095488,-0.041277,-0.041277,0.011939,0.080940,0.039663,0.090927,0.090927,0.006858,0.587981,0.678907,0.059816,0.059816,0.056295,0.773336,0.833152
harvest_total,harvest_2012_00345,2012,2023,11,1,-0.008113,-0.008113,,0.032018,0.023905,-0.015015,-0.015015,,0.050772,0.035757,-0.015978,-0.015978,,0.041093,0.025115,-0.041827,-0.041827,,0.268462,0.226635,-0.050242,-0.050242,,0.165722,0.115480,-0.032697,-0.032697,,0.084487,0.051790,0.102885,0.102885,,0.538722,0.641607,0.047641,0.047641,,0.734506,0.782147
harvest_total,harvest_2012_00345,2012,2024,12,2,-0.013977,-0.013977,0.000787,0.033083,0.019106,-0.019511,-0.019511,0.004337,0.057379,0.037868,-0.017834,-0.017834,0.001847,0.044626,0.026792,-0.112303,-0.112303,0.052259,0.315501,0.203198,-0.061683,-0.061683,0.017540,0.173216,0.111534,-0.032883,-0.032883,0.006681,0.085416,0.052532,0.015892,0.015892,0.042137,0.568285,0.584177,0.015972,0.015972,0.035102,0.745053,0.761025
harvest_total,harvest_2012_00345,2012,2025,13,2,-0.020398,-0.020398,0.016092,0.038170,0.017772,-0.030958,-0.030958,0.016772,0.066420,0.035461,-0.029122,-0.029122,0.020515,0.050257,0.021135,-0.099639,-0.099639,0.043450,0.316821,0.217182,-0.067066,-0.067066,0.001118,0.174399,0.107333,-0.044495,-0.044495,0.012990,0.093556,0.049061,0.085089,0.085089,0.097114,0.547511,0.632599,0.088494,0.088494,0.124495,0.731858,0.820352
harvest_total,harvest_2012_00501,2012,2010,-2,1,-0.006518,-0.006518,,0.025583,0.019065,-0.009309,-0.009309,,0.040350,0.031041,-0.008278,-0.008278,,0.028883,0.020605,0.020199,0.020199,,0.193470,0.213669,-0.006558,-0.006558,,0.099722,0.093164,0.008222,0.008222,,0.032980,0.041202,-0.031112,-0.031112,,0.707759,0.676647,0.071904,0.071904,,0.753473,0.825377
harvest_total,harvest_2012_00501,2012,2011,-1,1,-0.004221,-0.004221,,0.018089,0.013868,-0.007604,-0.007604,,0.038796,0.031192,-0.008250,-0.008250,,0.027507,0.019257,0.005830,0.005830,,0.206065,0.211895,-0.008346,-0.008346,,0.098581,0.090235,-0.003411,-0.003411,,0.039993,0.036582,0.049556,0.049556,,0.676494,0.726050,0.080869,0.080869,,0.764837,0.845706
harvest_total,harvest_2012_00501,2012,2013,1,1,-0.034870,-0.034870,,0.049865,0.014995,-0.038074,-0.038074,,0.068098,0.030024,-0.059785,-0.059785,,0.076719,0.016934,-0.033111,-0.033111,,0.223858,0.190747,-0.162401,-0.162401,,0.244812,0.082411,-0.112517,-0.112517,,0.149828,0.037311,0.467893,0.467893,,0.204470,0.672363,0.356643,0.356643,,0.480346,0.836989
harvest_total,harvest_2012_00501,2012,2014,2,1,-0.019649,-0.019649,,0.036995,0.017346,-0.019401,-0.019401,,0.056685,0.037284,-0.032862,-0.032862,,0.055777,0.022915,-0.032024,-0.032024,,0.246298,0.214274,-0.116147,-0.116147,,0.201968,0.085821,-0.083531,-0.083531,,0.119742,0.036211,0.379158,0.379158,,0.329506,0.708664,0.200085,0.200085,,0.617306,0.817391
harvest_total,harvest_2012_00501,2012,2015,3,1,-0.022481,-0.022481,,0.038590,0.016109,-0.018714,-0.018714,,0.054980,0.036266,-0.031075,-0.031075,,0.050882,0.019807,-0.086501,-0.086501,,0.289610,0.203109,-0.114166,-0.114166,,0.200895,0.086729,-0.072669,-0.072669,,0.111218,0.038549,0.244788,0.244788,,0.441994,0.686782,0.120620,0.120620,,0.705102,0.825722
harvest_total,harvest_2012_00501,2012,2016,4,1,0.000770,0.000770,,0.036665,0.037435,-0.001032,-0.001032,,0.060494,0.059462,-0.015662,-0.015662,,0.051474,0.035812,-0.048318,-0.048318,,0.325718,0.277400,-0.074415,-0.074415,,0.197705,0.123290,-0.051494,-0.051494,,0.106859,0.055365,0.155583,0.155583,,0.512674,0.668257,0.052072,0.052072,,0.719990,0.772062
harvest_total,harvest_2012_00501,2012,2017,5,1,-0.017792,-0.017792,,0.043182,0.025390,-0.035833,-0.035833,,0.077668,0.041835,-0.036383,-0.036383,,0.059298,0.022915,-0.120313,-0.120313,,0.366115,0.245802,-0.120890,-0.120890,,0.226690,0.105800,-0.070400,-0.070400,,0.117130,0.046730,0.170531,0.170531,,0.518700,0.689231,0.092446,0.092446,,0.728267,0.820713
harvest_total,harvest_2012_00501,2012,2018,6,1,-0.023306,-0.023306,,0.039305,0.015999,-0.027761,-0.027761,,0.066557,0.038796,-0.029823,-0.029823,,0.052202,0.022379,-0.142492,-0.142492,,0.366308,0.223816,-0.118140,-0.118140,,0.209970,0.091830,-0.066990,-0.066990,,0.106680,0.039690,0.148402,0.148402,,0.560889,0.709291,0.077542,0.077542,,0.738705,0.816247
harvest_total,harvest_2012_00501,2012,2019,7,1,-0.020350,-0.020350,,0.037765,0.017415,-0.028573,-0.028573,,0.065623,0.037050,-0.023884,-0.023884,,0.047734,0.023850,-0.152144,-0.152144,,0.372509,0.220365,-0.120189,-0.120189,,0.212019,0.091830,-0.061875,-0.061875,,0.103160,0.041285,0.118172,0.118172,,0.566254,0.684426,0.031041,0.031041,,0.773639,0.804680
harvest_total,harvest_2012_00501,2012,2020,8,1,-0.019236,-0.019236,,0.034135,0.014899,-0.031185,-0.031185,,0.060535,0.029350,-0.018713,-0.018713,,0.039057,0.020344,-0.138957,-0.138957,,0.327450,0.188493,-0.094738,-0.094738,,0.175403,0.080665,-0.053157,-0.053157,,0.088640,0.035483,0.072763,0.072763,,0.609684,0.682447,-0.015586,-0.015586,,0.821026,0.805440
harvest_total,harvest_2012_00501,2012,2021,9,1,-0.012183,-0.012183,,0.038260,0.026077,-0.018948,-0.018948,,0.062075,0.043127,-0.012691,-0.012691,,0.046015,0.033324,-0.127861,-0.127861,,0.350660,0.222799,-0.115775,-0.115775,,0.215910,0.100135,-0.053130,-0.053130,,0.099310,0.046180,0.098731,0.098731,,0.557923,0.656654,-0.020892,-0.020892,,0.762742,0.741850
harvest_total,harvest_2012_00501,2012,2022,10,1,-0.007397,-0.007397,,0.021787,0.014390,-0.022495,-0.022495,,0.052670,0.030175,-0.012128,-0.012128,,0.031165,0.019037,-0.201795,-0.201795,,0.390260,0.188465,-0.091960,-0.091960,,0.181920,0.089960,-0.040617,-0.040617,,0.078025,0.037408,-0.029532,-0.029532,,0.673703,0.644171,-0.022501,-0.022501,,0.837258,0.814757
harvest_total,harvest_2012_00501,2012,2024,12,1,-0.008264,-0.008264,,0.026641,0.018377,-0.018549,-0.018549,,0.052161,0.033612,-0.008250,-0.008250,,0.032485,0.024235,-0.200475,-0.200475,,0.358992,0.158517,-0.075295,-0.075295,,0.167510,0.092215,-0.025204,-0.025204,,0.072704,0.047500,-0.135108,-0.135108,,0.666998,0.531890,-0.113906,-0.113906,,0.840371,0.726465
harvest_total,harvest_2012_00501,2012,2025,13,1,-0.006366,-0.006366,,0.024922,0.018556,-0.015524,-0.015524,,0.052368,0.036844,-0.006930,-0.006930,,0.029295,0.022365,-0.168974,-0.168974,,0.377555,0.208581,-0.068462,-0.068462,,0.167579,0.099117,-0.029040,-0.029040,,0.072594,0.043554,-0.035173,-0.035173,,0.683909,0.648736,-0.055360,-0.055360,,0.856319,0.800959
harvest_total,harvest_2012_00585,2012,2010,-2,1,0.003685,0.003685,,0.018680,0.022365,0.011632,0.011632,,0.033860,0.045492,0.006242,0.006242,,0.027205,0.033447,-0.014685,-0.014685,,0.235077,0.220392,0.015043,0.015043,,0.101070,0.116113,0.005197,0.005197,,0.045905,0.051102,-0.058601,-0.058601,,0.681078,0.622477,-0.056084,-0.056084,,0.792552,0.736468
harvest_total,harvest_2012_00585,2012,2011,-1,1,-0.002969,-0.002969,,0.027837,0.024868,-0.003616,-0.003616,,0.048957,0.045341,-0.002117,-0.002117,,0.032732,0.030615,0.008443,0.008443,,0.226112,0.234555,-0.000523,-0.000523,,0.120843,0.120320,-0.004771,-0.004771,,0.054155,0.049384,-0.011346,-0.011346,,0.664563,0.653217,-0.010331,-0.010331,,0.782847,0.772516
harvest_total,harvest_2012_00585,2012,2012,0,1,-0.001898,-0.001898,,0.025775,0.023877,0.005693,0.005693,,0.037187,0.042880,0.000385,0.000385,,0.031413,0.031798,0.006352,0.006352,,0.201748,0.208100,0.011384,0.011384,,0.098183,0.109567,0.008992,0.008992,,0.033310,0.042302,-0.054456,-0.054456,,0.716580,0.662124,0.004358,0.004358,,0.730550,0.734908
harvest_total,harvest_2012_00585,2012,2013,1,1,-0.006105,-0.006105,,0.026682,0.020577,0.006105,0.006105,,0.042357,0.048462,-0.020296,-0.020296,,0.050223,0.029927,-0.012320,-0.012320,,0.236617,0.224297,-0.063333,-0.063333,,0.172708,0.109375,-0.039628,-0.039628,,0.093260,0.053632,0.179128,0.179128,,0.441018,0.620146,0.118228,0.118228,,0.649822,0.768050
harvest_total,harvest_2012_00585,2012,2018,6,1,-0.002860,-0.002860,,0.020880,0.018020,0.000743,0.000743,,0.041697,0.042440,0.002832,0.002832,,0.025225,0.028057,-0.091575,-0.091575,,0.318595,0.227020,-0.038775,-0.038775,,0.145757,0.106982,-0.003686,-0.003686,,0.054293,0.050607,-0.060909,-0.060909,,0.689593,0.628684,-0.069161,-0.069161,,0.842711,0.773550
harvest_total,harvest_2012_00585,2012,2019,7,1,0.014919,0.014919,,0.024427,0.039346,0.016968,0.016968,,0.048627,0.065595,0.016473,0.016473,,0.029817,0.046290,-0.029686,-0.029686,,0.281855,0.252169,-0.004799,-0.004799,,0.139323,0.134524,0.009336,0.009336,,0.061800,0.071136,-0.117415,-0.117415,,0.671800,0.554385,-0.120206,-0.120206,,0.809624,0.689418
harvest_total,harvest_2012_00585,2012,2024,12,1,-0.001925,-0.001925,,0.021581,0.019656,0.001100,0.001100,,0.042756,0.043856,0.005239,0.005239,,0.023451,0.028690,-0.052911,-0.052911,,0.281443,0.228532,-0.012829,-0.012829,,0.133905,0.121076,0.001925,0.001925,,0.056176,0.058101,-0.103170,-0.103170,,0.692281,0.589111,-0.085035,-0.085035,,0.856175,0.771140
harvest_total,harvest_2012_00585,2012,2025,13,1,-0.000054,-0.000054,,0.018927,0.018873,-0.000798,-0.000798,,0.044200,0.043402,0.005624,0.005624,,0.022667,0.028291,-0.061491,-0.061491,,0.276933,0.215442,-0.009570,-0.009570,,0.122685,0.113115,0.005788,0.005788,,0.049879,0.055667,-0.109125,-0.109125,,0.708907,0.599782,-0.090145,-0.090145,,0.864564,0.774419
harvest_total,harvest_2012_00681,2012,2012,0,1,-0.024311,-0.024311,,0.046318,0.022007,-0.023787,-0.023787,,0.059627,0.035840,-0.066468,-0.066468,,0.084103,0.017635,0.080534,0.080534,,0.201802,0.282336,-0.147111,-0.147111,,0.289170,0.142059,-0.121523,-0.121523,,0.179885,0.058362,0.593672,0.593672,,0.057423,0.651095,0.468827,0.468827,,0.411675,0.880502
harvest_total,harvest_2012_00681,2012,2014,2,1,-0.028834,-0.028834,,0.052134,0.023300,-0.030800,-0.030800,,0.069665,0.038865,-0.049073,-0.049073,,0.071631,0.022558,0.067182,0.067182,,0.224518,0.291700,-0.124479,-0.124479,,0.258714,0.134235,-0.101475,-0.101475,,0.158050,0.056575,0.505031,0.505031,,0.167353,0.672384,0.348294,0.348294,,0.520630,0.868924
harvest_total,harvest_2012_00681,2012,2015,3,1,-0.021285,-0.021285,,0.043182,0.021897,-0.023541,-0.023541,,0.060783,0.037242,-0.036383,-0.036383,,0.058060,0.021677,0.025382,0.025382,,0.246353,0.271735,-0.114318,-0.114318,,0.251990,0.137672,-0.078210,-0.078210,,0.135500,0.057290,0.386769,0.386769,,0.285041,0.671810,0.243169,0.243169,,0.618544,0.861713
harvest_total,harvest_2012_00681,2012,2016,4,1,-0.019896,-0.019896,,0.043182,0.023286,-0.028160,-0.028160,,0.068565,0.040405,-0.051164,-0.051164,,0.074244,0.023080,0.075529,0.075529,,0.233015,0.308544,-0.112874,-0.112874,,0.258494,0.145620,-0.102272,-0.102272,,0.167826,0.065554,0.505980,0.505980,,0.164143,0.670123,0.373938,0.373938,,0.494831,0.868769
harvest_total,harvest_2012_00681,2012,2017,5,1,-0.017435,-0.017435,,0.039415,0.021980,-0.023403,-0.023403,,0.062845,0.039442,-0.041800,-0.041800,,0.064440,0.022640,0.014988,0.014988,,0.256225,0.271213,-0.125674,-0.125674,,0.265987,0.140313,-0.097763,-0.097763,,0.158243,0.060480,0.404980,0.404980,,0.236406,0.641386,0.270119,0.270119,,0.582493,0.852612
harvest_total,harvest_2012_00681,2012,2018,6,1,-0.025863,-0.025863,,0.045671,0.019808,-0.027569,-0.027569,,0.067974,0.040405,-0.035282,-0.035282,,0.059957,0.024675,0.013750,0.013750,,0.285595,0.299345,-0.080424,-0.080424,,0.236026,0.155602,-0.065327,-0.065327,,0.135899,0.070572,0.294282,0.294282,,0.354945,0.649227,0.208010,0.208010,,0.657290,0.865300
harvest_total,harvest_2012_00681,2012,2019,7,1,-0.022688,-0.022688,,0.046139,0.023451,-0.032244,-0.032244,,0.072635,0.040391,-0.037002,-0.037002,,0.065224,0.028222,-0.006380,-0.006380,,0.300211,0.293831,-0.091905,-0.091905,,0.247975,0.156070,-0.076546,-0.076546,,0.146376,0.069830,0.235114,0.235114,,0.379459,0.614573,0.172368,0.172368,,0.640615,0.812983
harvest_total,harvest_2012_00681,2012,2020,8,1,-0.007013,-0.007013,,0.028663,0.021650,-0.016363,-0.016363,,0.053385,0.037022,-0.013256,-0.013256,,0.037573,0.024317,-0.047658,-0.047658,,0.295633,0.247975,-0.066330,-0.066330,,0.193360,0.127030,-0.034815,-0.034815,,0.093315,0.058500,0.090828,0.090828,,0.522966,0.613794,0.044269,0.044269,,0.777118,0.821387
harvest_total,harvest_2012_00681,2012,2022,10,1,-0.012004,-0.012004,,0.028470,0.016466,-0.017738,-0.017738,,0.051378,0.033640,-0.014836,-0.014836,,0.036802,0.021966,-0.065959,-0.065959,,0.334188,0.268229,-0.033577,-0.033577,,0.174000,0.140423,-0.022247,-0.022247,,0.081352,0.059105,0.054423,0.054423,,0.575161,0.629584,0.064177,0.064177,,0.782510,0.846687
harvest_total,harvest_2012_00681,2012,2024,12,1,-0.000921,-0.000921,,0.024427,0.023506,-0.008112,-0.008112,,0.048050,0.039938,-0.009570,-0.009570,,0.034438,0.024868,-0.054684,-0.054684,,0.295303,0.240619,-0.018328,-0.018328,,0.155822,0.137494,-0.004784,-0.004784,,0.069032,0.064248,-0.034583,-0.034583,,0.618983,0.584400,0.027307,0.027307,,0.791123,0.818430
harvest_total,harvest_2012_00681,2012,2025,13,1,-0.003960,-0.003960,,0.022255,0.018295,-0.014603,-0.014603,,0.048710,0.034107,-0.011729,-0.011729,,0.031399,0.019670,-0.042144,-0.042144,,0.318004,0.275860,-0.015922,-0.015922,,0.150900,0.134978,-0.007989,-0.007989,,0.068304,0.060315,-0.006800,-0.006800,,0.645166,0.638366,0.043342,0.043342,,0.820224,0.863566
harvest_total,harvest_2012_00846,2012,2010,-2,1,0.005665,0.005665,,0.018542,0.024207,0.004235,0.004235,,0.031715,0.035950,0.002228,0.002228,,0.017855,0.020083,0.088206,0.088206,,0.195175,0.283381,0.033496,0.033496,,0.097577,0.131073,0.010023,0.010023,,0.043953,0.053976,0.025581,0.025581,,0.654900,0.680481,0.038854,0.038854,,0.832371,0.871225
harvest_total,harvest_2012_00846,2012,2011,-1,2,0.000708,0.000708,0.002324,0.019017,0.019725,0.000302,0.000302,0.000623,0.032781,0.033083,0.000041,0.000041,0.000972,0.020213,0.020255,0.019030,0.019030,0.045560,0.228491,0.247521,0.009343,0.009343,0.029373,0.108571,0.117914,0.000069,0.000069,0.008654,0.047046,0.047115,0.013290,0.013290,0.012816,0.670458,0.683748,0.003939,0.003939,0.016802,0.843733,0.847672
harvest_total,harvest_2012_00846,2012,2012,0,1,-0.002915,-0.002915,,0.017525,0.014610,0.003176,0.003176,,0.027205,0.030381,-0.003465,-0.003465,,0.017937,0.014472,0.090323,0.090323,,0.219678,0.310001,0.039517,0.039517,,0.100520,0.140037,0.001114,0.001114,,0.050497,0.051611,0.088395,0.088395,,0.626187,0.714582,0.061772,0.061772,,0.849020,0.910792
harvest_total,harvest_2012_00846,2012,2013,1,2,-0.025410,-0.025410,0.003189,0.041711,0.016301,-0.027369,-0.027369,0.000438,0.060267,0.032897,-0.049610,-0.049610,0.011939,0.068242,0.018632,-0.014761,-0.014761,0.063558,0.256032,0.241272,-0.150047,-0.150047,0.001681,0.265280,0.115233,-0.104335,-0.104335,0.013612,0.152068,0.047733,0.419798,0.419798,0.103286,0.252476,0.672273,0.283515,0.283515,0.112419,0.575168,0.858683
harvest_total,harvest_2012_00846,2012,2014,2,2,-0.021409,-0.021409,0.006865,0.039484,0.018075,-0.018584,-0.018584,0.005298,0.055022,0.036438,-0.024688,-0.024688,0.007515,0.046496,0.021809,-0.060858,-0.060858,0.075643,0.317550,0.256692,-0.134352,-0.134352,0.005464,0.245652,0.111300,-0.084796,-0.084796,0.015187,0.133603,0.048806,0.273589,0.273589,0.126493,0.403209,0.676798,0.113973,0.113973,0.092502,0.726096,0.840068
harvest_total,harvest_2012_00846,2012,2016,4,2,-0.008071,-0.008071,0.006456,0.030017,0.021946,-0.019339,-0.019339,0.012804,0.057640,0.038302,-0.029528,-0.029528,0.001896,0.050539,0.021011,-0.037490,-0.037490,0.063596,0.312181,0.274691,-0.128487,-0.128487,0.014846,0.255785,0.127298,-0.084700,-0.084700,0.000467,0.139742,0.055042,0.268752,0.268752,0.023175,0.407157,0.675909,0.150823,0.150823,0.024911,0.711321,0.862144
harvest_total,harvest_2012_00846,2012,2017,5,2,-0.020708,-0.020708,0.000428,0.038123,0.017415,-0.023341,-0.023341,0.003200,0.065575,0.042234,-0.029452,-0.029452,0.002508,0.052017,0.022565,-0.104781,-0.104781,0.049343,0.358174,0.253393,-0.147462,-0.147462,0.024725,0.271165,0.123702,-0.084453,-0.084453,0.009042,0.133775,0.049321,0.200203,0.200203,0.014654,0.471347,0.671550,0.113125,0.113125,0.027296,0.737391,0.850517
harvest_total,harvest_2012_00846,2012,2018,6,2,-0.021305,-0.021305,0.009129,0.041113,0.019808,-0.039139,-0.039139,0.005532,0.078788,0.039649,-0.032099,-0.032099,0.009714,0.053185,0.021086,-0.154226,-0.154226,0.042206,0.407124,0.252897,-0.138937,-0.138937,0.022819,0.256644,0.117708,-0.067106,-0.067106,0.005356,0.117604,0.050498,0.114872,0.114872,0.001912,0.553516,0.668389,0.075344,0.075344,0.028934,0.766841,0.842184
harvest_total,harvest_2012_00846,2012,2019,7,2,-0.010560,-0.010560,0.001867,0.028594,0.018034,-0.026551,-0.026551,0.004026,0.058775,0.032224,-0.015399,-0.015399,0.004744,0.034547,0.019148,-0.189613,-0.189613,0.010696,0.423686,0.234073,-0.132921,-0.132921,0.003870,0.240907,0.107986,-0.060101,-0.060101,0.010987,0.104824,0.044722,0.058339,0.058339,0.010046,0.615449,0.673787,0.002698,0.002698,0.024865,0.847121,0.849819
harvest_total,harvest_2012_00846,2012,2020,8,2,-0.008229,-0.008229,0.000884,0.027913,0.019684,-0.021368,-0.021368,0.002275,0.054402,0.033035,-0.009343,-0.009343,0.000243,0.029569,0.020227,-0.227837,-0.227837,0.048477,0.465129,0.237291,-0.120704,-0.120704,0.016286,0.234513,0.113810,-0.052395,-0.052395,0.001993,0.102184,0.049790,-0.001801,-0.001801,0.020449,0.654527,0.652726,-0.044202,-0.044202,0.013664,0.886696,0.842494
harvest_total,harvest_2012_00846,2012,2021,9,2,-0.016872,-0.016872,0.006086,0.033833,0.016961,-0.027451,-0.027451,0.009091,0.059442,0.031991,-0.015613,-0.015613,0.002577,0.035737,0.020124,-0.191957,-0.191957,0.093211,0.403590,0.211633,-0.125476,-0.125476,0.027272,0.232225,0.106749,-0.053309,-0.053309,0.007992,0.101070,0.047761,0.046014,0.046014,0.006457,0.610608,0.656622,-0.020637,-0.020637,0.021773,0.848360,0.827723
harvest_total,harvest_2012_00846,2012,2022,10,2,-0.007652,-0.007652,0.000107,0.022124,0.014472,-0.020762,-0.020762,0.000310,0.049177,0.028415,-0.008133,-0.008133,0.002325,0.026098,0.017965,-0.246908,-0.246908,0.051044,0.455930,0.209021,-0.125126,-0.125126,0.020380,0.230595,0.105469,-0.046344,-0.046344,0.006913,0.092215,0.045871,-0.022698,-0.022698,0.006703,0.663567,0.640869,-0.041766,-0.041766,0.001158,0.884159,0.842393
harvest_total,harvest_2012_00846,2012,2023,11,1,-0.016898,-0.016898,,0.034011,0.017113,-0.031364,-0.031364,,0.061594,0.030230,-0.017352,-0.017352,,0.037600,0.020248,-0.288461,-0.288461,,0.482206,0.193745,-0.121302,-0.121302,,0.216432,0.095130,-0.040481,-0.040481,,0.091473,0.050992,-0.039355,-0.039355,,0.662683,0.623328,-0.034994,-0.034994,,0.849921,0.814927
harvest_total,harvest_2012_00846,2012,2024,12,2,-0.013626,-0.013626,0.004998,0.034547,0.020921,-0.016982,-0.016982,0.002858,0.052863,0.035881,-0.008882,-0.008882,0.000039,0.031440,0.022558,-0.249315,-0.249315,0.049119,0.468580,0.219266,-0.083944,-0.083944,0.021565,0.210053,0.126109,-0.031721,-0.031721,0.008460,0.089203,0.057482,-0.086705,-0.086705,0.023120,0.671530,0.584824,-0.072849,-0.072849,0.023680,0.873404,0.800555
harvest_total,harvest_2012_00846,2012,2025,13,2,-0.005912,-0.005912,0.000156,0.023657,0.017745,-0.007851,-0.007851,0.004609,0.047555,0.039704,-0.001678,-0.001678,0.001245,0.022805,0.021128,-0.211468,-0.211468,0.048954,0.439252,0.227783,-0.091719,-0.091719,0.018172,0.210245,0.118526,-0.031866,-0.031866,0.008041,0.086316,0.054450,-0.067192,-0.067192,0.004299,0.679770,0.612577,-0.073074,-0.073074,0.018179,0.904046,0.830973
harvest_total,harvest_2012_00895,2012,2009,-3,6,-0.001911,0.000761,0.008855,0.035661,0.033750,-0.003534,0.000454,0.016042,0.057084,0.049811,0.002695,0.002161,0.012616,0.039525,0.036844,0.022729,0.025098,0.048407,0.231345,0.245582,0.026125,0.021975,0.027357,0.112290,0.127264,0.016637,0.014160,0.015035,0.050532,0.060067,-0.067436,-0.048035,0.061813,0.653164,0.580804,-0.002024,0.008369,0.068973,0.712008,0.714401
harvest_total,harvest_2012_00895,2012,2010,-2,4,-0.000013,-0.002781,0.008917,0.020577,0.018563,0.001815,0.002066,0.011589,0.036844,0.038658,0.005445,0.002331,0.009150,0.024379,0.027603,0.012520,0.018710,0.073627,0.195464,0.217024,0.005060,0.006768,0.027751,0.093102,0.108206,-0.002364,0.002431,0.016730,0.045485,0.046592,-0.003173,0.002731,0.036675,0.614833,0.608683,0.005328,-0.013095,0.067206,0.785276,0.763824
harvest_total,harvest_2012_00895,2012,2011,-1,3,-0.001458,0.001962,0.013702,0.024840,0.030065,0.007851,0.003305,0.014052,0.034823,0.044503,0.007920,0.007975,0.008361,0.025280,0.033502,0.031942,0.004799,0.074456,0.207962,0.234115,0.013695,0.017472,0.027558,0.114243,0.124528,0.006972,0.009355,0.013782,0.051432,0.056685,-0.063548,-0.043672,0.036296,0.656106,0.608432,-0.046467,-0.043381,0.016133,0.783230,0.740726
harvest_total,harvest_2012_00895,2012,2012,0,5,-0.000688,0.000313,0.005322,0.018515,0.017772,0.002915,0.005849,0.007518,0.031880,0.031825,0.003822,0.003850,0.004089,0.019780,0.022035,0.060748,0.049591,0.051846,0.161460,0.184202,0.033934,0.031457,0.015618,0.072291,0.104095,0.016666,0.016124,0.006599,0.029941,0.043788,-0.042229,-0.057955,0.061218,0.696697,0.599852,-0.003284,0.021335,0.048513,0.769336,0.771930
harvest_total,harvest_2012_00895,2012,2013,1,4,-0.020707,-0.019322,0.006748,0.040968,0.022613,-0.019051,-0.020477,0.009976,0.066764,0.049397,-0.046818,-0.045172,0.008623,0.077008,0.032842,0.015977,0.013990,0.027679,0.228670,0.243602,-0.103957,-0.106755,0.034473,0.230457,0.123262,-0.070991,-0.073906,0.021695,0.126989,0.058102,0.340221,0.345381,0.097037,0.283477,0.595696,0.283394,0.278725,0.065056,0.504329,0.767410
harvest_total,harvest_2012_00895,2012,2014,2,6,-0.020748,-0.018450,0.006441,0.039979,0.021691,-0.019353,-0.018932,0.004009,0.064618,0.043361,-0.034388,-0.031423,0.007912,0.060163,0.026422,-0.016473,-0.016800,0.044502,0.236199,0.221190,-0.094944,-0.094559,0.022854,0.207000,0.115219,-0.066770,-0.067093,0.020195,0.120079,0.053358,0.352453,0.292235,0.130201,0.303133,0.584626,0.207568,0.179497,0.076698,0.591627,0.760647
harvest_total,harvest_2012_00895,2012,2015,3,6,-0.013867,-0.015581,0.014436,0.038796,0.024847,-0.020460,-0.018808,0.010765,0.061277,0.040343,-0.024880,-0.025032,0.016251,0.054183,0.028133,-0.030580,-0.041922,0.042441,0.256170,0.205439,-0.097192,-0.089939,0.027284,0.199039,0.107134,-0.067973,-0.061751,0.024600,0.114958,0.050786,0.290145,0.224840,0.129319,0.372132,0.602364,0.129045,0.102693,0.084213,0.631123,0.741283
harvest_total,harvest_2012_00895,2012,2016,4,6,-0.012519,-0.010940,0.006362,0.030656,0.018605,-0.019203,-0.017680,0.006802,0.058142,0.041071,-0.022207,-0.020951,0.005789,0.045334,0.026236,-0.071981,-0.070476,0.053425,0.297221,0.220035,-0.086680,-0.077571,0.025836,0.194948,0.118299,-0.049988,-0.048393,0.012536,0.104838,0.054766,0.140958,0.127079,0.099693,0.458623,0.595406,0.058416,0.065161,0.049141,0.722841,0.782669
harvest_total,harvest_2012_00895,2012,2018,6,6,-0.010086,-0.011410,0.004197,0.034423,0.022069,-0.015228,-0.015769,0.003481,0.060452,0.043636,-0.013750,-0.014369,0.004089,0.044146,0.028800,-0.095749,-0.082528,0.040111,0.308784,0.215628,-0.064708,-0.062409,0.011929,0.180503,0.116676,-0.031322,-0.033765,0.009315,0.089616,0.056905,0.027454,0.049029,0.078182,0.552138,0.593681,-0.002186,0.011506,0.045701,0.754484,0.753312
harvest_total,harvest_2012_00895,2012,2019,7,6,-0.008305,-0.009103,0.005239,0.033131,0.024221,-0.016246,-0.016191,0.004886,0.061787,0.045540,-0.017009,-0.016475,0.003661,0.044702,0.028889,-0.105545,-0.090805,0.033296,0.312401,0.224586,-0.052580,-0.055325,0.017021,0.180559,0.127827,-0.029116,-0.031298,0.012874,0.090435,0.060177,0.020599,0.036289,0.081815,0.549747,0.584070,0.010459,0.019914,0.038604,0.759906,0.764758
harvest_total,harvest_2012_00895,2012,2020,8,5,-0.003933,-0.000058,0.009230,0.022805,0.018872,-0.018672,-0.012463,0.010631,0.051735,0.035565,-0.011522,-0.006922,0.010244,0.034245,0.022695,-0.099316,-0.095197,0.039960,0.318622,0.232575,-0.052401,-0.044888,0.021371,0.163743,0.114407,-0.017806,-0.018516,0.013895,0.071370,0.049851,-0.071936,-0.040859,0.078084,0.619345,0.568534,-0.021225,-0.020905,0.062669,0.804970,0.781445
harvest_total,harvest_2012_00895,2012,2021,9,5,-0.007096,-0.006309,0.005754,0.032183,0.025087,-0.012031,-0.013373,0.008117,0.056451,0.042248,-0.014259,-0.012334,0.004657,0.042179,0.027865,-0.105518,-0.091968,0.031587,0.316615,0.215552,-0.052553,-0.044160,0.018665,0.172708,0.123922,-0.022096,-0.021073,0.011826,0.082191,0.060095,-0.016904,-0.007744,0.054536,0.569267,0.552363,-0.002119,0.009663,0.029916,0.758574,0.756455
harvest_total,harvest_2012_00895,2012,2022,10,6,-0.007370,-0.006151,0.003413,0.028793,0.021815,-0.022234,-0.018070,0.008977,0.062742,0.042481,-0.012623,-0.011575,0.003514,0.039305,0.027941,-0.111636,-0.103118,0.027190,0.325525,0.222909,-0.046103,-0.039848,0.019461,0.160037,0.119866,-0.020817,-0.016809,0.012405,0.073316,0.055736,-0.057975,-0.058599,0.024643,0.643564,0.583230,-0.021909,-0.019337,0.016965,0.791176,0.765513
harvest_total,harvest_2012_00895,2012,2023,11,4,-0.004173,-0.005349,0.002815,0.030196,0.025417,-0.012437,-0.014943,0.007167,0.059249,0.045644,-0.009391,-0.010484,0.004491,0.039800,0.029673,-0.078202,-0.082459,0.014497,0.311218,0.221713,-0.031942,-0.033110,0.015986,0.158359,0.126418,-0.014747,-0.013049,0.010160,0.073309,0.058562,-0.041841,-0.048504,0.028839,0.608428,0.575310,-0.008274,-0.006992,0.035198,0.758076,0.750076
harvest_total,harvest_2012_00895,2012,2024,12,6,-0.003898,-0.004008,0.000980,0.029983,0.026339,-0.009164,-0.009710,0.003874,0.060893,0.051294,-0.009769,-0.008894,0.003406,0.043127,0.034121,-0.089945,-0.078338,0.023551,0.291480,0.207639,-0.033179,-0.030000,0.015921,0.163990,0.132365,-0.012740,-0.010746,0.007067,0.072456,0.061882,-0.072041,-0.065574,0.029020,0.621082,0.544588,-0.032715,-0.027436,0.022184,0.778281,0.747798
harvest_total,harvest_2012_00895,2012,2025,13,6,-0.002145,-0.002349,0.002089,0.026132,0.023664,-0.011584,-0.011591,0.001258,0.060824,0.049122,-0.008126,-0.008458,0.001804,0.038699,0.031248,-0.096167,-0.093395,0.023907,0.317949,0.229564,-0.030326,-0.028192,0.014519,0.154008,0.127766,-0.008140,-0.008016,0.006202,0.069287,0.061724,-0.088739,-0.082197,0.031059,0.652923,0.570570,-0.030216,-0.024699,0.020284,0.782951,0.763639
harvest_total,harvest_2012_00896,2012,2009,-3,5,0.000179,0.001204,0.007575,0.029226,0.029405,0.006847,0.007417,0.009423,0.045823,0.052670,0.007246,0.005805,0.011717,0.026311,0.033557,0.010518,0.006300,0.056063,0.211703,0.238185,0.008333,0.013148,0.016824,0.106625,0.115535,0.007810,0.008077,0.012404,0.045795,0.049645,-0.045588,-0.037779,0.116085,0.689662,0.674212,-0.061307,-0.010512,0.086381,0.731435,0.757260
harvest_total,harvest_2012_00896,2012,2010,-2,6,-0.004791,-0.002234,0.009352,0.022599,0.021733,-0.004386,-0.000605,0.012487,0.037229,0.036493,-0.000069,0.002839,0.009899,0.025727,0.027026,0.000928,-0.006994,0.093264,0.176908,0.195773,0.004633,0.012723,0.036721,0.091074,0.106536,0.005171,0.007205,0.015594,0.042832,0.049535,-0.071563,-0.053548,0.083177,0.674322,0.621982,-0.048773,-0.025717,0.080445,0.772595,0.746046
harvest_total,harvest_2012_00896,2012,2011,-1,1,0.010285,0.010285,,0.022461,0.032746,0.007122,0.007122,,0.035414,0.042536,0.012128,0.012128,,0.017195,0.029323,0.063058,0.063058,,0.138181,0.201239,0.029425,0.029425,,0.056589,0.086014,0.012815,0.012815,,0.024716,0.037531,-0.037882,-0.037882,,0.722215,0.684333,-0.013420,-0.013420,,0.777758,0.764338
harvest_total,harvest_2012_00896,2012,2012,0,10,-0.001973,-0.006244,0.016264,0.021403,0.019924,0.002489,-0.002409,0.018863,0.032211,0.032169,-0.001135,-0.001019,0.022736,0.022392,0.022214,-0.010684,0.003455,0.078584,0.180724,0.200758,0.008491,0.014250,0.048660,0.080390,0.098636,0.012636,0.008447,0.032173,0.031591,0.045128,-0.099346,-0.055758,0.147503,0.692600,0.617585,-0.009777,0.013177,0.129235,0.798432,0.783895
harvest_total,harvest_2012_00896,2012,2013,1,10,-0.031775,-0.031735,0.009896,0.052010,0.018804,-0.039270,-0.036820,0.013485,0.078726,0.039538,-0.073466,-0.073674,0.015927,0.099722,0.023321,-0.043690,-0.036608,0.041725,0.245706,0.194034,-0.185743,-0.179721,0.037328,0.295303,0.095336,-0.123180,-0.122235,0.028020,0.180380,0.044895,0.418258,0.434183,0.088440,0.178810,0.611922,0.345873,0.351599,0.067471,0.432669,0.776941
harvest_total,harvest_2012_00896,2012,2014,2,10,-0.025334,-0.026196,0.008200,0.046819,0.019924,-0.027967,-0.025882,0.011167,0.064983,0.038486,-0.049122,-0.048878,0.013125,0.075914,0.024696,-0.018054,-0.010614,0.047297,0.218955,0.199898,-0.156736,-0.155133,0.044851,0.267528,0.097976,-0.117377,-0.113246,0.031569,0.167923,0.046097,0.429370,0.442063,0.106683,0.133693,0.601136,0.297123,0.286898,0.071970,0.485754,0.766296
harvest_total,harvest_2012_00896,2012,2015,3,10,-0.014313,-0.015902,0.008706,0.044201,0.029453,-0.015895,-0.017716,0.012249,0.061649,0.043361,-0.027493,-0.030082,0.015126,0.061587,0.033393,-0.036781,-0.035243,0.035027,0.252953,0.209365,-0.130453,-0.133474,0.037730,0.251681,0.112029,-0.090598,-0.092899,0.026701,0.146108,0.052017,0.294864,0.345003,0.105574,0.289463,0.598067,0.145546,0.136794,0.080926,0.620264,0.731932
harvest_total,harvest_2012_00896,2012,2016,4,10,-0.016239,-0.017335,0.007455,0.035249,0.017291,-0.025218,-0.024493,0.009601,0.063457,0.034135,-0.028297,-0.030836,0.012867,0.055572,0.021264,-0.079352,-0.083141,0.066942,0.287988,0.207020,-0.120513,-0.132006,0.039368,0.243087,0.094332,-0.076615,-0.083593,0.028490,0.133190,0.042811,0.223232,0.250147,0.147298,0.375883,0.631203,0.115491,0.121691,0.099497,0.669641,0.797489
harvest_total,harvest_2012_00896,2012,2017,5,1,-0.013915,-0.013915,,0.031674,0.017759,-0.026702,-0.026702,,0.066502,0.039800,-0.013833,-0.013833,,0.039759,0.025926,-0.264261,-0.264261,,0.462750,0.198489,-0.140937,-0.140937,,0.246256,0.105319,-0.066440,-0.066440,,0.116594,0.050154,0.011152,0.011152,,0.587952,0.599104,-0.054145,-0.054145,,0.834866,0.780721
harvest_total,harvest_2012_00896,2012,2018,6,8,-0.016988,-0.018141,0.004960,0.037558,0.019154,-0.020659,-0.020506,0.007381,0.065003,0.038521,-0.020831,-0.023848,0.012006,0.048160,0.024029,-0.095040,-0.101961,0.051055,0.304597,0.209558,-0.095969,-0.103064,0.037648,0.215154,0.099303,-0.052931,-0.060362,0.026723,0.104308,0.042894,0.075740,0.141744,0.147147,0.511595,0.640477,0.041660,0.061716,0.085862,0.736471,0.787658
harvest_total,harvest_2012_00896,2012,2019,7,10,-0.011268,-0.013723,0.007266,0.034142,0.021636,-0.018556,-0.021407,0.007695,0.066254,0.041058,-0.017580,-0.020605,0.012416,0.049040,0.026091,-0.117068,-0.108871,0.055658,0.328715,0.208410,-0.085085,-0.087693,0.029002,0.209131,0.107945,-0.041670,-0.049711,0.020690,0.103222,0.051879,0.064538,0.098218,0.133895,0.543048,0.622866,0.030491,0.032538,0.088612,0.746906,0.772573
harvest_total,harvest_2012_00896,2012,2020,8,5,-0.007233,-0.010209,0.006703,0.024881,0.015682,-0.017545,-0.018519,0.008123,0.055888,0.032815,-0.014286,-0.018230,0.013310,0.041051,0.024262,-0.116449,-0.130518,0.048471,0.320053,0.203604,-0.102176,-0.095348,0.035024,0.221025,0.116910,-0.039435,-0.048744,0.026411,0.093480,0.054045,0.022777,0.059076,0.129011,0.571870,0.595759,-0.001491,0.021879,0.088765,0.776566,0.779537
harvest_total,harvest_2012_00896,2012,2021,9,10,-0.014878,-0.015214,0.006229,0.037738,0.022805,-0.021958,-0.022766,0.007664,0.063037,0.037029,-0.019112,-0.021227,0.011828,0.048538,0.025871,-0.128906,-0.140386,0.051733,0.341990,0.201425,-0.095322,-0.092947,0.029630,0.212940,0.102053,-0.044688,-0.051373,0.019860,0.101607,0.049219,0.027924,0.053634,0.101099,0.566627,0.593925,0.019408,0.023076,0.078177,0.742297,0.757016
harvest_total,harvest_2012_00896,2012,2022,10,10,-0.008463,-0.008408,0.004444,0.030010,0.021237,-0.015607,-0.014809,0.009174,0.059689,0.038768,-0.010066,-0.011459,0.009028,0.040543,0.026916,-0.114415,-0.112870,0.057566,0.314457,0.200042,-0.066439,-0.058520,0.022654,0.171951,0.110530,-0.026256,-0.026812,0.014592,0.081779,0.050333,-0.052204,-0.017543,0.077924,0.623765,0.583922,-0.025958,-0.016596,0.066895,0.792955,0.766098
harvest_total,harvest_2012_00896,2012,2023,11,8,-0.009412,-0.008955,0.005919,0.034781,0.023905,-0.014349,-0.012575,0.011390,0.061422,0.043554,-0.008779,-0.010476,0.011901,0.043856,0.030134,-0.115734,-0.116679,0.053879,0.312050,0.181027,-0.058919,-0.063216,0.029948,0.187839,0.109911,-0.024853,-0.027760,0.017543,0.083896,0.052794,-0.041337,-0.030160,0.087660,0.596165,0.545832,-0.018617,-0.033713,0.082203,0.753727,0.737003
harvest_total,harvest_2012_00896,2012,2024,12,10,-0.007294,-0.007715,0.002921,0.031728,0.024234,-0.010230,-0.012180,0.005677,0.060762,0.044571,-0.010079,-0.010180,0.007020,0.043650,0.031096,-0.095603,-0.108644,0.057208,0.281546,0.180133,-0.049417,-0.055349,0.023020,0.180435,0.114600,-0.020583,-0.024331,0.012799,0.079413,0.055199,-0.053664,-0.044250,0.082139,0.575368,0.529707,-0.034719,-0.029838,0.062215,0.757748,0.733769
harvest_total,harvest_2012_00896,2012,2025,13,10,-0.006036,-0.007228,0.003187,0.030155,0.022689,-0.011509,-0.012500,0.005774,0.060185,0.045011,-0.006394,-0.008547,0.008944,0.040000,0.029763,-0.107153,-0.121707,0.070203,0.318828,0.206271,-0.041147,-0.042652,0.020568,0.169504,0.118299,-0.013853,-0.015135,0.008932,0.074601,0.059071,-0.067114,-0.065057,0.074317,0.640488,0.564296,-0.026859,-0.039932,0.067968,0.777427,0.748767
harvest_total,harvest_2013_00314,2013,2010,-3,1,-0.002296,-0.002296,,0.022626,0.020330,-0.001953,-0.001953,,0.038123,0.036170,0.000097,0.000097,,0.023781,0.023878,0.041030,0.041030,,0.202311,0.243341,0.017298,0.017298,,0.088021,0.105319,0.006256,0.006256,,0.035400,0.041656,-0.003819,-0.003819,,0.702232,0.698413,0.032142,0.032142,,0.789632,0.821774
harvest_total,harvest_2013_00314,2013,2011,-2,1,-0.001471,-0.001471,,0.016370,0.014899,-0.013544,-0.013544,,0.038329,0.024785,-0.006532,-0.006532,,0.022434,0.015902,0.025424,0.025424,,0.220365,0.245789,0.003630,0.003630,,0.097151,0.100781,0.000083,0.000083,,0.036871,0.036954,0.024946,0.024946,,0.696824,0.721770,0.020968,0.020968,,0.807696,0.828664
harvest_total,harvest_2013_00314,2013,2013,0,1,0.003506,0.003506,,0.014321,0.017827,-0.000042,-0.000042,,0.035263,0.035221,-0.001224,-0.001224,,0.020701,0.019477,0.032065,0.032065,,0.210575,0.242640,0.015620,0.015620,,0.086481,0.102101,0.000454,0.000454,,0.040597,0.041051,0.019761,0.019761,,0.678759,0.698520,0.028365,0.028365,,0.822213,0.850578
harvest_total,harvest_2013_00314,2013,2014,1,1,-0.022468,-0.022468,,0.040460,0.017992,-0.024241,-0.024241,,0.056795,0.032554,-0.057049,-0.057049,,0.076100,0.019051,0.037153,0.037153,,0.212885,0.250038,-0.152845,-0.152845,,0.257930,0.105085,-0.108804,-0.108804,,0.152715,0.043911,0.555798,0.555798,,0.147155,0.702953,0.385742,0.385742,,0.473329,0.859071
harvest_total,harvest_2013_00314,2013,2015,2,1,-0.035612,-0.035612,,0.050772,0.015160,-0.027830,-0.027830,,0.059545,0.031715,-0.042446,-0.042446,,0.060755,0.018309,0.029191,0.029191,,0.194983,0.224174,-0.150961,-0.150961,,0.246380,0.095419,-0.110729,-0.110729,,0.150295,0.039566,0.574588,0.574588,,0.134599,0.709187,0.319188,0.319188,,0.522733,0.841921
harvest_total,harvest_2013_00314,2013,2016,3,1,-0.025466,-0.025466,,0.040653,0.015187,-0.029549,-0.029549,,0.062433,0.032884,-0.039037,-0.039037,,0.057538,0.018501,0.000756,0.000756,,0.241210,0.241966,-0.144430,-0.144430,,0.241567,0.097137,-0.095136,-0.095136,,0.136902,0.041766,0.409479,0.409479,,0.288894,0.698373,0.231174,0.231174,,0.624487,0.855661
harvest_total,harvest_2013_00314,2013,2017,4,1,0.004153,0.004153,,0.030752,0.034905,0.005225,0.005225,,0.047775,0.053000,-0.006298,-0.006298,,0.045520,0.039222,-0.010642,-0.010642,,0.290517,0.279875,-0.117342,-0.117342,,0.242117,0.124775,-0.060693,-0.060693,,0.124418,0.063725,0.228480,0.228480,,0.400595,0.629075,0.034501,0.034501,,0.719665,0.754166
harvest_total,harvest_2013_00314,2013,2018,5,1,-0.011798,-0.011798,,0.027370,0.015572,-0.023925,-0.023925,,0.052808,0.028883,-0.020130,-0.020130,,0.036775,0.016645,-0.111842,-0.111842,,0.351127,0.239285,-0.123833,-0.123833,,0.221218,0.097385,-0.069162,-0.069162,,0.110255,0.041093,0.179640,0.179640,,0.527237,0.706877,0.076596,0.076596,,0.793220,0.869816
harvest_total,harvest_2013_00314,2013,2019,6,1,-0.017133,-0.017133,,0.031880,0.014747,-0.026455,-0.026455,,0.056905,0.030450,-0.021587,-0.021587,,0.038892,0.017305,-0.129855,-0.129855,,0.356600,0.226745,-0.117095,-0.117095,,0.210713,0.093618,-0.062508,-0.062508,,0.101345,0.038837,0.148732,0.148732,,0.557914,0.706646,0.044584,0.044584,,0.806142,0.850726
harvest_total,harvest_2013_00314,2013,2020,7,1,-0.009487,-0.009487,,0.026022,0.016535,-0.029536,-0.029536,,0.056273,0.026737,-0.022674,-0.022674,,0.034836,0.012162,-0.178433,-0.178433,,0.406471,0.228038,-0.104170,-0.104170,,0.202435,0.098265,-0.051700,-0.051700,,0.092408,0.040708,0.075739,0.075739,,0.629431,0.705170,0.040251,0.040251,,0.841865,0.882116
harvest_total,harvest_2013_00314,2013,2021,8,1,-0.013338,-0.013338,,0.025803,0.012465,-0.018714,-0.018714,,0.048600,0.029886,-0.014534,-0.014534,,0.032650,0.018116,-0.139934,-0.139934,,0.350083,0.210149,-0.101639,-0.101639,,0.190692,0.089053,-0.047190,-0.047190,,0.081160,0.033970,0.125316,0.125316,,0.597270,0.722586,0.006348,0.006348,,0.834798,0.841146
harvest_total,harvest_2013_00314,2013,2022,9,1,-0.010450,-0.010450,,0.026325,0.015875,-0.020762,-0.020762,,0.048187,0.027425,-0.013007,-0.013007,,0.030312,0.017305,-0.170417,-0.170417,,0.383660,0.213243,-0.090062,-0.090062,,0.183762,0.093700,-0.031075,-0.031075,,0.077585,0.046510,0.026019,0.026019,,0.654795,0.680814,0.004543,0.004543,,0.847674,0.852217
harvest_total,harvest_2013_00314,2013,2023,10,1,-0.010092,-0.010092,,0.027741,0.017649,-0.021656,-0.021656,,0.050649,0.028993,-0.012238,-0.012238,,0.030959,0.018721,-0.150563,-0.150563,,0.358305,0.207742,-0.081455,-0.081455,,0.176929,0.095474,-0.035516,-0.035516,,0.077365,0.041849,0.034161,0.034161,,0.631573,0.665734,-0.006265,-0.006265,,0.829311,0.823046
harvest_total,harvest_2013_00314,2013,2024,11,1,-0.011880,-0.011880,,0.029487,0.017607,-0.020708,-0.020708,,0.056919,0.036211,-0.013227,-0.013227,,0.036610,0.023383,-0.162539,-0.162539,,0.353644,0.191105,-0.080685,-0.080685,,0.184973,0.104288,-0.034018,-0.034018,,0.081284,0.047266,-0.022054,-0.022054,,0.631000,0.608946,-0.029844,-0.029844,,0.829816,0.799972
harvest_total,harvest_2013_00314,2013,2025,12,1,-0.006957,-0.006957,,0.024647,0.017690,-0.013503,-0.013503,,0.050525,0.037022,-0.005803,-0.005803,,0.026600,0.020797,-0.174349,-0.174349,,0.395897,0.221548,-0.079447,-0.079447,,0.183680,0.104233,-0.031378,-0.031378,,0.078053,0.046675,0.003315,0.003315,,0.661289,0.664604,-0.028730,-0.028730,,0.874082,0.845352
harvest_total,harvest_2014_00266,2014,2011,-3,8,0.006552,0.003449,0.010588,0.025982,0.030457,0.006614,0.002657,0.014190,0.044131,0.047239,0.001959,-0.000167,0.012586,0.030505,0.029261,0.113568,0.087397,0.060251,0.208705,0.324838,0.019443,0.023674,0.034217,0.095529,0.119784,-0.000248,0.010246,0.023248,0.040473,0.042275,0.044555,0.046727,0.055813,0.681813,0.749339,0.085598,0.082993,0.068990,0.754924,0.854108
harvest_total,harvest_2014_00266,2014,2012,-2,8,-0.006682,-0.005984,0.006697,0.029240,0.024950,-0.001595,-0.002231,0.002833,0.041890,0.040680,-0.001946,-0.004079,0.005132,0.028580,0.025982,0.105903,0.120057,0.057096,0.194295,0.324989,0.020379,0.036280,0.041512,0.096361,0.116264,0.001657,0.009164,0.017606,0.043787,0.045699,0.068022,0.069017,0.053480,0.673639,0.751131,0.098303,0.101810,0.051627,0.742459,0.845015
harvest_total,harvest_2014_00266,2014,2013,-1,6,0.001829,0.003270,0.003446,0.015091,0.017223,0.007288,0.008908,0.003591,0.033461,0.042248,0.001375,0.001762,0.001656,0.020522,0.021739,0.128364,0.120959,0.067428,0.180366,0.316093,0.030243,0.039570,0.041354,0.080074,0.106406,0.006235,0.012751,0.017890,0.036569,0.042007,0.061501,0.047949,0.036312,0.691224,0.735374,0.066890,0.064027,0.036601,0.809308,0.877739
harvest_total,harvest_2014_00266,2014,2014,0,8,-0.001918,-0.008958,0.014583,0.020715,0.018370,-0.000433,-0.006304,0.016945,0.039133,0.039842,-0.003273,-0.021718,0.035193,0.023232,0.019993,0.085834,0.103460,0.070662,0.217945,0.334394,0.004593,-0.011325,0.089176,0.115741,0.123207,-0.003066,-0.022366,0.059574,0.054464,0.048133,0.090808,0.184421,0.206181,0.619776,0.732255,0.093377,0.169229,0.169452,0.796337,0.896363
harvest_total,harvest_2014_00266,2014,2015,1,8,-0.024772,-0.025096,0.013790,0.056094,0.029054,-0.024324,-0.023922,0.014842,0.069026,0.045837,-0.055735,-0.055471,0.022961,0.080720,0.024565,0.081689,0.082849,0.048003,0.207647,0.300156,-0.191035,-0.161611,0.056602,0.281360,0.106371,-0.152873,-0.137289,0.045583,0.193065,0.040212,0.690819,0.667561,0.139191,0.031283,0.754359,0.428227,0.400368,0.124668,0.401566,0.848604
harvest_total,harvest_2014_00266,2014,2016,2,7,-0.026469,-0.027270,0.019430,0.040735,0.013262,-0.024956,-0.031843,0.016172,0.058239,0.033640,-0.052140,-0.054737,0.025824,0.069307,0.017167,0.109766,0.097380,0.066873,0.214892,0.355926,-0.164643,-0.136822,0.053554,0.282268,0.126562,-0.146203,-0.117388,0.041475,0.187406,0.045726,0.594098,0.557617,0.175994,0.109616,0.751615,0.381803,0.354401,0.136704,0.497754,0.905280
harvest_total,harvest_2014_00266,2014,2017,3,8,-0.027095,-0.025855,0.011474,0.045368,0.018632,-0.025582,-0.025544,0.011745,0.063470,0.040796,-0.042907,-0.039791,0.015919,0.064736,0.021829,0.033330,0.041116,0.063362,0.271199,0.334559,-0.157272,-0.127347,0.062104,0.271385,0.120203,-0.109244,-0.092340,0.039977,0.155493,0.048222,0.427806,0.378970,0.160470,0.291222,0.730725,0.244982,0.229799,0.102348,0.613184,0.879698
harvest_total,harvest_2014_00266,2014,2018,4,7,-0.027720,-0.029574,0.008180,0.048105,0.021072,-0.028366,-0.031770,0.010872,0.068304,0.039731,-0.047080,-0.050881,0.010720,0.071164,0.022943,0.046159,0.051506,0.056802,0.254245,0.325992,-0.166980,-0.141804,0.046547,0.269274,0.122025,-0.127091,-0.113241,0.028728,0.168555,0.048352,0.461704,0.484928,0.091543,0.287452,0.733655,0.284681,0.297162,0.045934,0.557295,0.880763
harvest_total,harvest_2014_00266,2014,2019,5,8,-0.026118,-0.026127,0.008686,0.044881,0.020674,-0.028690,-0.031694,0.008896,0.070133,0.041333,-0.038308,-0.041858,0.013903,0.060604,0.023074,-0.028002,-0.016160,0.048151,0.313391,0.303160,-0.137699,-0.127951,0.046760,0.257050,0.126535,-0.106508,-0.097924,0.034349,0.155204,0.051268,0.357032,0.364127,0.152833,0.356868,0.718254,0.184983,0.202656,0.088560,0.673507,0.869739
harvest_total,harvest_2014_00266,2014,2020,6,5,-0.012128,-0.014085,0.005655,0.032567,0.020605,-0.025877,-0.026397,0.006964,0.063106,0.037944,-0.025891,-0.028471,0.008527,0.048311,0.025665,-0.092442,-0.072056,0.053373,0.373801,0.296650,-0.118910,-0.118580,0.031109,0.252526,0.121035,-0.077591,-0.079150,0.021349,0.125710,0.054279,0.216341,0.252964,0.069648,0.462297,0.679165,0.100700,0.115162,0.049390,0.749550,0.846535
harvest_total,harvest_2014_00266,2014,2021,7,8,-0.023897,-0.022491,0.008074,0.044922,0.019946,-0.026826,-0.024764,0.007038,0.064969,0.040336,-0.031026,-0.030406,0.009659,0.054918,0.022228,-0.043457,-0.048983,0.043635,0.333658,0.295192,-0.119137,-0.109943,0.037041,0.243685,0.130619,-0.081387,-0.072770,0.030053,0.129848,0.050978,0.217922,0.236467,0.139247,0.452905,0.671955,0.117693,0.130863,0.070534,0.728961,0.851071
harvest_total,harvest_2014_00266,2014,2022,8,8,-0.016527,-0.017230,0.006946,0.039002,0.021987,-0.024247,-0.025267,0.006130,0.063828,0.039607,-0.021628,-0.022160,0.008033,0.044557,0.022846,-0.108164,-0.108695,0.053119,0.386177,0.290133,-0.087491,-0.084259,0.033076,0.215745,0.130770,-0.050352,-0.045595,0.020510,0.101785,0.053055,0.039807,0.066997,0.079808,0.586112,0.649755,0.039981,0.047206,0.042180,0.799049,0.848176
harvest_total,harvest_2014_00266,2014,2023,9,5,-0.017806,-0.016494,0.004423,0.037421,0.019890,-0.021079,-0.021651,0.005205,0.056630,0.035826,-0.022151,-0.020229,0.003786,0.043732,0.021457,-0.071445,-0.097611,0.068940,0.333225,0.233373,-0.077646,-0.084087,0.024771,0.207138,0.121461,-0.053446,-0.053859,0.009064,0.101716,0.050539,0.151373,0.132216,0.067285,0.525847,0.648396,0.045607,0.041472,0.042842,0.792881,0.834046
harvest_total,harvest_2014_00266,2014,2024,10,8,-0.012979,-0.014738,0.005443,0.038411,0.025603,-0.018446,-0.019713,0.008683,0.064371,0.046372,-0.014382,-0.016746,0.007888,0.045898,0.031516,-0.075803,-0.071316,0.064606,0.337817,0.257752,-0.052449,-0.055153,0.029312,0.202407,0.144210,-0.031715,-0.034743,0.014647,0.097467,0.063931,0.038056,0.040734,0.058226,0.558200,0.591174,0.029006,0.020665,0.045307,0.778760,0.781926
harvest_total,harvest_2014_00266,2014,2025,11,8,-0.010257,-0.008809,0.004859,0.034630,0.023623,-0.012870,-0.011679,0.005004,0.065568,0.052430,-0.008347,-0.009467,0.005555,0.039883,0.031206,-0.079516,-0.063954,0.060089,0.356187,0.289156,-0.049046,-0.043509,0.027359,0.193346,0.143509,-0.027355,-0.027081,0.014237,0.092023,0.060370,0.031315,0.033083,0.030877,0.612922,0.639372,0.001306,0.004897,0.038040,0.800235,0.801413
harvest_total,harvest_2016_00016,2016,2014,-2,1,-0.002255,-0.002255,,0.022227,0.019972,-0.001458,-0.001458,,0.039195,0.037737,0.001953,0.001953,,0.022310,0.024263,-0.126583,-0.126583,,0.375218,0.248635,-0.053859,-0.053859,,0.146940,0.093081,-0.017394,-0.017394,,0.057015,0.039621,-0.003697,-0.003697,,0.730830,0.727133,-0.064571,-0.064571,,0.896142,0.831571
harvest_total,harvest_2016_00016,2016,2015,-1,1,-0.005267,-0.005267,,0.021059,0.015792,0.000578,0.000578,,0.037325,0.037903,0.000193,0.000193,,0.020687,0.020880,-0.117782,-0.117782,,0.369250,0.251468,-0.063759,-0.063759,,0.157019,0.093260,-0.020006,-0.020006,,0.058321,0.038315,0.007607,0.007607,,0.727953,0.735560,-0.044404,-0.044404,,0.891272,0.846868
harvest_total,harvest_2016_00016,2016,2016,0,1,-0.018425,-0.018425,,0.051762,0.033337,-0.025713,-0.025713,,0.070765,0.045052,-0.024008,-0.024008,,0.052450,0.028442,-0.086982,-0.086982,,0.377225,0.290243,-0.065670,-0.065670,,0.172735,0.107065,-0.036754,-0.036754,,0.085230,0.048476,0.072903,0.072903,,0.659917,0.732820,0.058188,0.058188,,0.776070,0.834258
harvest_total,harvest_2016_00016,2016,2017,1,1,-0.026043,-0.026043,,0.044063,0.018020,-0.034018,-0.034018,,0.070490,0.036472,-0.049362,-0.049362,,0.069115,0.019753,-0.085607,-0.085607,,0.331960,0.246353,-0.166705,-0.166705,,0.258205,0.091500,-0.084315,-0.084315,,0.124142,0.039827,0.328014,0.328014,,0.397869,0.725883,0.237891,0.237891,,0.611896,0.849787
harvest_total,harvest_2016_00016,2016,2018,2,1,-0.041676,-0.041676,,0.061346,0.019670,-0.050229,-0.050229,,0.093384,0.043155,-0.047644,-0.047644,,0.069390,0.021746,-0.212905,-0.212905,,0.506956,0.294051,-0.131298,-0.131298,,0.238061,0.106763,-0.080589,-0.080589,,0.124940,0.044351,0.135700,0.135700,,0.604579,0.740279,0.092824,0.092824,,0.762891,0.855715
harvest_total,harvest_2016_00016,2016,2019,3,1,-0.013338,-0.013338,,0.031550,0.018212,-0.020199,-0.020199,,0.059119,0.038920,-0.011343,-0.011343,,0.033956,0.022613,-0.226944,-0.226944,,0.477504,0.250560,-0.112283,-0.112283,,0.210630,0.098347,-0.047191,-0.047191,,0.086028,0.038837,0.034745,0.034745,,0.687103,0.721848,-0.026906,-0.026906,,0.865100,0.838194
harvest_total,harvest_2016_00016,2016,2020,4,1,-0.017902,-0.017902,,0.036637,0.018735,-0.020020,-0.020020,,0.055970,0.035950,-0.008360,-0.008360,,0.032540,0.024180,-0.093390,-0.093390,,0.297200,0.203810,-0.025080,-0.025080,,0.130935,0.105855,-0.017683,-0.017683,,0.066200,0.048517,-0.067057,-0.067057,,0.683378,0.616321,-0.075443,-0.075443,,0.863328,0.787885
harvest_total,harvest_2016_00016,2016,2022,6,1,-0.010367,-0.010367,,0.028855,0.018488,-0.020584,-0.020584,,0.052079,0.031495,-0.006943,-0.006943,,0.028497,0.021554,-0.330385,-0.330385,,0.499751,0.169366,-0.101324,-0.101324,,0.200565,0.099241,-0.026056,-0.026056,,0.075811,0.049755,-0.147248,-0.147248,,0.724349,0.577101,-0.120603,-0.120603,,0.897549,0.776946
harvest_total,harvest_2016_00016,2016,2023,7,1,-0.011412,-0.011412,,0.031302,0.019890,-0.014245,-0.014245,,0.054251,0.040006,-0.003726,-0.003726,,0.030134,0.026408,-0.264426,-0.264426,,0.471137,0.206711,-0.078457,-0.078457,,0.189771,0.111314,-0.018783,-0.018783,,0.072883,0.054100,-0.142283,-0.142283,,0.734409,0.592126,-0.114268,-0.114268,,0.881774,0.767506
harvest_total,harvest_2016_00016,2016,2024,8,1,-0.007809,-0.007809,,0.027837,0.020028,-0.011824,-0.011824,,0.047747,0.035923,0.000206,0.000206,,0.026985,0.027191,-0.211901,-0.211901,,0.360725,0.148824,-0.068420,-0.068420,,0.180160,0.111740,-0.012485,-0.012485,,0.071755,0.059270,-0.237119,-0.237119,,0.677475,0.440356,-0.182635,-0.182635,,0.871929,0.689294
harvest_total,harvest_2016_00016,2016,2025,9,1,-0.003465,-0.003465,,0.027232,0.023767,-0.013090,-0.013090,,0.054787,0.041697,-0.001100,-0.001100,,0.029680,0.028580,-0.228800,-0.228800,,0.425240,0.196440,-0.071638,-0.071638,,0.192013,0.120375,-0.013255,-0.013255,,0.077640,0.064385,-0.209946,-0.209946,,0.707559,0.497613,-0.124863,-0.124863,,0.875258,0.750395
harvest_total,harvest_2016_00026,2016,2013,-3,3,0.004346,0.005349,0.002106,0.018102,0.023850,0.012320,0.011435,0.005302,0.037229,0.049549,0.014396,0.011843,0.006577,0.021898,0.035056,0.018934,0.018136,0.010803,0.209860,0.227350,0.028490,0.026803,0.008893,0.092243,0.121296,0.019594,0.016495,0.005498,0.038865,0.057634,-0.073545,-0.072376,0.008574,0.674531,0.600986,-0.069352,-0.067964,0.025545,0.810140,0.751593
harvest_total,harvest_2016_00026,2016,2014,-2,4,0.004971,0.004149,0.003470,0.020887,0.026022,0.011399,0.011818,0.003214,0.044997,0.056396,0.010704,0.011547,0.004201,0.027583,0.038947,0.014664,0.014702,0.000609,0.233882,0.248621,0.022041,0.021130,0.003132,0.099667,0.121708,0.013695,0.014166,0.003378,0.046950,0.061621,-0.071090,-0.070341,0.024756,0.670447,0.596549,-0.054308,-0.058550,0.013811,0.799459,0.736667
harvest_total,harvest_2016_00026,2016,2015,-1,4,0.007178,0.007363,0.001582,0.015848,0.023630,0.020818,0.020756,0.003512,0.030973,0.053151,0.015255,0.015142,0.002414,0.020014,0.035999,0.019772,0.022529,0.008318,0.219581,0.247755,0.032271,0.033402,0.004275,0.093246,0.125518,0.019910,0.018679,0.005515,0.040185,0.057634,-0.086069,-0.088556,0.036751,0.703567,0.617498,-0.090104,-0.083714,0.017773,0.834639,0.743895
harvest_total,harvest_2016_00026,2016,2016,0,2,-0.020357,-0.020357,0.009771,0.041560,0.021203,-0.011647,-0.011647,0.008614,0.062728,0.051082,-0.037511,-0.037511,0.010209,0.073172,0.035661,0.018322,0.018322,0.042945,0.259223,0.277544,-0.119542,-0.119542,0.037647,0.244888,0.125345,-0.081400,-0.081400,0.016470,0.137377,0.055977,0.346833,0.346833,0.002823,0.314822,0.661655,0.216905,0.216905,0.010237,0.559306,0.776211
harvest_total,harvest_2016_00026,2016,2017,1,1,-0.014548,-0.014548,,0.042055,0.027507,-0.007632,-0.007632,,0.055269,0.047637,-0.029549,-0.029549,,0.063161,0.033612,0.058767,0.058767,,0.172845,0.231612,-0.132152,-0.132152,,0.241279,0.109127,-0.115788,-0.115788,,0.165296,0.049508,0.595630,0.595630,,0.022578,0.618208,0.281739,0.281739,,0.464797,0.746536
harvest_total,harvest_2016_00026,2016,2018,2,4,-0.022124,-0.022488,0.003438,0.049666,0.027810,-0.011935,-0.012389,0.007170,0.070105,0.058548,-0.020041,-0.020402,0.011610,0.063107,0.041670,-0.024221,-0.020515,0.031394,0.288998,0.265843,-0.097741,-0.099065,0.023102,0.223053,0.129939,-0.060528,-0.064580,0.030285,0.121228,0.062632,0.208299,0.225535,0.155293,0.401474,0.612955,0.105587,0.108072,0.072343,0.644273,0.749860
harvest_total,harvest_2016_00026,2016,2019,3,4,-0.016555,-0.018168,0.004541,0.044475,0.026049,-0.013654,-0.014266,0.005021,0.067039,0.053152,-0.014857,-0.016207,0.011845,0.055468,0.037875,-0.069273,-0.068857,0.034399,0.332620,0.263348,-0.118710,-0.111100,0.016906,0.246580,0.135390,-0.073508,-0.068791,0.020796,0.137879,0.065444,0.193786,0.189423,0.104693,0.410215,0.604001,0.035518,0.030410,0.066678,0.695902,0.737173
harvest_total,harvest_2016_00026,2016,2020,4,4,-0.012478,-0.014438,0.005658,0.040006,0.026710,-0.011557,-0.015592,0.009171,0.065815,0.053199,-0.010801,-0.015207,0.011671,0.050071,0.037525,-0.134186,-0.116404,0.042803,0.368109,0.250161,-0.118167,-0.121773,0.015902,0.253585,0.136209,-0.068448,-0.068097,0.015364,0.127182,0.059353,0.180819,0.160966,0.095104,0.460916,0.625018,-0.003041,-0.000158,0.051237,0.731889,0.743041
harvest_total,harvest_2016_00026,2016,2021,5,4,-0.025685,-0.024262,0.005793,0.050512,0.024826,-0.019834,-0.019319,0.003880,0.075928,0.055537,-0.035935,-0.036630,0.006924,0.075983,0.037132,0.002530,0.004362,0.007949,0.233826,0.232774,-0.109883,-0.108580,0.017610,0.238337,0.124741,-0.087663,-0.087110,0.012893,0.150343,0.057882,0.337522,0.348016,0.048312,0.265268,0.602790,0.185189,0.204846,0.045573,0.549826,0.727303
harvest_total,harvest_2016_00026,2016,2022,6,4,-0.012794,-0.011409,0.006435,0.032828,0.021733,-0.014245,-0.012843,0.007900,0.059573,0.045733,-0.019394,-0.018312,0.011186,0.048559,0.030587,-0.072730,-0.061170,0.025976,0.288661,0.221575,-0.101227,-0.099705,0.007327,0.219196,0.117096,-0.065498,-0.065412,0.013168,0.117006,0.055111,0.184164,0.213034,0.102431,0.437300,0.621464,0.037369,0.055003,0.074071,0.727603,0.764973
harvest_total,harvest_2016_00026,2016,2023,7,4,-0.016473,-0.015957,0.003112,0.040130,0.022970,-0.013867,-0.016077,0.008478,0.068634,0.053804,-0.016788,-0.016933,0.008043,0.050868,0.034135,-0.088316,-0.081884,0.042345,0.321703,0.231070,-0.102733,-0.099051,0.017986,0.215291,0.114098,-0.054272,-0.056268,0.014380,0.111575,0.054794,0.097419,0.128788,0.088505,0.498974,0.596394,0.010571,0.021425,0.056956,0.729123,0.739694
harvest_total,harvest_2016_00026,2016,2024,8,4,-0.013990,-0.013581,0.002606,0.035049,0.022324,-0.010621,-0.011601,0.005164,0.061504,0.049892,-0.013179,-0.013447,0.008325,0.047905,0.034753,-0.100891,-0.094084,0.023917,0.338237,0.231729,-0.104115,-0.098787,0.011434,0.215855,0.114242,-0.052188,-0.052436,0.009342,0.106219,0.055228,0.084810,0.095619,0.051177,0.531129,0.615938,-0.011374,-0.005080,0.051712,0.763510,0.752136
harvest_total,harvest_2016_00026,2016,2025,9,4,-0.007397,-0.006889,0.004071,0.030299,0.024572,-0.008552,-0.009267,0.007017,0.063209,0.054788,-0.007287,-0.005947,0.009910,0.043251,0.037126,-0.134600,-0.124345,0.025317,0.389545,0.254946,-0.094449,-0.095315,0.016634,0.224834,0.126074,-0.047417,-0.044560,0.008513,0.106247,0.060425,0.038252,0.041950,0.042194,0.575120,0.611579,-0.043453,-0.048964,0.039405,0.793987,0.750534
harvest_total,harvest_2016_00820,2016,2013,-3,5,0.004414,0.003688,0.001835,0.016673,0.019450,0.006765,0.006801,0.004363,0.033777,0.040542,0.003135,0.005816,0.004479,0.020220,0.025239,0.017958,0.001359,0.041068,0.242035,0.247329,-0.004868,0.002596,0.020591,0.112812,0.120732,-0.002448,0.001136,0.010679,0.052395,0.053138,0.010735,-0.007827,0.056313,0.645963,0.655749,-0.017011,-0.020578,0.029016,0.820321,0.806553
harvest_total,harvest_2016_00820,2016,2014,-2,1,0.004043,0.004043,,0.020687,0.024730,0.004441,0.004441,,0.038508,0.042949,-0.001650,-0.001650,,0.029240,0.027590,0.014520,0.014520,,0.266400,0.280920,-0.000179,-0.000179,,0.137288,0.137109,-0.005940,-0.005940,,0.063918,0.057978,0.041767,0.041767,,0.620413,0.662180,0.003561,0.003561,,0.825615,0.829176
harvest_total,harvest_2016_00820,2016,2015,-1,5,0.002118,0.003605,0.004261,0.021485,0.022640,0.002310,0.004689,0.007687,0.036032,0.039387,0.003327,0.003610,0.006717,0.022915,0.025390,0.017972,0.032555,0.039640,0.221630,0.256734,0.009652,0.014946,0.026943,0.109760,0.121337,0.007287,0.006303,0.015709,0.048572,0.049618,0.029706,0.007509,0.062926,0.637190,0.668119,-0.005447,0.001511,0.035061,0.794547,0.789100
harvest_total,harvest_2016_00820,2016,2017,1,2,-0.030911,-0.030911,0.003072,0.053496,0.022585,-0.017628,-0.017628,0.001089,0.065018,0.047390,-0.032588,-0.032588,0.010034,0.063285,0.030698,0.033921,0.033921,0.042682,0.238652,0.272574,-0.103221,-0.103221,0.005464,0.236741,0.133520,-0.077549,-0.077549,0.000039,0.137095,0.059546,0.380459,0.380459,0.060121,0.269820,0.650279,0.221025,0.221025,0.051024,0.565396,0.786420
harvest_total,harvest_2016_00820,2016,2018,2,5,-0.024241,-0.024134,0.005680,0.042289,0.020179,-0.020473,-0.023031,0.006586,0.060342,0.039869,-0.040095,-0.040439,0.009233,0.065870,0.022282,-0.008332,-0.009636,0.071928,0.228450,0.240591,-0.113094,-0.125837,0.031215,0.237429,0.119990,-0.092826,-0.087293,0.019734,0.141137,0.046427,0.408635,0.376312,0.133949,0.230287,0.672514,0.277243,0.234836,0.094171,0.547963,0.825206
harvest_total,harvest_2016_00820,2016,2019,3,5,-0.014698,-0.015516,0.008343,0.042385,0.027232,-0.016692,-0.015922,0.011137,0.065485,0.047390,-0.019855,-0.024621,0.015077,0.058060,0.029020,-0.054463,-0.052995,0.076353,0.287451,0.266923,-0.111540,-0.110195,0.035827,0.244482,0.144163,-0.069383,-0.075812,0.028187,0.142595,0.065595,0.248764,0.227689,0.148123,0.344249,0.598221,0.095278,0.092764,0.085923,0.664334,0.799826
harvest_total,harvest_2016_00820,2016,2024,8,5,-0.006298,-0.007928,0.005787,0.031247,0.024565,-0.017916,-0.018353,0.004224,0.060906,0.044915,-0.005940,-0.010906,0.008650,0.037022,0.028470,-0.146630,-0.138504,0.027431,0.369333,0.237305,-0.073590,-0.068585,0.016795,0.194130,0.128831,-0.026991,-0.027516,0.014177,0.082370,0.055117,-0.043384,-0.029833,0.067065,0.655903,0.633039,-0.042559,-0.020342,0.051507,0.830333,0.798341
harvest_total,harvest_2016_00820,2016,2025,9,5,-0.009982,-0.009493,0.002725,0.031027,0.020907,-0.023265,-0.021934,0.005690,0.066365,0.044420,-0.016472,-0.015471,0.003641,0.042990,0.025445,-0.182490,-0.151080,0.056168,0.406815,0.240825,-0.082445,-0.072924,0.024046,0.201362,0.120705,-0.032010,-0.026581,0.010953,0.080940,0.051488,-0.007216,-0.007646,0.059163,0.635008,0.647997,-0.005860,-0.001446,0.039971,0.810018,0.804158
harvest_total,harvest_2018_00952,2018,2015,-3,3,0.003712,0.004006,0.002187,0.035922,0.037903,0.002090,0.002035,0.000146,0.052532,0.054677,-0.000165,0.002933,0.007176,0.039800,0.039717,0.090144,0.076835,0.030021,0.201968,0.292112,0.056539,0.059134,0.005002,0.074643,0.139487,0.027555,0.027582,0.000073,0.034190,0.061855,-0.045769,-0.055880,0.028012,0.683600,0.641148,0.094865,0.066285,0.079679,0.687297,0.782162
harvest_total,harvest_2018_00952,2018,2018,0,2,-0.004895,-0.004895,0.009509,0.031852,0.026957,0.004854,0.004854,0.010248,0.036823,0.041676,-0.007569,-0.007569,0.010025,0.036280,0.028710,0.189427,0.189427,0.008177,0.089472,0.278899,0.015812,0.015812,0.006437,0.112489,0.128302,-0.052429,-0.052429,0.028585,0.108571,0.056142,0.777135,0.777135,0.377049,-0.115521,0.661614,0.422325,0.422325,0.138135,0.387879,0.810204
harvest_total,harvest_2018_00952,2018,2019,1,1,-0.031034,-0.031034,,0.056218,0.025184,-0.039806,-0.039806,,0.077901,0.038095,-0.070001,-0.070001,,0.093439,0.023438,0.110633,0.110633,,0.208512,0.319145,-0.115802,-0.115802,,0.262481,0.146679,-0.109133,-0.109133,,0.169902,0.060769,0.607323,0.607323,,0.065569,0.672892,0.470826,0.470826,,0.390795,0.861621
harvest_total,harvest_2018_00952,2018,2021,3,2,-0.025623,-0.025623,0.010724,0.048655,0.023032,-0.026442,-0.026442,0.011375,0.059332,0.032891,-0.044578,-0.044578,0.018803,0.065148,0.020570,0.099385,0.099385,0.000018,0.196282,0.295667,-0.104363,-0.104363,0.061778,0.247872,0.143510,-0.103311,-0.103311,0.046562,0.160614,0.057304,0.574631,0.574631,0.206562,0.103507,0.678138,0.376967,0.376967,0.158584,0.499325,0.876292
harvest_total,harvest_2018_00952,2018,2022,4,1,-0.020419,-0.020419,,0.041505,0.021086,-0.012266,-0.012266,,0.055723,0.043457,-0.037153,-0.037153,,0.067383,0.030230,0.085401,0.085401,,0.171058,0.256459,-0.137747,-0.137747,,0.258727,0.120980,-0.123132,-0.123132,,0.180243,0.057111,0.663834,0.663834,,-0.008139,0.655695,0.369432,0.369432,,0.422959,0.792391
harvest_total,harvest_2018_00952,2018,2024,6,3,-0.026208,-0.027537,0.008412,0.055544,0.029336,-0.025919,-0.023352,0.013590,0.074821,0.048902,-0.034678,-0.031272,0.010205,0.066214,0.032994,0.070909,0.056755,0.063360,0.224765,0.295674,-0.087807,-0.075804,0.040417,0.236521,0.148714,-0.098161,-0.087441,0.019819,0.158889,0.061786,0.402057,0.436029,0.059103,0.221983,0.625127,0.226699,0.231162,0.028169,0.563015,0.820840
harvest_total,harvest_2018_00952,2018,2025,7,3,-0.010463,-0.013209,0.005436,0.037559,0.025363,-0.014492,-0.015194,0.006662,0.058899,0.040378,-0.022055,-0.024741,0.007128,0.053509,0.024262,0.043808,0.050595,0.048353,0.241526,0.291288,-0.067430,-0.065093,0.035189,0.199795,0.132365,-0.060473,-0.058635,0.017254,0.112373,0.057441,0.313493,0.309279,0.016867,0.376596,0.680370,0.185836,0.178911,0.047021,0.646293,0.866299
harvest_total,harvest_2018_01286,2018,2015,-3,10,0.003980,0.003223,0.004262,0.017903,0.019938,0.002221,0.002204,0.007444,0.031845,0.034121,0.001794,0.002265,0.006855,0.019683,0.023218,0.033647,0.035806,0.032949,0.183941,0.209585,0.021119,0.021134,0.024344,0.077997,0.107478,0.007123,0.008708,0.013622,0.032148,0.042977,-0.004205,-0.007871,0.054902,0.686005,0.695266,0.009268,0.008034,0.037674,0.799896,0.802053
harvest_total,harvest_2018_01286,2018,2016,-2,6,0.004888,0.005816,0.004896,0.016321,0.021911,0.008627,0.010990,0.006491,0.029556,0.037627,0.005246,0.006820,0.006452,0.018660,0.023981,0.047912,0.062934,0.049845,0.174873,0.224002,0.036026,0.037891,0.015072,0.082377,0.119591,0.018968,0.018370,0.007895,0.036988,0.054471,-0.031730,-0.007891,0.059546,0.653581,0.625805,0.007992,0.014975,0.051074,0.808151,0.797836
harvest_total,harvest_2018_01286,2018,2017,-1,9,0.002612,0.001179,0.004779,0.014390,0.016480,0.001540,0.001636,0.007146,0.035180,0.036940,0.001320,0.001264,0.007561,0.020880,0.021691,0.032629,0.022921,0.032591,0.177919,0.202298,0.007810,0.008920,0.023230,0.085216,0.107615,0.004139,0.003281,0.014616,0.040295,0.048737,-0.004660,0.011565,0.069257,0.627988,0.638898,0.000571,0.008589,0.047656,0.789536,0.799940
harvest_total,harvest_2018_01286,2018,2018,0,6,0.002117,0.003332,0.004704,0.016556,0.021306,0.005974,0.005683,0.006594,0.038329,0.044461,0.002688,0.003447,0.005445,0.022887,0.026394,0.039387,0.047144,0.037308,0.181480,0.226539,0.015241,0.020405,0.023719,0.086859,0.115356,0.003870,0.005094,0.013861,0.040275,0.048538,0.025904,0.032870,0.073084,0.627360,0.657136,0.010903,0.015480,0.036600,0.775099,0.788906
harvest_total,harvest_2018_01286,2018,2019,1,8,-0.024854,-0.024618,0.008725,0.045197,0.020192,-0.030587,-0.030570,0.013282,0.068909,0.039422,-0.054966,-0.055407,0.014928,0.077220,0.022090,-0.027548,-0.016961,0.037157,0.239622,0.210602,-0.156661,-0.158268,0.057555,0.266655,0.107045,-0.105029,-0.109703,0.037807,0.157906,0.050450,0.452591,0.461579,0.122970,0.153611,0.631872,0.296237,0.302759,0.070631,0.497444,0.799902
harvest_total,harvest_2018_01286,2018,2020,2,10,-0.031529,-0.029472,0.006968,0.047816,0.017959,-0.033549,-0.031875,0.009144,0.067410,0.035702,-0.044887,-0.047553,0.011894,0.068895,0.021416,-0.045814,-0.030893,0.037874,0.242056,0.198572,-0.153835,-0.161993,0.047347,0.265397,0.104178,-0.105786,-0.111023,0.031666,0.153368,0.045493,0.390216,0.407578,0.105078,0.236958,0.653057,0.219113,0.239830,0.062260,0.567457,0.792666
harvest_total,harvest_2018_01286,2018,2021,3,10,-0.026771,-0.025014,0.007470,0.042880,0.018226,-0.028504,-0.027415,0.006430,0.060576,0.034066,-0.033316,-0.033732,0.008891,0.055338,0.020166,-0.065203,-0.056044,0.034195,0.250602,0.189565,-0.132715,-0.130849,0.043830,0.225398,0.096574,-0.080967,-0.082994,0.028464,0.124328,0.043773,0.330766,0.310514,0.106858,0.302488,0.626546,0.161984,0.168743,0.051743,0.624390,0.792049
harvest_total,harvest_2018_01286,2018,2022,4,10,-0.020322,-0.020390,0.009076,0.036754,0.015717,-0.028531,-0.028443,0.008825,0.065541,0.036218,-0.030030,-0.029868,0.010936,0.050525,0.020372,-0.088323,-0.089317,0.036365,0.312002,0.212342,-0.121330,-0.111594,0.043290,0.221726,0.102349,-0.068268,-0.068247,0.027161,0.114462,0.045836,0.170102,0.176220,0.072988,0.470524,0.642294,0.075670,0.078146,0.045537,0.729806,0.799368
harvest_total,harvest_2018_01286,2018,2023,5,10,-0.012814,-0.013279,0.003004,0.030718,0.017326,-0.021354,-0.022505,0.008062,0.056197,0.031110,-0.023120,-0.021948,0.005389,0.042873,0.019023,-0.102334,-0.105149,0.042615,0.290573,0.161185,-0.101805,-0.100034,0.032995,0.182745,0.079399,-0.048036,-0.051306,0.015950,0.090922,0.037627,0.120707,0.122438,0.058202,0.515207,0.645841,0.038101,0.037005,0.034624,0.743637,0.777305
harvest_total,harvest_2018_01286,2018,2024,6,10,-0.015544,-0.016168,0.005342,0.031983,0.016728,-0.021133,-0.021783,0.006963,0.061044,0.039855,-0.019436,-0.019707,0.006757,0.043650,0.023891,-0.105394,-0.107088,0.029966,0.299111,0.179514,-0.085037,-0.088139,0.032399,0.188906,0.102239,-0.043924,-0.044818,0.018831,0.090187,0.046854,0.062202,0.070825,0.058438,0.536356,0.598234,0.028214,0.025907,0.033391,0.771502,0.782211
harvest_total,harvest_2018_01286,2018,2025,7,10,-0.010766,-0.010653,0.004533,0.029446,0.019299,-0.018597,-0.018238,0.005865,0.066716,0.047349,-0.016074,-0.016071,0.005868,0.042522,0.026243,-0.109649,-0.111239,0.032056,0.318534,0.192782,-0.088818,-0.087628,0.029066,0.180572,0.090895,-0.043016,-0.042960,0.015392,0.084178,0.041162,0.064746,0.067804,0.050649,0.574726,0.635409,0.022202,0.017081,0.037722,0.746302,0.765465
harvest_total,harvest_2020_00459,2020,2018,-2,1,-0.003080,-0.003080,,0.021540,0.018460,0.001237,0.001237,,0.042000,0.043237,0.000179,0.000179,,0.026256,0.026435,0.011303,0.011303,,0.222565,0.233868,0.019787,0.019787,,0.099901,0.119688,0.008360,0.008360,,0.046400,0.054760,-0.034417,-0.034417,,0.654913,0.620496,0.009594,0.009594,,0.789726,0.799320
harvest_total,harvest_2020_00459,2020,2019,-1,6,-0.008772,-0.008344,0.002778,0.032238,0.021656,-0.012046,-0.009781,0.007472,0.051268,0.040033,-0.012623,-0.012879,0.005575,0.037724,0.023554,-0.015854,-0.013812,0.018797,0.238832,0.219169,-0.019443,-0.020348,0.011267,0.131663,0.109746,-0.016005,-0.015760,0.007736,0.066200,0.047898,0.063109,0.056763,0.051663,0.579561,0.631671,0.080361,0.069817,0.036245,0.716912,0.799439
harvest_total,harvest_2020_00459,2020,2021,1,1,-0.025794,-0.025794,,0.039222,0.013428,-0.030333,-0.030333,,0.062103,0.031770,-0.054697,-0.054697,,0.073267,0.018570,-0.074387,-0.074387,,0.232932,0.158545,-0.146080,-0.146080,,0.241925,0.095845,-0.091355,-0.091355,,0.131980,0.040625,0.315408,0.315408,,0.276649,0.592057,0.272184,0.272184,,0.514233,0.786417
harvest_total,harvest_2020_00459,2020,2022,2,1,-0.039682,-0.039682,,0.060095,0.020413,-0.037290,-0.037290,,0.081435,0.044145,-0.073123,-0.073123,,0.097523,0.024400,-0.000467,-0.000467,,0.240055,0.239588,-0.197891,-0.197891,,0.317633,0.119742,-0.153065,-0.153065,,0.207742,0.054677,0.582292,0.582292,,0.071860,0.654152,0.410943,0.410943,,0.422222,0.833165
harvest_total,harvest_2020_00459,2020,2023,3,4,-0.041084,-0.041573,0.010481,0.063753,0.022860,-0.047134,-0.044089,0.009803,0.086976,0.042385,-0.063965,-0.064773,0.014194,0.092607,0.026669,-0.026613,-0.028105,0.021013,0.236239,0.208059,-0.161872,-0.161586,0.038762,0.291535,0.122342,-0.130542,-0.125001,0.029877,0.183405,0.055826,0.485438,0.490374,0.061932,0.118738,0.604176,0.330935,0.338483,0.033597,0.434671,0.769575
harvest_total,harvest_2020_00459,2020,2024,4,5,-0.024282,-0.027929,0.018069,0.054897,0.030615,-0.015523,-0.031864,0.029126,0.075852,0.052038,-0.038212,-0.044135,0.024836,0.076458,0.033558,-0.007672,-0.030533,0.045963,0.227652,0.194763,-0.101627,-0.114422,0.054668,0.225288,0.118945,-0.087464,-0.091921,0.036616,0.144520,0.057056,0.324744,0.332214,0.042818,0.233315,0.586778,0.159717,0.204698,0.097416,0.516791,0.738915
harvest_total,harvest_2020_00459,2020,2025,5,6,-0.028964,-0.029306,0.006753,0.049721,0.022324,-0.034547,-0.030261,0.013583,0.073591,0.043568,-0.045657,-0.042786,0.009428,0.068723,0.025898,-0.027926,-0.029251,0.016318,0.248821,0.220791,-0.117590,-0.115784,0.009699,0.228794,0.112874,-0.081483,-0.082346,0.012920,0.132351,0.050868,0.330650,0.323689,0.048668,0.315337,0.634272,0.235268,0.216523,0.066739,0.576048,0.786019
harvest_total,harvest_2020_01549,2020,2017,-3,1,0.014465,0.014465,,0.013056,0.027521,0.021106,0.021106,,0.035551,0.056657,0.033165,0.033165,,0.019684,0.052849,0.126432,0.126432,,0.188341,0.314773,0.085855,0.085855,,0.083250,0.169105,0.043574,0.043574,,0.038040,0.081614,-0.081521,-0.081521,,0.669725,0.588204,-0.102500,-0.102500,,0.814992,0.712492
harvest_total,harvest_2020_01549,2020,2018,-2,1,0.011110,0.011110,,0.015627,0.026737,0.024474,0.024474,,0.028498,0.052972,0.027775,0.027775,,0.020825,0.048600,0.126336,0.126336,,0.181617,0.307953,0.079613,0.079613,,0.083800,0.163413,0.041030,0.041030,,0.039525,0.080555,-0.074291,-0.074291,,0.653042,0.578751,-0.071579,-0.071579,,0.794263,0.722684
harvest_total,harvest_2020_01549,2020,2019,-1,1,0.016527,0.016527,,0.013785,0.030312,0.027033,0.027033,,0.029570,0.056603,0.029246,0.029246,,0.019051,0.048297,0.130872,0.130872,,0.181728,0.312600,0.083503,0.083503,,0.083759,0.167262,0.041373,0.041373,,0.039869,0.081242,-0.045025,-0.045025,,0.640500,0.595475,-0.054038,-0.054038,,0.806111,0.752073
harvest_total,harvest_2020_01549,2020,2021,1,1,-0.027967,-0.027967,,0.053632,0.025665,-0.021889,-0.021889,,0.073927,0.052038,-0.045237,-0.045237,,0.086467,0.041230,0.073095,0.073095,,0.220200,0.293295,-0.154550,-0.154550,,0.296815,0.142265,-0.118222,-0.118222,,0.184505,0.066283,0.498248,0.498248,,0.113462,0.611710,0.318234,0.318234,,0.435182,0.753416
harvest_total,harvest_2020_01549,2020,2022,2,1,-0.020336,-0.020336,,0.046125,0.025789,-0.012802,-0.012802,,0.070779,0.057977,-0.024104,-0.024104,,0.066599,0.042495,0.018892,0.018892,,0.285073,0.303965,-0.136647,-0.136647,,0.273646,0.136999,-0.084054,-0.084054,,0.155603,0.071549,0.341925,0.341925,,0.307763,0.649688,0.139423,0.139423,,0.625790,0.765213
harvest_total,harvest_2020_01549,2020,2023,3,1,-0.011027,-0.011027,,0.038975,0.027948,-0.013296,-0.013296,,0.065072,0.051776,-0.009089,-0.009089,,0.052670,0.043581,-0.040961,-0.040961,,0.322170,0.281209,-0.081854,-0.081854,,0.223885,0.142031,-0.058643,-0.058643,,0.129312,0.070669,0.161669,0.161669,,0.445361,0.607030,-0.005699,-0.005699,,0.725928,0.720229
harvest_total,harvest_2020_01549,2020,2024,4,1,-0.020872,-0.020872,,0.046496,0.025624,-0.014561,-0.014561,,0.072030,0.057469,-0.018631,-0.018631,,0.064756,0.046125,0.021023,0.021023,,0.287713,0.308736,-0.108776,-0.108776,,0.266166,0.157390,-0.074636,-0.074636,,0.149223,0.074587,0.289441,0.289441,,0.308583,0.598024,0.119441,0.119441,,0.617658,0.737099
harvest_total,harvest_2020_01549,2020,2025,5,1,-0.025437,-0.025437,,0.050277,0.024840,-0.020515,-0.020515,,0.079895,0.059380,-0.035228,-0.035228,,0.078410,0.043182,0.062370,0.062370,,0.239148,0.301518,-0.102026,-0.102026,,0.248333,0.146307,-0.089623,-0.089623,,0.160195,0.070572,0.392204,0.392204,,0.223946,0.616150,0.224086,0.224086,,0.525363,0.749449
harvest_total,harvest_2021_00772,2021,2018,-3,9,0.001457,0.003208,0.005733,0.020303,0.025156,0.004042,0.005470,0.007893,0.039827,0.043650,0.000660,0.003824,0.007616,0.025844,0.026311,0.015579,0.036022,0.043548,0.206203,0.219842,0.005239,0.014630,0.024257,0.098842,0.107973,0.001870,0.005312,0.012668,0.049398,0.053055,0.014949,0.018164,0.037268,0.608722,0.622967,0.006104,0.001301,0.047712,0.775677,0.791300
harvest_total,harvest_2021_00772,2021,2019,-2,10,0.002523,0.003760,0.003550,0.019374,0.022482,0.005170,0.006197,0.007419,0.037765,0.041766,0.001451,0.003865,0.006121,0.025149,0.026394,0.028352,0.040040,0.039803,0.198482,0.226814,0.010141,0.015157,0.024382,0.106075,0.118760,0.006511,0.007258,0.012058,0.047307,0.054623,0.016809,0.020708,0.034539,0.601684,0.619609,0.006944,0.009436,0.035911,0.771058,0.779324
harvest_total,harvest_2021_00772,2021,2020,-1,6,0.003870,0.004517,0.011858,0.021794,0.025664,0.007865,0.007927,0.015740,0.037373,0.045238,0.003843,0.003875,0.012854,0.026056,0.029899,0.023994,0.036115,0.035887,0.172639,0.216550,0.013228,0.021487,0.029297,0.089066,0.108880,0.004469,0.010468,0.017181,0.043058,0.049507,-0.001006,-0.001111,0.037367,0.631277,0.616495,-0.007070,0.019400,0.066050,0.758145,0.757149
harvest_total,harvest_2021_00772,2021,2021,0,5,-0.008663,-0.008539,0.006353,0.027783,0.019271,0.010354,0.007087,0.006409,0.035180,0.042275,-0.010037,-0.011209,0.007370,0.036830,0.026050,0.105325,0.109420,0.048297,0.106831,0.186870,-0.024764,-0.020361,0.030756,0.104783,0.077736,-0.053349,-0.049120,0.020523,0.096175,0.039030,0.590956,0.625449,0.091986,0.009875,0.646896,0.375489,0.358371,0.056374,0.389346,0.760967
harvest_total,harvest_2021_00772,2021,2022,1,10,-0.026799,-0.029917,0.008100,0.047981,0.019724,-0.026991,-0.028156,0.011453,0.065939,0.035441,-0.057928,-0.060607,0.013471,0.080837,0.021843,0.025107,0.048089,0.048393,0.167386,0.208925,-0.165858,-0.171852,0.025057,0.272574,0.101077,-0.162388,-0.156827,0.017255,0.203617,0.047438,0.748445,0.723076,0.099374,-0.094863,0.639298,0.454971,0.443737,0.076203,0.351897,0.802782
harvest_total,harvest_2021_00772,2021,2023,2,10,-0.038555,-0.038485,0.005221,0.061532,0.022846,-0.033640,-0.032647,0.005397,0.074560,0.039339,-0.049666,-0.050589,0.008633,0.079146,0.025294,-0.004984,0.003545,0.042783,0.204717,0.207481,-0.164663,-0.160471,0.028761,0.258068,0.106357,-0.142574,-0.137035,0.021700,0.191229,0.052835,0.631806,0.605947,0.114076,0.015519,0.626859,0.347572,0.344208,0.082364,0.426347,0.768491
harvest_total,harvest_2021_00772,2021,2024,3,10,-0.035811,-0.033879,0.006514,0.053481,0.020433,-0.032959,-0.029204,0.011199,0.068345,0.035702,-0.047052,-0.044415,0.011805,0.069761,0.023211,-0.013027,-0.006751,0.041979,0.220234,0.211669,-0.163838,-0.152222,0.029732,0.258143,0.110922,-0.124500,-0.123244,0.025295,0.171917,0.051281,0.487277,0.495873,0.104583,0.123757,0.603813,0.262756,0.274676,0.083207,0.514676,0.777944
harvest_total,harvest_2021_00772,2021,2025,4,10,-0.033743,-0.032942,0.006745,0.055557,0.022062,-0.031763,-0.027693,0.008498,0.074292,0.043966,-0.040858,-0.038001,0.010465,0.065960,0.026119,-0.019614,-0.011870,0.044312,0.244338,0.224009,-0.146616,-0.139557,0.025126,0.250794,0.113638,-0.109608,-0.108540,0.018811,0.159535,0.054733,0.419525,0.427702,0.089836,0.212260,0.621144,0.206032,0.213036,0.077178,0.583325,0.784690
harvest_total,harvest_2021_00937,2021,2018,-3,4,0.002056,0.001976,0.003472,0.022255,0.024200,0.001340,0.001726,0.004012,0.041587,0.042798,0.000254,0.001096,0.003373,0.024585,0.024840,-0.023836,-0.012042,0.092733,0.325856,0.322149,0.003767,-0.001530,0.036122,0.128598,0.131217,-0.000674,0.000107,0.013298,0.048600,0.050525,-0.002118,-0.003922,0.038616,0.722551,0.720433,-0.016826,-0.014465,0.039585,0.861830,0.851506
harvest_total,harvest_2021_00937,2021,2019,-2,4,-0.003286,-0.001382,0.005276,0.023334,0.020446,0.000853,0.000334,0.003099,0.041450,0.041821,0.002536,0.001605,0.002894,0.023685,0.025981,-0.038493,-0.030975,0.064734,0.326020,0.311576,-0.000048,-0.006119,0.026211,0.135726,0.133527,0.003961,-0.000006,0.010521,0.052628,0.054678,-0.018738,-0.016831,0.046499,0.722668,0.712943,-0.030669,-0.024986,0.044859,0.865417,0.844116
harvest_total,harvest_2021_00937,2021,2020,-1,1,0.019017,0.019017,,0.023492,0.042509,0.013571,0.013571,,0.041505,0.055076,0.012554,0.012554,,0.024675,0.037229,0.190423,0.190423,,0.204883,0.395306,0.060101,0.060101,,0.095185,0.155286,0.008251,0.008251,,0.051102,0.059353,0.071497,0.071497,,0.666305,0.737802,0.009965,0.009965,,0.823659,0.833624
harvest_total,harvest_2021_00937,2021,2021,0,4,-0.001960,-0.001544,0.003844,0.024772,0.022440,0.000014,-0.000368,0.004512,0.040996,0.041010,-0.001003,-0.000656,0.004159,0.026332,0.025286,-0.005906,0.000323,0.068034,0.259683,0.285203,0.006126,0.003132,0.032103,0.122471,0.127924,-0.000750,-0.000801,0.013282,0.051542,0.053983,-0.013883,-0.011211,0.059935,0.671478,0.671899,-0.000959,-0.000566,0.029904,0.815641,0.836816
harvest_total,harvest_2021_00937,2021,2022,1,4,-0.013441,-0.016070,0.005914,0.032498,0.017566,-0.027575,-0.028376,0.005533,0.060775,0.033860,-0.023574,-0.026104,0.007169,0.044289,0.020743,-0.067079,-0.066268,0.055318,0.325972,0.265217,-0.103689,-0.109309,0.037854,0.225672,0.121984,-0.060521,-0.064488,0.020509,0.111802,0.051281,0.195063,0.194876,0.089268,0.492770,0.677755,0.093764,0.096864,0.028760,0.755370,0.852757
harvest_total,harvest_2021_00937,2021,2023,2,3,-0.019526,-0.017399,0.005437,0.043953,0.024427,-0.017573,-0.019988,0.004841,0.066530,0.048957,-0.013572,-0.014222,0.003687,0.043953,0.030340,-0.128246,-0.114726,0.023538,0.392240,0.286008,-0.088055,-0.090681,0.016771,0.223390,0.143063,-0.036946,-0.040691,0.014120,0.103985,0.064908,0.040850,0.077584,0.068344,0.563698,0.657342,0.018773,0.038405,0.041617,0.784668,0.834214
harvest_total,harvest_2021_00937,2021,2024,3,4,-0.007363,-0.008064,0.006557,0.031640,0.024276,-0.017002,-0.017150,0.006210,0.057689,0.039841,-0.011853,-0.011478,0.004702,0.038123,0.026132,-0.106253,-0.105043,0.063346,0.328722,0.244118,-0.074958,-0.078677,0.040632,0.205597,0.130639,-0.030882,-0.033048,0.022184,0.091479,0.060597,0.011083,0.008343,0.056071,0.582271,0.578404,-0.008480,-0.011410,0.028223,0.806244,0.804886
harvest_total,harvest_2021_00937,2021,2025,4,4,-0.005005,-0.005455,0.005845,0.027769,0.022489,-0.015057,-0.014056,0.006113,0.055873,0.043024,-0.007411,-0.007318,0.007249,0.031536,0.024778,-0.068351,-0.087161,0.075401,0.375245,0.307994,-0.050394,-0.061686,0.041473,0.190115,0.139597,-0.023980,-0.027644,0.021008,0.083250,0.059270,0.020778,0.033407,0.062789,0.636330,0.657107,-0.012579,-0.012323,0.029059,0.847636,0.840836
harvest_total,harvest_2021_01749,2021,2018,-3,8,0.003114,0.003063,0.002708,0.023183,0.025617,0.005795,0.007863,0.006564,0.038968,0.046510,0.004318,0.006128,0.005403,0.023836,0.028367,0.059510,0.065766,0.040517,0.177802,0.240915,0.035922,0.028851,0.016981,0.084419,0.116965,0.015778,0.013303,0.008398,0.038522,0.054513,0.005403,0.007296,0.035080,0.647566,0.655444,0.027794,0.020970,0.026599,0.763310,0.786558
harvest_total,harvest_2021_01749,2021,2019,-2,7,0.002804,0.003274,0.003692,0.017731,0.019642,0.004593,0.004934,0.005933,0.039112,0.041381,0.001650,0.002809,0.006307,0.025115,0.024469,0.064790,0.063998,0.031545,0.176668,0.239904,0.022839,0.024881,0.017375,0.093122,0.116553,0.007246,0.009709,0.007728,0.043581,0.054774,0.041004,0.042250,0.039998,0.586266,0.638721,0.039114,0.041320,0.020552,0.767400,0.808184
harvest_total,harvest_2021_01749,2021,2020,-1,1,-0.025149,-0.025149,,0.043898,0.018749,-0.023650,-0.023650,,0.060562,0.036912,-0.029576,-0.029576,,0.053247,0.023671,0.031914,0.031914,,0.173615,0.205529,-0.023183,-0.023183,,0.125504,0.102321,-0.041648,-0.041648,,0.087897,0.046249,0.291587,0.291587,,0.341398,0.632985,0.239912,0.239912,,0.553132,0.793044
harvest_total,harvest_2021_01749,2021,2021,0,1,0.004964,0.004964,,0.016232,0.021196,0.014204,0.014204,,0.033269,0.047473,0.010574,0.010574,,0.022420,0.032994,0.116050,0.116050,,0.157610,0.273660,0.024572,0.024572,,0.085051,0.109623,0.012691,0.012691,,0.039305,0.051996,0.066274,0.066274,,0.614507,0.680781,0.033633,0.033633,,0.751175,0.784808
harvest_total,harvest_2021_01749,2021,2023,2,1,-0.019869,-0.019869,,0.041148,0.021279,-0.016486,-0.016486,,0.054375,0.037889,-0.044687,-0.044687,,0.066420,0.021733,0.027913,0.027913,,0.113032,0.140945,-0.132385,-0.132385,,0.207275,0.074890,-0.155444,-0.155444,,0.192013,0.036569,0.812045,0.812045,,-0.211025,0.601020,0.438922,0.438922,,0.259748,0.698670
harvest_total,harvest_2021_01749,2021,2024,3,9,-0.027376,-0.026527,0.005431,0.051185,0.022420,-0.018178,-0.016639,0.008112,0.064385,0.045822,-0.025740,-0.030963,0.010891,0.066723,0.030010,0.021752,0.028789,0.069684,0.184780,0.223087,-0.109863,-0.104056,0.023825,0.240358,0.130495,-0.134833,-0.112108,0.039388,0.199273,0.062377,0.576514,0.517931,0.227561,-0.044169,0.590116,0.313143,0.260602,0.126077,0.423973,0.750745
harvest_total,harvest_2021_01749,2021,2025,4,9,-0.026015,-0.026163,0.006094,0.048710,0.018735,-0.018178,-0.019716,0.008138,0.065732,0.041230,-0.031432,-0.035713,0.011396,0.066777,0.025665,0.010119,0.001917,0.065237,0.208622,0.230540,-0.127201,-0.113809,0.027058,0.239766,0.116745,-0.107387,-0.096889,0.033146,0.167139,0.055200,0.442662,0.413196,0.196470,0.111379,0.605955,0.207350,0.233803,0.125605,0.539337,0.773734
harvest_total,harvest_2023_00116,2023,2021,-2,1,0.003397,0.003397,,0.019876,0.023273,0.004619,0.004619,,0.035318,0.039937,0.003314,0.003314,,0.022901,0.026215,0.018810,0.018810,,0.182965,0.201775,0.020199,0.020199,,0.095254,0.115453,0.007686,0.007686,,0.043444,0.051130,-0.014009,-0.014009,,0.616451,0.602442,-0.012234,-0.012234,,0.777135,0.764901
harvest_total,harvest_2023_00116,2023,2022,-1,1,0.009048,0.009048,,0.016397,0.025445,0.015620,0.015620,,0.029295,0.044915,0.007370,0.007370,,0.020110,0.027480,0.070992,0.070992,,0.172226,0.243218,0.030552,0.030552,,0.088888,0.119440,0.015043,0.015043,,0.038232,0.053275,-0.028061,-0.028061,,0.642848,0.614787,-0.018770,-0.018770,,0.802145,0.783375
harvest_total,harvest_2023_00116,2023,2023,0,1,-0.013833,-0.013833,,0.037449,0.023616,-0.005239,-0.005239,,0.043499,0.038260,-0.021711,-0.021711,,0.046634,0.024923,0.064130,0.064130,,0.128501,0.192631,-0.049541,-0.049541,,0.154186,0.104645,-0.069094,-0.069094,,0.121420,0.052326,0.528356,0.528356,,0.033860,0.562216,0.305489,0.305489,,0.450300,0.755789
harvest_total,harvest_2023_00116,2023,2024,1,1,-0.014052,-0.014052,,0.046592,0.032540,-0.014176,-0.014176,,0.068826,0.054650,-0.016542,-0.016542,,0.053509,0.036967,-0.052483,-0.052483,,0.261147,0.208664,-0.069685,-0.069685,,0.194928,0.125243,-0.057695,-0.057695,,0.116511,0.058816,0.160446,0.160446,,0.398195,0.558641,0.050809,0.050809,,0.665130,0.715939
harvest_total,harvest_2023_00116,2023,2025,2,1,-0.025492,-0.025492,,0.053825,0.028333,-0.034912,-0.034912,,0.084983,0.050071,-0.030222,-0.030222,,0.062680,0.032458,-0.122155,-0.122155,,0.328646,0.206491,-0.078485,-0.078485,,0.198956,0.120471,-0.051274,-0.051274,,0.108481,0.057207,0.061892,0.061892,,0.496535,0.558427,0.062557,0.062557,,0.675026,0.737583
harvest_total,harvest_2023_00217,2023,2022,-1,1,-0.002462,-0.002462,,0.016838,0.014376,-0.001815,-0.001815,,0.029790,0.027975,-0.002090,-0.002090,,0.019395,0.017305,-0.050091,-0.050091,,0.204635,0.154544,-0.040067,-0.040067,,0.117405,0.077338,-0.020391,-0.020391,,0.055145,0.034754,0.048705,0.048705,,0.575448,0.624153,-0.044421,-0.044421,,0.817927,0.773506
harvest_total,harvest_2023_00217,2023,2023,0,1,-0.010491,-0.010491,,0.028415,0.017924,-0.001966,-0.001966,,0.037256,0.035290,-0.007632,-0.007632,,0.031784,0.024152,-0.033096,-0.033096,,0.185976,0.152880,-0.055055,-0.055055,,0.141811,0.086756,-0.040672,-0.040672,,0.082521,0.041849,0.146049,0.146049,,0.457341,0.603390,0.008379,0.008379,,0.732527,0.740906
harvest_total,harvest_2023_00217,2023,2024,1,1,-0.033990,-0.033990,,0.051460,0.017470,-0.037661,-0.037661,,0.075082,0.037421,-0.047713,-0.047713,,0.071398,0.023685,-0.083737,-0.083737,,0.249790,0.166053,-0.167654,-0.167654,,0.256885,0.089231,-0.106411,-0.106411,,0.150790,0.044379,0.315553,0.315553,,0.278925,0.594478,0.188988,0.188988,,0.580690,0.769678
harvest_total,harvest_2023_00217,2023,2025,2,1,-0.020405,-0.020405,,0.039690,0.019285,-0.029563,-0.029563,,0.071865,0.042302,-0.026016,-0.026016,,0.052698,0.026682,-0.214610,-0.214610,,0.414130,0.199520,-0.127628,-0.127628,,0.234390,0.106762,-0.061793,-0.061793,,0.113885,0.052092,0.017301,0.017301,,0.568630,0.585931,-0.012361,-0.012361,,0.776444,0.764083
harvest_total,harvest_2023_00303,2023,2022,-1,1,0.001677,0.001677,,0.016453,0.018130,0.003933,0.003933,,0.033337,0.037270,0.000220,0.000220,,0.021292,0.021512,0.123503,0.123503,,0.291315,0.414818,0.049747,0.049747,,0.122685,0.172432,0.007701,0.007701,,0.055557,0.063258,0.052620,0.052620,,0.669975,0.722595,0.032385,0.032385,,0.861013,0.893398
harvest_total,harvest_2023_00303,2023,2024,1,1,-0.016362,-0.016362,,0.039085,0.022723,-0.014163,-0.014163,,0.062075,0.047912,-0.019662,-0.019662,,0.048325,0.028663,0.101063,0.101063,,0.328825,0.429888,-0.054504,-0.054504,,0.231722,0.177218,-0.045733,-0.045733,,0.116938,0.071205,0.237572,0.237572,,0.476066,0.713638,0.133575,0.133575,,0.743736,0.877311
harvest_total,harvest_2023_00303,2023,2025,2,1,-0.003850,-0.003850,,0.027370,0.023520,-0.003232,-0.003232,,0.054733,0.051501,-0.003671,-0.003671,,0.031825,0.028154,0.033192,0.033192,,0.357233,0.390425,-0.017133,-0.017133,,0.184450,0.167317,-0.017009,-0.017009,,0.084900,0.067891,0.089479,0.089479,,0.615952,0.705431,0.029333,0.029333,,0.839568,0.868901
harvest_total,harvest_2023_00310,2023,2023,0,1,-0.015894,-0.015894,,0.038892,0.022998,0.006614,0.006614,,0.039786,0.046400,-0.017037,-0.017037,,0.045149,0.028112,0.138903,0.138903,,0.082755,0.221658,-0.028380,-0.028380,,0.130825,0.102445,-0.067581,-0.067581,,0.117199,0.049618,0.805538,0.805538,,-0.154810,0.650728,0.467451,0.467451,,0.294152,0.761603
harvest_total,harvest_2023_00310,2023,2024,1,2,-0.038095,-0.038095,0.002985,0.062247,0.024153,-0.032463,-0.032463,0.011375,0.077310,0.044846,-0.058562,-0.058562,0.008828,0.087849,0.029288,0.024743,0.024743,0.070013,0.180229,0.204972,-0.176021,-0.176021,0.026261,0.278851,0.102830,-0.145653,-0.145653,0.001886,0.195065,0.049411,0.632833,0.632833,0.080018,-0.030181,0.602652,0.382905,0.382905,0.051265,0.348004,0.730909
harvest_total,harvest_2023_00310,2023,2025,2,2,-0.035228,-0.035228,0.007856,0.055579,0.020351,-0.027253,-0.027253,0.009178,0.069184,0.041931,-0.047252,-0.047252,0.007283,0.074285,0.027033,0.006765,0.006765,0.043383,0.188664,0.195429,-0.165543,-0.165543,0.030558,0.264433,0.098890,-0.134743,-0.134743,0.006874,0.179865,0.045122,0.606743,0.606743,0.023003,0.018163,0.624906,0.336679,0.336679,0.018179,0.423893,0.760572
harvest_total,harvest_2023_00339,2023,2020,-3,1,0.004496,0.004496,,0.016205,0.020701,0.011523,0.011523,,0.035840,0.047363,0.005582,0.005582,,0.023410,0.028992,0.052525,0.052525,,0.176365,0.228890,0.026372,0.026372,,0.090483,0.116855,0.012003,0.012003,,0.040653,0.052656,-0.001526,-0.001526,,0.625479,0.623953,0.006019,0.006019,,0.765636,0.771655
harvest_total,harvest_2023_00339,2023,2021,-2,1,0.006160,0.006160,,0.019147,0.025307,0.011151,0.011151,,0.044585,0.055736,0.005514,0.005514,,0.029845,0.035359,0.045718,0.045718,,0.189868,0.235586,0.035310,0.035310,,0.085257,0.120567,0.016996,0.016996,,0.039332,0.056328,-0.000434,-0.000434,,0.610203,0.609769,0.000598,0.000598,,0.738695,0.739293
harvest_total,harvest_2023_00339,2023,2022,-1,1,0.001018,0.001018,,0.016370,0.017388,0.007700,0.007700,,0.031990,0.039690,0.005912,0.005912,,0.019478,0.025390,0.046943,0.046943,,0.158270,0.205213,0.018205,0.018205,,0.080693,0.098898,0.009460,0.009460,,0.031550,0.041010,-0.014306,-0.014306,,0.656018,0.641712,0.009425,0.009425,,0.764402,0.773827
harvest_total,harvest_2023_00339,2023,2023,0,1,0.000825,0.000825,,0.017855,0.018680,0.017338,0.017338,,0.028663,0.046001,0.008580,0.008580,,0.019230,0.027810,0.078361,0.078361,,0.137205,0.215566,0.036039,0.036039,,0.065320,0.101359,0.019333,0.019333,,0.026435,0.045768,-0.026060,-0.026060,,0.676913,0.650853,0.029189,0.029189,,0.743976,0.773165
harvest_total,harvest_2023_00339,2023,2024,1,1,-0.032683,-0.032683,,0.051996,0.019313,-0.026744,-0.026744,,0.072346,0.045602,-0.048688,-0.048688,,0.077571,0.028883,-0.002696,-0.002696,,0.209503,0.206807,-0.162979,-0.162979,,0.272986,0.110007,-0.115171,-0.115171,,0.165833,0.050662,0.499081,0.499081,,0.121922,0.621003,0.314014,0.314014,,0.457612,0.771626
harvest_total,harvest_2023_00339,2023,2025,2,1,-0.019167,-0.019167,,0.041890,0.022723,-0.012155,-0.012155,,0.059435,0.047280,-0.028407,-0.028407,,0.059957,0.031550,-0.007838,-0.007838,,0.228093,0.220255,-0.152186,-0.152186,,0.258618,0.106432,-0.104252,-0.104252,,0.154062,0.049810,0.432231,0.432231,,0.198895,0.631126,0.180252,0.180252,,0.583701,0.763953
harvest_total,harvest_2023_00349,2023,2020,-3,2,-0.000509,-0.000509,0.005465,0.021382,0.020873,0.001767,0.001767,0.010568,0.036122,0.037889,-0.000729,-0.000729,0.007720,0.025308,0.024578,-0.018735,-0.018735,0.038920,0.238969,0.220234,-0.007494,-0.007494,0.040038,0.115597,0.108103,-0.004132,-0.004132,0.018289,0.050532,0.046400,-0.000820,-0.000820,0.058534,0.654103,0.653283,-0.011720,-0.011720,0.023936,0.810798,0.799077
harvest_total,harvest_2023_00349,2023,2021,-2,2,0.001197,0.001197,0.002508,0.020715,0.021912,0.005940,0.005940,0.000467,0.039580,0.045520,0.005177,0.005177,0.009869,0.022310,0.027487,-0.008896,-0.008896,0.024870,0.231709,0.222812,0.004256,0.004256,0.035653,0.103737,0.107993,-0.002310,-0.002310,0.014098,0.050057,0.047747,-0.005228,-0.005228,0.063763,0.654546,0.649317,-0.009136,-0.009136,0.021146,0.787224,0.778088
harvest_total,harvest_2023_00349,2023,2022,-1,2,-0.001622,-0.001622,0.002353,0.017340,0.015717,0.004537,0.004537,0.005815,0.029907,0.034444,0.001705,0.001705,0.004317,0.018955,0.020660,-0.011131,-0.011131,0.008605,0.219238,0.208106,-0.004435,-0.004435,0.014205,0.101338,0.096904,-0.000708,-0.000708,0.006699,0.042688,0.041980,-0.004529,-0.004529,0.031283,0.664593,0.660064,-0.033357,-0.033357,0.029903,0.848099,0.814742
harvest_total,harvest_2023_00349,2023,2023,0,2,0.007370,0.007370,0.003422,0.016542,0.023912,0.013014,0.013014,0.000127,0.032341,0.045355,0.004585,0.004585,0.001138,0.022262,0.026847,0.023898,0.023898,0.005873,0.217608,0.241505,0.011200,0.011200,0.007360,0.102555,0.113755,0.005349,0.005349,0.007778,0.044241,0.049590,-0.003279,-0.003279,0.042709,0.654311,0.651033,-0.019072,-0.019072,0.009906,0.808710,0.789638
harvest_total,harvest_2023_00349,2023,2024,1,2,-0.036987,-0.036987,0.002995,0.056231,0.019244,-0.033508,-0.033508,0.012232,0.070366,0.036858,-0.064955,-0.064955,0.017774,0.088791,0.023836,0.013137,0.013137,0.044171,0.194419,0.207556,-0.159947,-0.159947,0.041992,0.264942,0.104995,-0.133532,-0.133532,0.024861,0.181507,0.047975,0.598222,0.598222,0.008603,0.028871,0.627093,0.433275,0.433275,0.010555,0.361163,0.794439
harvest_total,harvest_2023_00349,2023,2025,2,2,-0.037387,-0.037387,0.010793,0.055915,0.018528,-0.040535,-0.040535,0.019563,0.080555,0.040020,-0.059208,-0.059208,0.013028,0.082301,0.023093,-0.017153,-0.017153,0.095487,0.236803,0.219649,-0.164099,-0.164099,0.049595,0.265836,0.101737,-0.122203,-0.122203,0.013835,0.166960,0.044757,0.491915,0.491915,0.083067,0.173016,0.664931,0.336595,0.336595,0.034252,0.478491,0.815085
harvest_total,harvest_2023_00408,2023,2020,-3,3,0.000110,0.008310,0.016010,0.025019,0.026091,0.006311,0.012150,0.016890,0.046345,0.052656,0.003011,0.012040,0.015830,0.030230,0.034974,-0.102479,-0.113254,0.028787,0.450224,0.304350,-0.025617,-0.032964,0.014142,0.176888,0.151271,-0.003850,-0.001453,0.014797,0.065485,0.066351,-0.040293,-0.068937,0.081547,0.736254,0.695961,-0.069302,-0.103693,0.083613,0.870045,0.790274
harvest_total,harvest_2023_00408,2023,2021,-2,2,-0.001664,-0.001664,0.004997,0.025018,0.023355,0.002358,0.002358,0.003043,0.037490,0.039848,0.005219,0.005219,0.001098,0.023060,0.028278,-0.116614,-0.116614,0.027730,0.322198,0.205584,-0.032044,-0.032044,0.001273,0.138848,0.106803,-0.004345,-0.004345,0.006242,0.051488,0.047143,-0.079664,-0.079664,0.067515,0.721595,0.641930,-0.085077,-0.085077,0.020567,0.864880,0.779803
harvest_total,harvest_2023_00408,2023,2022,-1,3,0.004001,0.002571,0.003358,0.014060,0.016961,0.001637,0.001302,0.003320,0.029391,0.030684,0.002035,0.001017,0.002809,0.017676,0.019711,-0.067911,-0.077266,0.023374,0.301394,0.197526,-0.025190,-0.027899,0.009539,0.127003,0.106996,-0.006009,-0.005211,0.006663,0.047761,0.049411,-0.027143,-0.049071,0.065956,0.713588,0.686445,-0.022556,-0.033436,0.027227,0.877109,0.836882
harvest_total,harvest_2023_00408,2023,2024,1,3,-0.016719,-0.017284,0.006022,0.038562,0.021843,-0.024323,-0.022719,0.006623,0.059957,0.040708,-0.018933,-0.019227,0.013711,0.044846,0.025913,-0.153862,-0.148431,0.053084,0.395719,0.197128,-0.106315,-0.105458,0.011635,0.222098,0.125518,-0.057517,-0.058882,0.016090,0.116497,0.059737,0.077302,0.073639,0.157499,0.561302,0.596137,0.020079,0.018886,0.098436,0.803241,0.769188
harvest_total,harvest_2023_00408,2023,2025,2,3,-0.003012,-0.004011,0.003080,0.022668,0.019656,-0.017559,-0.016267,0.003485,0.054774,0.037215,-0.005706,-0.008635,0.006910,0.028635,0.022929,-0.188856,-0.174171,0.034942,0.417073,0.217698,-0.081551,-0.085236,0.014598,0.190858,0.118024,-0.032628,-0.037643,0.014945,0.086852,0.054224,0.015243,0.016658,0.096068,0.648121,0.663364,-0.022882,-0.024970,0.043115,0.865369,0.823258
harvest_total,harvest_2023_00436,2023,2022,-1,1,0.003548,0.003548,,0.015957,0.019505,0.008745,0.008745,,0.027370,0.036115,0.008635,0.008635,,0.015022,0.023657,0.013392,0.013392,,0.175733,0.189125,-0.002255,-0.002255,,0.097633,0.095378,0.006407,0.006407,,0.040708,0.047115,-0.031014,-0.031014,,0.623845,0.592831,-0.061709,-0.061709,,0.834200,0.772491
harvest_total,harvest_2023_00436,2023,2023,0,1,-0.005844,-0.005844,,0.026559,0.020715,0.006876,0.006876,,0.028607,0.035483,-0.002008,-0.002008,,0.031660,0.029652,0.126665,0.126665,,0.064303,0.190968,-0.009405,-0.009405,,0.108192,0.098787,-0.056705,-0.056705,,0.105552,0.048847,0.801562,0.801562,,-0.204586,0.596976,0.415661,0.415661,,0.351011,0.766672
harvest_total,harvest_2023_00436,2023,2024,1,1,-0.035585,-0.035585,,0.055970,0.020385,-0.026813,-0.026813,,0.068730,0.041917,-0.049253,-0.049253,,0.077448,0.028195,0.021285,0.021285,,0.161102,0.182387,-0.123448,-0.123448,,0.231695,0.108247,-0.134117,-0.134117,,0.186567,0.052450,0.642145,0.642145,,-0.049909,0.592236,0.418585,0.418585,,0.351289,0.769874
harvest_total,harvest_2023_00436,2023,2025,2,1,-0.028229,-0.028229,,0.049274,0.021045,-0.022399,-0.022399,,0.065664,0.043265,-0.030112,-0.030112,,0.058967,0.028855,-0.055661,-0.055661,,0.251853,0.196192,-0.122815,-0.122815,,0.227900,0.105085,-0.092441,-0.092441,,0.140711,0.048270,0.324589,0.324589,,0.301811,0.626400,0.131309,0.131309,,0.627216,0.758525
harvest_total,harvest_2023_00653,2023,2020,-3,1,-0.004537,-0.004537,,0.019147,0.014610,-0.002145,-0.002145,,0.033351,0.031206,-0.003891,-0.003891,,0.022296,0.018405,-0.023526,-0.023526,,0.197581,0.174055,-0.018686,-0.018686,,0.102981,0.084295,-0.011069,-0.011069,,0.047019,0.035950,0.043168,0.043168,,0.614766,0.657934,0.014928,0.014928,,0.798490,0.813418
harvest_total,harvest_2023_00653,2023,2021,-2,1,0.005115,0.005115,,0.019780,0.024895,-0.006641,-0.006641,,0.045506,0.038865,0.000619,0.000619,,0.027879,0.028498,-0.027761,-0.027761,,0.209516,0.181755,-0.012003,-0.012003,,0.107271,0.095268,-0.004840,-0.004840,,0.047720,0.042880,-0.028815,-0.028815,,0.623967,0.595152,-0.026514,-0.026514,,0.760890,0.734376
harvest_total,harvest_2023_00653,2023,2022,-1,1,0.001967,0.001967,,0.020701,0.022668,-0.004167,-0.004167,,0.037669,0.033502,0.000990,0.000990,,0.023630,0.024620,-0.042459,-0.042459,,0.200042,0.157583,0.006971,0.006971,,0.105731,0.112702,0.005555,0.005555,,0.049260,0.054815,-0.117933,-0.117933,,0.611879,0.493946,-0.066841,-0.066841,,0.796592,0.729751
harvest_total,harvest_2023_00653,2023,2023,0,1,-0.009928,-0.009928,,0.034465,0.024537,-0.010437,-0.010437,,0.044324,0.033887,-0.023086,-0.023086,,0.050071,0.026985,0.028834,0.028834,,0.115191,0.144025,-0.063622,-0.063622,,0.168954,0.105332,-0.080905,-0.080905,,0.136958,0.056053,0.466131,0.466131,,-0.036074,0.430057,0.310863,0.310863,,0.373541,0.684404
harvest_total,harvest_2023_00653,2023,2024,1,1,-0.010395,-0.010395,,0.039140,0.028745,-0.020791,-0.020791,,0.057208,0.036417,-0.019800,-0.019800,,0.051955,0.032155,-0.067814,-0.067814,,0.209942,0.142128,-0.072160,-0.072160,,0.196578,0.124418,-0.067622,-0.067622,,0.133795,0.066173,0.129516,0.129516,,0.235126,0.364642,0.058288,0.058288,,0.592991,0.651279
harvest_total,harvest_2023_00653,2023,2025,2,1,-0.002256,-0.002256,,0.032403,0.030147,-0.018535,-0.018535,,0.057730,0.039195,-0.017738,-0.017738,,0.049563,0.031825,-0.105518,-0.105518,,0.282983,0.177465,-0.079392,-0.079392,,0.213325,0.133933,-0.042873,-0.042873,,0.119495,0.076622,-0.053546,-0.053546,,0.454875,0.401329,0.031635,0.031635,,0.664242,0.695877
harvest_total,harvest_2023_00658,2023,2020,-3,1,0.003822,0.003822,,0.018075,0.021897,0.003245,0.003245,,0.035263,0.038508,0.001898,0.001898,,0.017992,0.019890,0.001155,0.001155,,0.340815,0.341970,-0.021753,-0.021753,,0.156895,0.135142,-0.002282,-0.002282,,0.055860,0.053578,0.020022,0.020022,,0.699276,0.719298,-0.017454,-0.017454,,0.887751,0.870297
harvest_total,harvest_2023_00658,2023,2022,-1,1,-0.002585,-0.002585,,0.020852,0.018267,-0.006243,-0.006243,,0.035840,0.029597,-0.004675,-0.004675,,0.022805,0.018130,-0.025767,-0.025767,,0.322995,0.297228,-0.025272,-0.025272,,0.151917,0.126645,-0.014988,-0.014988,,0.062735,0.047747,0.050880,0.050880,,0.671062,0.721942,0.028706,0.028706,,0.862653,0.891359
harvest_total,harvest_2023_00658,2023,2023,0,1,-0.004139,-0.004139,,0.026009,0.021870,-0.009996,-0.009996,,0.046166,0.036170,-0.006903,-0.006903,,0.028360,0.021457,0.001596,0.001596,,0.324562,0.326158,-0.034925,-0.034925,,0.157362,0.122437,-0.016927,-0.016927,,0.067589,0.050662,0.066452,0.066452,,0.653687,0.720139,0.036776,0.036776,,0.836041,0.872817
harvest_total,harvest_2023_00658,2023,2024,1,1,-0.015812,-0.015812,,0.038947,0.023135,-0.023031,-0.023031,,0.061346,0.038315,-0.026772,-0.026772,,0.050649,0.023877,-0.066179,-0.066179,,0.344074,0.277895,-0.104322,-0.104322,,0.233304,0.128982,-0.056966,-0.056966,,0.113459,0.056493,0.162028,0.162028,,0.505274,0.667302,0.112619,0.112619,,0.737902,0.850521
harvest_total,harvest_2023_00658,2023,2025,2,1,-0.020006,-0.020006,,0.037545,0.017539,-0.025727,-0.025727,,0.061773,0.036046,-0.016858,-0.016858,,0.035345,0.018487,-0.122568,-0.122568,,0.471083,0.348515,-0.104858,-0.104858,,0.232328,0.127470,-0.049252,-0.049252,,0.099282,0.050030,0.115058,0.115058,,0.629964,0.745022,0.049039,0.049039,,0.848614,0.897653
harvest_total,harvest_2023_00662,2023,2022,-1,1,0.004317,0.004317,,0.015105,0.019422,0.005982,0.005982,,0.030917,0.036899,0.005514,0.005514,,0.019450,0.024964,0.095741,0.095741,,0.152495,0.248236,0.048826,0.048826,,0.073213,0.122039,0.020708,0.020708,,0.034107,0.054815,0.009032,0.009032,,0.625284,0.634316,0.039063,0.039063,,0.772899,0.811962
harvest_total,harvest_2023_00662,2023,2023,0,1,-0.004001,-0.004001,,0.027686,0.023685,0.004647,0.004647,,0.034245,0.038892,-0.005266,-0.005266,,0.034424,0.029158,0.139934,0.139934,,0.091651,0.231585,-0.002269,-0.002269,,0.122149,0.119880,-0.049281,-0.049281,,0.106103,0.056822,0.549838,0.549838,,0.072516,0.622354,0.372225,0.372225,,0.422767,0.794992
harvest_total,harvest_2023_00662,2023,2024,1,1,-0.013309,-0.013309,,0.038672,0.025363,-0.003122,-0.003122,,0.045259,0.042137,-0.017462,-0.017462,,0.047692,0.030230,0.090847,0.090847,,0.125311,0.216158,-0.039710,-0.039710,,0.169380,0.129670,-0.070593,-0.070593,,0.132860,0.062267,0.497737,0.497737,,0.073855,0.571592,0.308838,0.308838,,0.444731,0.753569
harvest_total,harvest_2023_00662,2023,2025,2,1,-0.002172,-0.002172,,0.029762,0.027590,0.000907,0.000907,,0.043403,0.044310,-0.009295,-0.009295,,0.038095,0.028800,0.068915,0.068915,,0.167730,0.236645,-0.062755,-0.062755,,0.183295,0.120540,-0.080327,-0.080327,,0.137645,0.057318,0.504683,0.504683,,0.098518,0.603201,0.174079,0.174079,,0.617262,0.791341
harvest_total,harvest_2023_00958,2023,2020,-3,1,0.006380,0.006380,,0.015297,0.021677,0.000330,0.000330,,0.035235,0.035565,0.008580,0.008580,,0.019918,0.028498,-0.008634,-0.008634,,0.188767,0.180133,0.005913,0.005913,,0.081682,0.087595,0.003548,0.003548,,0.036802,0.040350,-0.048054,-0.048054,,0.670564,0.622510,-0.083799,-0.083799,,0.810612,0.726813
harvest_total,harvest_2023_00958,2023,2021,-2,2,-0.001718,-0.001718,0.003248,0.016521,0.014802,0.001595,0.001595,0.004122,0.032622,0.034217,0.003850,0.003850,0.000233,0.019162,0.023011,-0.035021,-0.035021,0.050227,0.190679,0.155658,-0.014554,-0.014554,0.027272,0.086488,0.071934,-0.004359,-0.004359,0.011725,0.037683,0.033323,0.007217,0.007217,0.035243,0.656087,0.663304,-0.071580,-0.071580,0.062092,0.814380,0.742800
harvest_total,harvest_2023_00958,2023,2022,-1,2,-0.000900,-0.000900,0.007321,0.014940,0.014039,0.001120,0.001120,0.006602,0.028931,0.030052,0.001932,0.001932,0.007651,0.018728,0.020660,-0.023747,-0.023747,0.040154,0.175155,0.151409,-0.017050,-0.017050,0.015479,0.091212,0.074161,-0.006785,-0.006785,0.009927,0.039986,0.033200,-0.011764,-0.011764,0.044947,0.633156,0.621392,-0.045981,-0.045981,0.003557,0.793940,0.747959
harvest_total,harvest_2023_00958,2023,2023,0,2,-0.019883,-0.019883,0.007350,0.036734,0.016851,-0.007109,-0.007109,0.002003,0.038329,0.031220,-0.023979,-0.023979,0.008362,0.045933,0.021953,0.053769,0.053769,0.025756,0.088579,0.142347,-0.090867,-0.090867,0.019300,0.160786,0.069919,-0.115796,-0.115796,0.003159,0.150845,0.035049,0.745326,0.745326,0.227054,-0.132394,0.612931,0.364849,0.364849,0.142088,0.373072,0.737920
harvest_total,harvest_2023_00958,2023,2024,1,2,-0.030965,-0.030965,0.002645,0.049535,0.018570,-0.023719,-0.023719,0.001731,0.060453,0.036734,-0.036128,-0.036128,0.008391,0.062639,0.026511,-0.031522,-0.031522,0.053155,0.175870,0.144348,-0.141117,-0.141117,0.002470,0.227529,0.086413,-0.129216,-0.129216,0.023947,0.169532,0.040316,0.543929,0.543929,0.183704,0.014202,0.558132,0.211310,0.211310,0.162180,0.483865,0.695175
harvest_total,harvest_2023_00958,2023,2025,2,2,-0.022461,-0.022461,0.002556,0.038645,0.016184,-0.017545,-0.017545,0.000934,0.055530,0.037985,-0.026345,-0.026345,0.011396,0.050470,0.024125,-0.089134,-0.089134,0.043277,0.242227,0.153093,-0.129938,-0.129938,0.014429,0.205227,0.075289,-0.094682,-0.094682,0.026485,0.131375,0.036693,0.325535,0.325535,0.158155,0.285003,0.610538,0.083718,0.083718,0.114291,0.651604,0.735322
harvest_total,harvest_2023_00978,2023,2020,-3,2,0.009295,0.009295,0.000817,0.015366,0.024661,0.019588,0.019588,0.012474,0.030684,0.050271,0.016286,0.016286,0.009441,0.021244,0.037531,0.086480,0.086480,0.074233,0.166554,0.253034,0.037317,0.037317,0.016354,0.089211,0.126528,0.025617,0.025617,0.014662,0.038040,0.063657,0.000101,0.000101,0.049050,0.617703,0.617803,-0.023164,-0.023164,0.027319,0.776918,0.753753
harvest_total,harvest_2023_00978,2023,2021,-2,2,0.007013,0.007013,0.001672,0.017869,0.024882,0.015173,0.015173,0.009110,0.033908,0.049082,0.014568,0.014568,0.011872,0.022344,0.036913,0.086852,0.086852,0.077363,0.163956,0.250807,0.040054,0.040054,0.021157,0.090070,0.130124,0.020454,0.020454,0.013214,0.038941,0.059394,-0.001403,-0.001403,0.041151,0.609609,0.608206,-0.024726,-0.024726,0.006215,0.767869,0.743143
harvest_total,harvest_2023_00978,2023,2022,-1,2,0.007768,0.007768,0.004492,0.014198,0.021966,0.020446,0.020446,0.010014,0.029501,0.049947,0.016348,0.016348,0.010928,0.018756,0.035104,0.111732,0.111732,0.085969,0.159405,0.271137,0.043896,0.043896,0.027681,0.085457,0.129354,0.020268,0.020268,0.011355,0.039305,0.059573,0.039693,0.039693,0.034058,0.594415,0.634108,-0.024689,-0.024689,0.002655,0.785852,0.761162
harvest_total,harvest_2023_00978,2023,2023,0,2,-0.007701,-0.007701,0.003130,0.031103,0.023403,0.011736,0.011736,0.009654,0.035153,0.046888,-0.004263,-0.004263,0.011162,0.038226,0.033963,0.156895,0.156895,0.080086,0.085120,0.242015,-0.042020,-0.042020,0.027904,0.168926,0.126906,-0.109415,-0.109415,0.005765,0.170226,0.060810,0.909973,0.909973,0.088726,-0.319711,0.590263,0.368319,0.368319,0.004907,0.374795,0.743114
harvest_total,harvest_2023_00978,2023,2024,1,2,-0.039030,-0.039030,0.014516,0.067843,0.028813,-0.014788,-0.014788,0.002032,0.072889,0.058102,-0.025053,-0.025053,0.001109,0.066991,0.041938,0.059406,0.059406,0.081894,0.181783,0.241189,-0.077687,-0.077687,0.014934,0.225817,0.148130,-0.098904,-0.098904,0.000038,0.170521,0.071618,0.513126,0.513126,0.084581,0.039027,0.552153,0.253946,0.253946,0.059910,0.455917,0.709863
harvest_total,harvest_2023_00978,2023,2025,2,2,-0.017291,-0.017291,0.001430,0.047981,0.030690,-0.010958,-0.010958,0.000603,0.071425,0.060467,-0.016074,-0.016074,0.002274,0.058239,0.042165,0.035392,0.035392,0.089099,0.231799,0.267191,-0.066687,-0.066687,0.009916,0.213421,0.146734,-0.063030,-0.063030,0.012173,0.134476,0.071445,0.292503,0.292503,0.139912,0.285782,0.578285,0.122157,0.122157,0.066481,0.606812,0.728969
